{
    "nodeIdSource": "FIPS",
    "sourceUrl": "http://www.erh.noaa.gov/cae/svrwx/tornadobystate.htm",
    "data": [
        {
            "avg-tornadoes-per-10000sqmi": 4.53,
            "avg-tornadoes-per-yr": 23.0,
            "avg-deaths-per-yr": 6.0,
            "FIPS": 1
        },
        {
            "avg-tornadoes-per-10000sqmi": 0.0,
            "avg-tornadoes-per-yr": 0.0,
            "avg-deaths-per-yr": 0.0,
            "FIPS": 2
        },
        {
            "avg-tornadoes-per-10000sqmi": 0.35,
            "avg-tornadoes-per-yr": 4.0,
            "avg-deaths-per-yr": 0.0,
            "FIPS": 4
        },
        {
            "avg-tornadoes-per-10000sqmi": 3.95,
            "avg-tornadoes-per-yr": 21.0,
            "avg-deaths-per-yr": 5.0,
            "FIPS": 5
        },
        {
            "avg-tornadoes-per-10000sqmi": 0.26,
            "avg-tornadoes-per-yr": 4.0,
            "avg-deaths-per-yr": 0.0,
            "FIPS": 6
        },
        {
            "avg-tornadoes-per-10000sqmi": 2.32,
            "avg-tornadoes-per-yr": 24.0,
            "avg-deaths-per-yr": 0.0,
            "FIPS": 8
        },
        {
            "avg-tornadoes-per-10000sqmi": 2.05,
            "avg-tornadoes-per-yr": 1.0,
            "avg-deaths-per-yr": 0.13,
            "FIPS": 9
        },
        {
            "avg-tornadoes-per-10000sqmi": 5.18,
            "avg-tornadoes-per-yr": 1.0,
            "avg-deaths-per-yr": 0.0,
            "FIPS": 10
        },
        {
            "avg-tornadoes-per-10000sqmi": 9.59,
            "avg-tornadoes-per-yr": 52.0,
            "avg-deaths-per-yr": 2.0,
            "FIPS": 12
        },
        {
            "avg-tornadoes-per-10000sqmi": 3.61,
            "avg-tornadoes-per-yr": 21.0,
            "avg-deaths-per-yr": 1.0,
            "FIPS": 13
        },
        {
            "avg-tornadoes-per-10000sqmi": 1.56,
            "avg-tornadoes-per-yr": 1.0,
            "avg-deaths-per-yr": 0.0,
            "FIPS": 15
        },
        {
            "avg-tornadoes-per-10000sqmi": 0.24,
            "avg-tornadoes-per-yr": 2.0,
            "avg-deaths-per-yr": 0.0,
            "FIPS": 16
        },
        {
            "avg-tornadoes-per-10000sqmi": 4.86,
            "avg-tornadoes-per-yr": 27.0,
            "avg-deaths-per-yr": 5.0,
            "FIPS": 17
        },
        {
            "avg-tornadoes-per-10000sqmi": 6.41,
            "avg-tornadoes-per-yr": 23.0,
            "avg-deaths-per-yr": 7.0,
            "FIPS": 18
        },
        {
            "avg-tornadoes-per-10000sqmi": 6.25,
            "avg-tornadoes-per-yr": 35.0,
            "avg-deaths-per-yr": 0.0,
            "FIPS": 19
        },
        {
            "avg-tornadoes-per-10000sqmi": 4.65,
            "avg-tornadoes-per-yr": 36.0,
            "avg-deaths-per-yr": 2.0,
            "FIPS": 20
        },
        {
            "avg-tornadoes-per-10000sqmi": 2.52,
            "avg-tornadoes-per-yr": 10.0,
            "avg-deaths-per-yr": 3.0,
            "FIPS": 21
        },
        {
            "avg-tornadoes-per-10000sqmi": 6.07,
            "avg-tornadoes-per-yr": 27.0,
            "avg-deaths-per-yr": 2.0,
            "FIPS": 22
        },
        {
            "avg-tornadoes-per-10000sqmi": 2.22,
            "avg-tornadoes-per-yr": 2.0,
            "avg-deaths-per-yr": 0.0,
            "FIPS": 23
        },
        {
            "avg-tornadoes-per-10000sqmi": 3.05,
            "avg-tornadoes-per-yr": 3.0,
            "avg-deaths-per-yr": 0.07,
            "FIPS": 24
        },
        {
            "avg-tornadoes-per-10000sqmi": 3.83,
            "avg-tornadoes-per-yr": 3.0,
            "avg-deaths-per-yr": 0.0,
            "FIPS": 25
        },
        {
            "avg-tornadoes-per-10000sqmi": 3.16,
            "avg-tornadoes-per-yr": 18.0,
            "avg-deaths-per-yr": 3.0,
            "FIPS": 26
        },
        {
            "avg-tornadoes-per-10000sqmi": 2.39,
            "avg-tornadoes-per-yr": 19.0,
            "avg-deaths-per-yr": 2.0,
            "FIPS": 27
        },
        {
            "avg-tornadoes-per-10000sqmi": 5.51,
            "avg-tornadoes-per-yr": 26.0,
            "avg-deaths-per-yr": 10.0,
            "FIPS": 28
        },
        {
            "avg-tornadoes-per-10000sqmi": 3.92,
            "avg-tornadoes-per-yr": 27.0,
            "avg-deaths-per-yr": 2.0,
            "FIPS": 29
        },
        {
            "avg-tornadoes-per-10000sqmi": 0.34,
            "avg-tornadoes-per-yr": 5.0,
            "avg-deaths-per-yr": 0.0,
            "FIPS": 30
        },
        {
            "avg-tornadoes-per-10000sqmi": 4.7,
            "avg-tornadoes-per-yr": 36.0,
            "avg-deaths-per-yr": 0.7,
            "FIPS": 31
        },
        {
            "avg-tornadoes-per-10000sqmi": 0.09,
            "avg-tornadoes-per-yr": 1.0,
            "avg-deaths-per-yr": 0.0,
            "FIPS": 32
        },
        {
            "avg-tornadoes-per-10000sqmi": 2.22,
            "avg-tornadoes-per-yr": 2.0,
            "avg-deaths-per-yr": 0.0,
            "FIPS": 33
        },
        {
            "avg-tornadoes-per-10000sqmi": 4.02,
            "avg-tornadoes-per-yr": 3.0,
            "avg-deaths-per-yr": 0.0,
            "FIPS": 34
        },
        {
            "avg-tornadoes-per-10000sqmi": 0.74,
            "avg-tornadoes-per-yr": 9.0,
            "avg-deaths-per-yr": 0.0,
            "FIPS": 35
        },
        {
            "avg-tornadoes-per-10000sqmi": 1.06,
            "avg-tornadoes-per-yr": 5.0,
            "avg-deaths-per-yr": 0.0,
            "FIPS": 36
        },
        {
            "avg-tornadoes-per-10000sqmi": 2.87,
            "avg-tornadoes-per-yr": 14.0,
            "avg-deaths-per-yr": 2.0,
            "FIPS": 37
        },
        {
            "avg-tornadoes-per-10000sqmi": 2.39,
            "avg-tornadoes-per-yr": 20.0,
            "avg-deaths-per-yr": 0.0,
            "FIPS": 38
        },
        {
            "avg-tornadoes-per-10000sqmi": 3.9,
            "avg-tornadoes-per-yr": 16.0,
            "avg-deaths-per-yr": 5.0,
            "FIPS": 39
        },
        {
            "avg-tornadoes-per-10000sqmi": 6.85,
            "avg-tornadoes-per-yr": 47.0,
            "avg-deaths-per-yr": 3.0,
            "FIPS": 40
        },
        {
            "avg-tornadoes-per-10000sqmi": 0.1,
            "avg-tornadoes-per-yr": 1.0,
            "avg-deaths-per-yr": 0.0,
            "FIPS": 41
        },
        {
            "avg-tornadoes-per-10000sqmi": 2.23,
            "avg-tornadoes-per-yr": 10.0,
            "avg-deaths-per-yr": 2.0,
            "FIPS": 42
        },
        {
            "avg-tornadoes-per-10000sqmi": 2.22,
            "avg-tornadoes-per-yr": 0.23,
            "avg-deaths-per-yr": 0.0,
            "FIPS": 44
        },
        {
            "avg-tornadoes-per-10000sqmi": 3.31,
            "avg-tornadoes-per-yr": 10.0,
            "avg-deaths-per-yr": 1.0,
            "FIPS": 45
        },
        {
            "avg-tornadoes-per-10000sqmi": 3.69,
            "avg-tornadoes-per-yr": 28.0,
            "avg-deaths-per-yr": 0.0,
            "FIPS": 46
        },
        {
            "avg-tornadoes-per-10000sqmi": 2.91,
            "avg-tornadoes-per-yr": 12.0,
            "avg-deaths-per-yr": 3.0,
            "FIPS": 47
        },
        {
            "avg-tornadoes-per-10000sqmi": 5.23,
            "avg-tornadoes-per-yr": 137.0,
            "avg-deaths-per-yr": 8.0,
            "FIPS": 48
        },
        {
            "avg-tornadoes-per-10000sqmi": 0.24,
            "avg-tornadoes-per-yr": 2.0,
            "avg-deaths-per-yr": 0.0,
            "FIPS": 49
        },
        {
            "avg-tornadoes-per-10000sqmi": 1.08,
            "avg-tornadoes-per-yr": 1.0,
            "avg-deaths-per-yr": 0.0,
            "FIPS": 50
        },
        {
            "avg-tornadoes-per-10000sqmi": 1.51,
            "avg-tornadoes-per-yr": 6.0,
            "avg-deaths-per-yr": 0.0,
            "FIPS": 51
        },
        {
            "avg-tornadoes-per-10000sqmi": 0.15,
            "avg-tornadoes-per-yr": 1.0,
            "avg-deaths-per-yr": 0.0,
            "FIPS": 53
        },
        {
            "avg-tornadoes-per-10000sqmi": 3.31,
            "avg-tornadoes-per-yr": 10.0,
            "avg-deaths-per-yr": 1.0,
            "FIPS": 54
        },
        {
            "avg-tornadoes-per-10000sqmi": 3.86,
            "avg-tornadoes-per-yr": 21.0,
            "avg-deaths-per-yr": 1.0,
            "FIPS": 55
        },
        {
            "avg-tornadoes-per-10000sqmi": 1.13,
            "avg-tornadoes-per-yr": 11.0,
            "avg-deaths-per-yr": 0.0,
            "FIPS": 56
        }
    ],
    "name": "U.S. Reported Tornadoes and Average Number of Deaths per Year 1961-1990",
    "metadata": [
        {
            "Data_Item": "FIPS",
            "Item_Description": "FIPS state code"
        },
        {
            "Data_Item": "avg-tornadoes-per-yr",
            "Item_Description": "Average Number of Tornadoes per Year"
        },
        {
            "Data_Item": "avg-deaths-per-yr",
            "Item_Description": "Average Number of Deaths per Year"
        },
        {
            "Data_Item": "avg-tornadoes-per-10000sqmi",
            "Item_Description": "Average Number of Tornadoes Per 10,000 Sq Mi"
        }
    ]
}