Appling County School District,Baxley,Appling,(912) 367-8600,http://www.appling.k12.ga.us,6,PK-12
Atkinson County School District,Pearson,Atkinson,(912) 422-7373,http://www.atkinson.k12.ga.us,4,PK-12
Atlanta Public Schools,Atlanta,Fulton,(404) 802-3500,http://www.atlanta.k12.ga.us,94,PK-12
Bacon County School District,Alma,Bacon,(912) 632-7363,http://www.bcraiders.com,4,PK-12
Baker County School District,Newton,Baker,(229) 734-5346,http://www.baker.k12.ga.us,1,PK-12
Baldwin County School District,Milledgeville,Baldwin,(478) 453-4176,http://www.baldwin-county-schools.com,6,PK-12
Banks County School District,Homer,Banks,(706) 677-2224,http://www.banks.k12.ga.us,4,PK-12
Barrow County School District,Winder,Barrow,(770) 867-4527,http://www.barrow.k12.ga.us,15,PK-12
Bartow County School District,Cartersville,Bartow,(770) 606-5800,http://www.bartow.k12.ga.us,19,PK-12
Ben Hill County School District,Fitzgerald,Ben Hill,(229) 409-5500,http://www.ben-hill.k12.ga.us,4,PK-12
Berrien County School District,Nashville,Berrien,(229) 686-2081,http://www.berrien.k12.ga.us,5,PK-12
Bibb County School District,Macon,Bibb,(478) 765-8711,http://www.bibb.k12.ga.us,41,PK-12
Bleckley County School District,Cochran,Bleckley,(478) 934-2821,http://www.bleckley.k12.ga.us,5,PK-12
Brantley County School District,Nahunta,Brantley,(912) 462-6176,http://www.brantley.k12.ga.us/,7,PK-12
Bremen City School District,Bremen,Haralson,(770) 537-5508,http://www.bremencs.com,4,PK-12
Brooks County School District,Quitman,Brooks,(229) 263-7531,http://www.brookscountyschools.com/,4,PK-12
Bryan County School District,Black Creek,Bryan,(912) 851-4000,http://www.bryan.k12.ga.us,10,PK-12
Buford City School District,Buford,Gwinnett,(770) 945-5035,http://www.bufordcityschools.org,4,PK-12
Bulloch County School District,Statesboro,Bulloch,(912) 212-8500,http://www.bulloch.k12.ga.us,15,PK-12
Burke County School District,Waynesboro,Burke,(706) 554-5101,http://www.burke.k12.ga.us,5,PK-12
Butts County School District,Jackson,Butts,(770) 504-2300,http://www.butts.k12.ga.us,5,PK-12
Calhoun City School District,Calhoun,Gordon,(706) 629-2900,http://www.calhounschools.org,4,PK-12
Calhoun County School District,Morgan,Calhoun,(229) 849-2765,http://www.calhoun.k12.ga.us,3,PK-12
Camden County School District,Kingsland,Camden,(912) 729-5687,http://www.camden.k12.ga.us,12,PK-12
Candler County School District,Metter,Candler,(912) 685-5713,http://www.metter.org,4,PK-12
Carroll County School District,Carrollton,Carroll,(770) 832-3568,http://www.carrollcountyschools.com,25,PK-12
Carrollton City School District,Carrollton,Carroll,(770) 832-9633,http://www.carrolltoncityschools.net,4,PK-12
Cartersville City School District,Cartersville,Bartow,(770) 382-5880,http://www.cartersville.k12.ga.us,4,PK-12
Catoosa County School District,Ringgold,Catoosa,(706) 965-2297,http://www.catoosa.k12.ga.us,16,PK-12
Charlton County School District,Folkston,Charlton,(912) 496-2596,http://www.charlton.k12.ga.us/,4,PK-12
Chatham County School District,Savannah,Chatham,(912) 395-5600,http://www.savannah.chatham.k12.ga.us,56,PK-12
Chattahoochee County School District,Cusseta,Chattahoochee,(706) 989-3774,http://www.chattahoochee.k12.ga.us,3,PK-12
Chattooga County School District,Summerville,Chattooga,(706) 857-3447,http://www.chattooga.k12.ga.us,6,PK-12
Cherokee County School District,Canton,Cherokee,(770) 479-1871,http://www.cherokee.k12.ga.us,37,PK-12
Chickamauga City School District,Chickamauga,Walker,(706) 382-3100,http://www.chickamaugacityschools.org,3,PK-12
Clarke County School District,Athens,Clarke,(706) 546-7721,http://www.clarke.k12.ga.us,21,PK-12
Clay County School District,Fort Gaines,Clay,(229) 768-2232,http://www.clay.k12.ga.us,3,PK-10
Clayton County School District,Jonesboro,Clayton,(770) 473-2772,http://www.clayton.k12.ga.us,61,PK-12
Clinch County School District,Homerville,Clinch,(912) 487-5321,http://www.clinchcounty.com/,4,PK-12
Cobb County School District,Marietta,Cobb,(770) 426-3300,http://www.cobb.k12.ga.us,111,PK-12
Coffee County School District,Douglas,Coffee,(912) 384-2086,http://coffee.k12.ga.us,12,PK-12
Colquitt County School District,Moultrie,Colquitt,(229) 890-6200,http://www.colquitt.k12.ga.us,14,PK-12
Columbia County School District,Evans,Columbia,(706) 541-0650,http://www.ccboe.net,30,PK-12
Commerce City School District,Commerce,Jackson,(706) 335-5500,http://www.commerce-city.k12.ga.us,4,PK-12
Commission Charter Schools- Atlanta Heights Charter School School District,Atlanta,Fulton,(404) 999-9999,no website,1,K-8
Commission Charter Schools- Ccat School School District,Statesboro,Bulloch,(912) 764-5888,http://www.chartercat.org,1,6-12
Commission Charter Schools- Fulton Leadership Academy School District,Atlanta,Fulton,(404) 472-3529,no website,1,6-11
Commission Charter Schools- Pataula Charter Academy School District,Edison,Calhoun,(229) 835-3322,no website,1,K-11
Cook County School District,Adel,Cook,(229) 896-2294,http://www.cook.k12.ga.us,4,PK-12
Coweta County School District,Newnan,Coweta,(770) 254-2801,http://www.coweta.k12.ga.us,29,PK-12
Crawford County School District,Roberta,Crawford,(478) 836-3131,http://www.crawford.k12.ga.us,3,PK-12
Crisp County School District,Cordele,Crisp,(229) 276-3400,http://www.crispschools.org/,5,PK-12
Dade County School District,Trenton,Dade,(706) 657-4361,http://www.dadecountyschools.org,4,PK-12
Dalton City School District,Dalton,Whitfield,(706) 278-8766,http://www.daltonpublicschools.com,9,PK-12
Dawson County School District,Dawsonville,Dawson,(706) 265-3246,http://www.dawsoncountyschools.org,7,PK-12
Decatur City School District,Decatur,Dekalb,(404) 370-4400,http://www.csdecatur.net,8,PK-12
Decatur County School District,Bainbridge,Decatur,(229) 248-2200,http://www.dcboe.com,8,PK-12
Dekalb County School District,Stone Mountain,Dekalb,(678) 676-1200,http://www.dekalb.k12.ga.us,132,PK-12
Department Of Labor,Atlanta,Fulton,(404) 232-3540,no website,1,K-12
Dodge County School District,Eastman,Dodge,(478) 374-3783,http://www.dodge.k12.ga.us,5,PK-12
Dooly County School District,Vienna,Dooly,(229) 268-4761,http://www.doolyschools.com/,3,PK-12
Dougherty County School District,Albany,Dougherty,(229) 431-1285,http://www.docoschools.org/,23,PK-12
Douglas County School District,Douglasville,Douglas,(770) 651-2000,http://www.douglas.k12.ga.us,35,PK-12
Dublin City School District,Dublin,Laurens,(478) 272-3440,http://boe.dublincityschools.us/,7,PK-12
Early County School District,Blakely,Early,(229) 723-4337,http://www.early.k12.ga.us,3,PK-12
Echols County School District,Statenville,Echols,(229) 559-5734,http://www.echols.k12.ga.us,2,PK-12
Effingham County School District,Springfield,Effingham,(912) 754-6491,http://www.effinghamschools.com,13,PK-12
Elbert County School District,Elberton,Elbert,(706) 213-4000,http://www.elbert.k12.ga.us,6,PK-12
Emanuel County School District,Swainsboro,Emanuel,(478) 237-6674,http://www.emanuel.k12.ga.us,7,PK-12
Evans County School District,Claxton,Evans,(912) 739-3544,http://www.evans.k12.ga.us,3,PK-12
Fannin County School District,Blue Ridge,Fannin,(706) 632-3771,http://www.fannin.k12.ga.us,5,PK-12
Fayette County School District,Fayetteville,Fayette,(770) 460-3535,http://www.fcboe.org,24,PK-12
Floyd County School District,Rome,Floyd,(706) 234-1031,http://www.floydboe.net,18,PK-12
Forsyth County School District,Cumming,Forsyth,(770) 887-2461,http://www.forsyth.k12.ga.us,35,PK-12
Fort Stewart District,Fort Stewart,Liberty,(912) 369-6691,no website,1,PK-6
Franklin County School District,Carnesville,Franklin,(706) 384-4554,http://www.franklin.k12.ga.us,6,PK-12
Fulton County School District,Atlanta,Fulton,(404) 763-6890,http://www.fultonschools.org,103,PK-12
Gainesville City School District,Gainesville,Hall,(770) 536-5275,http://www.gcssk12.net,8,PK-12
Georgia Alabama School District,Fort Benning,Chattahoochee,(706) 545-2500,no website,5,PK-8
Georgia Cyber Academy,Atlanta,Fulton,(866) 523-3162,http://www.k12.com/gca,1,K-12
Gilmer County School District,Ellijay,Gilmer,(706) 276-5000,http://www.gilmerschools.com,6,PK-12
Glascock County School District,Gibson,Glascock,(706) 598-2291,http://www.glascock.k12.ga.us/,1,PK-12
Glynn County School District,Brunswick,Glynn,(912) 267-4100,http://www.glynn.k12.ga.us,18,PK-12
Gordon County School District,Calhoun,Gordon,(706) 629-7366,http://www.gcbe.org,11,PK-12
Grady County School District,Cairo,Grady,(229) 377-3701,http://www.grady.k12.ga.us,7,PK-12
Greene County School District,Greensboro,Greene,(706) 453-7688,http://www.greene.k12.ga.us,5,PK-12
Gwinnett County School District,Suwanee,Gwinnett,(678) 301-6000,http://www.gwinnett.k12.ga.us,134,PK-12
Habersham County School District,Clarkesville,Habersham,(706) 754-2118,http://www.habershamschools.com,14,PK-12
Hall County School District,Gainesville,Hall,(770) 534-1080,http://www.hallco.org,33,PK-12
Hancock County School District,Sparta,Hancock,(706) 444-5775,http://www.hancock.k12.ga.us,3,PK-12
Haralson County School District,Buchanan,Haralson,(770) 646-3882,http://www.haralson.k12.ga.us,6,PK-12
Harris County School District,Hamilton,Harris,(706) 628-4206,http://www.harris.k12.ga.us,7,PK-12
Hart County School District,Hartwell,Hart,(706) 376-5141,http://www.hart.k12.ga.us,5,PK-12
Heard County School District,Franklin,Heard,(706) 675-3320,http://www.heard.k12.ga.us,5,PK-12
Henry County School District,Mcdonough,Henry,(770) 957-6601,http://www.henry.k12.ga.us,50,PK-12
Houston County School District,Perry,Houston,(478) 988-6200,http://www.hcbe.net,37,PK-12
Irwin County School District,Ocilla,Irwin,(229) 468-7485,http://www.irwin.k12.ga.us,3,PK-12
Jackson County School District,Jefferson,Jackson,(706) 367-5151,http://www.jackson.k12.ga.us,11,PK-12
Jasper County School District,Monticello,Jasper,(706) 468-6350,http://www.jasper.k12.ga.us,4,PK-12
Jeff Davis County School District,Hazlehurst,Jeff Davis,(912) 375-6700,http://www.jeff-davis.k12.ga.us,4,PK-12
Jefferson City School District,Jefferson,Jackson,(706) 367-2880,http://www.jeffcityschools.org,4,PK-12
Jefferson County School District,Louisville,Jefferson,(478) 625-7626,http://www.jefferson.k12.ga.us,6,PK-12
Jenkins County School District,Millen,Jenkins,(478) 982-6000,http://www.jchs.com/,3,PK-12
Johnson County School District,Wrightsville,Johnson,(478) 864-3302,http://www.johnson.k12.ga.us,3,PK-12
Jones County School District,Gray,Jones,(478) 986-3032,http://www.jones.k12.ga.us,8,PK-12
Lamar County School District,Barnesville,Lamar,(770) 358-5891,http://www.lamar.k12.ga.us,4,PK-12
Lanier County School District,Lakeland,Lanier,(229) 482-3966,http://www.lanier.k12.ga.us,4,PK-12
Laurens County School District,Dublin,Laurens,(478) 272-4767,http://www.lcboe.net,8,PK-12
Lee County School District,Leesburg,Lee,(229) 903-2100,http://www.lee.k12.ga.us,8,PK-12
Liberty County School District,Hinesville,Liberty,(912) 876-2161,http://www.liberty.k12.ga.us,13,PK-12
Lincoln County School District,Lincolnton,Lincoln,(706) 359-3742,http://www.lincolncountyschools.org,3,PK-12
Long County School District,Ludowici,Long,(912) 545-2367,http://www.long.k12.ga.us,4,K-12
Lowndes County School District,Valdosta,Lowndes,(229) 245-2250,http://www.lowndes.k12.ga.us,11,PK-12
Lumpkin County School District,Dahlonega,Lumpkin,(706) 864-3611,http://www.lumpkin.k12.ga.us,5,PK-12
Macon County School District,Oglethorpe,Macon,(478) 472-8188,http://www.macon.k12.ga.us,3,PK-12
Madison County School District,Danielsville,Madison,(706) 795-2191,http://www.madison.k12.ga.us,7,PK-12
Marietta City School District,Marietta,Cobb,(770) 422-3500,http://www.marietta-city.k12.ga.us,12,PK-12
Marion County School District,Buena Vista,Marion,(229) 649-2234,http://www.marion.k12.ga.us,2,PK-12
Mcduffie County School District,Thomson,Mcduffie,(706) 986-4000,http://www.mcduffie.k12.ga.us,6,PK-12
Mcintosh County School District,Darien,Mcintosh,(912) 437-6645,http://www.mcintosh.k12.ga.us,4,PK-12
Meriwether County School District,Greenville,Meriwether,(706) 672-4297,http://www.mcssga.org,6,PK-12
Miller County School District,Colquitt,Miller,(229) 758-5592,http://www.miller.k12.ga.us,3,PK-12
Mitchell County School District,Camilla,Mitchell,(229) 336-2100,http://www.mitchell.k12.ga.us,5,PK-12
Monroe County School District,Forsyth,Monroe,(478) 994-2031,http://www.monroe.k12.ga.us,5,PK-12
Montgomery County School District,Mount Vernon,Montgomery,(912) 583-2301,http://www.montgomery.k12.ga.us,4,PK-12
Morgan County School District,Madison,Morgan,(706) 752-4600,http://www.morgan.k12.ga.us,4,PK-12
Murray County School District,Chatsworth,Murray,(706) 695-4531,http://www.murray.k12.ga.us,11,PK-12
Muscogee County School District,Columbus,Muscogee,(706) 748-2000,http://www.mcsdga.net,54,PK-12
Newton County School District,Covington,Newton,(770) 787-1330,http://www.newtoncountyschools.org,23,PK-12
Oconee County School District,Watkinsville,Oconee,(706) 769-5130,http://www.oconee.k12.ga.us,10,PK-12
Oglethorpe County School District,Lexington,Oglethorpe,(706) 743-8128,http://www.oglethorpe.k12.ga.us,4,PK-12
Paulding County School District,Dallas,Paulding,(770) 443-8000,http://www.paulding.k12.ga.us,33,PK-12
Peach County School District,Fort Valley,Peach,(478) 825-5933,http://www.peachschools.org,6,PK-12
Pelham City School District,Pelham,Mitchell,(229) 294-8715,http://www.pelham-city.k12.ga.us,3,PK-12
Pickens County School District,Jasper,Pickens,(706) 253-1700,http://www.pickens.k12.ga.us,7,PK-12
Pierce County School District,Blackshear,Pierce,(912) 449-2044,http://www.pierce.k12.ga.us,5,PK-12
Pike County School District,Zebulon,Pike,(770) 567-8489,http://www.pike.k12.ga.us,4,PK-12
Polk County School District,Cedartown,Polk,(770) 748-3821,http://www.polk.k12.ga.us,11,PK-12
Pulaski County School District,Hawkinsville,Pulaski,(478) 783-7200,http://www.pulaski.k12.ga.us,4,PK-12
Putnam County School District,Eatonton,Putnam,(706) 485-5381,http://www.putnam.k12.ga.us,4,PK-12
Quitman County School District,Georgetown,Quitman,(229) 334-4298,http://www.quitman.k12.ga.us,2,PK-12
Rabun County School District,Clayton,Rabun,(706) 746-5376,http://www.rabun.k12.ga.us,4,PK-12
Randolph County School District,Cuthbert,Randolph,(229) 732-2641,http://www.sowegak12.org/,3,PK-12
Richmond County School District,Augusta,Richmond,(706) 826-1000,http://www.richmond.k12.ga.us,57,PK-12
Rockdale County School District,Conyers,Rockdale,(770) 483-4713,http://www.rockdale.k12.ga.us,18,PK-12
Rome City School District,Rome,Floyd,(706) 236-5050,http://www.rcs.rome.ga.us,9,PK-12
Schley County School District,Ellaville,Schley,(229) 937-2405,http://www.schleyk12.org/,2,PK-12
Screven County School District,Sylvania,Screven,(912) 564-7114,http://www.screven.k12.ga.us,3,PK-12
Seminole County School District,Donalsonville,Seminole,(229) 524-2433,http://www.seminole.k12.ga.us,2,PK-12
Social Circle City School District,Social Circle,Walton,(770) 464-2731,http://scboe.org,4,PK-12
Spalding County School District,Griffin,Spalding,(770) 229-3700,http://www.spalding.k12.ga.us,18,PK-12
State Charter Schools Provost Academy Georgia,Atlanta,Fulton,(404) 577-8593,no website,1,9-12
State Charter Schools- Cherokee Charter Academy School District,Canton,Cherokee,(678) 385-7322,no website,1,K-8
State Charter Schools- Dubois Integrity Academy I,Riverdale,Clayton,no phone #,no website,1,K-4
State Charter Schools- Foothills Charter High School (Madison Campus),Danielsville,Madison,no phone #,no website,1,9-12
State Charter Schools- Georgia Connections Academy School District,Duluth,Gwinnett,(678) 379-3481,no website,1,K-12
