Alaska Gateway School District,Tok,Southeast Fairbanks Census Area,(907) 883-5151,no website,8,PK-12
Aleutian Region School District,Anchorage,Anchorage Municipality,(907) 277-2648,no website,3,PK-12
Aleutians East Borough School District,Sand Point,Aleutians East Borough,(907) 383-5222,no website,6,PK-12
Anchorage School District,Anchorage,Anchorage Municipality,(907) 742-4312,http://www.asdk12.org/,97,PK-12
Annette Island School District,Metlakatla,Prince Of Wales-Hyder Census Area,(907) 886-6332,no website,3,PK-12
Bering Strait School District,Unalakleet,Nome Census Area,(907) 624-4261,no website,15,PK-12
Bristol Bay Borough School District,Naknek,Bristol Bay Borough,(907) 246-4225,no website,2,PK-12
Chatham School District,Angoon,Hoonah-Angoon Census Area,(907) 788-3302,no website,5,PK-12
Chugach School District,Anchorage,Anchorage Municipality,(907) 522-7400,http://www.chugachschools.com/,4,PK-12
Copper River School District,Glennallen,Valdez-Cordova Census Area,(907) 822-3234,no website,8,PK-12 & Ungraded
Cordova City School District,Cordova,Valdez-Cordova Census Area,(907) 424-3265,no website,2,PK-12
Craig City School District,Craig,Prince Of Wales-Hyder Census Area,(907) 826-3274,no website,5,PK-12
Delta Greely School District,Delta Junction,Southeast Fairbanks Census Area,(907) 895-4657,no website,7,PK-12
Denali Borough School District,Healy,Denali Borough,(907) 683-2278,no website,4,PK-12
Dillingham City School District,Dillingham,Dillingham Census Area,(907) 842-5223,no website,3,PK-12
Fairbanks North Star Borough School District,Fairbanks,Fairbanks North Star Borough,(907) 452-2000,http://www.k12northstar.org/,34,PK-12
Galena City School District,Galena,Yukon-Koyukuk Census Area,(907) 656-1205,http://www.galenaalaska.org/,4,PK-12
Haines Borough School District,Haines,Haines Borough,(907) 766-6725,no website,4,PK-12
Hoonah City School District,Hoonah,Hoonah-Angoon Census Area,(907) 945-3611,no website,2,PK-12
Hydaburg City School District,Hydaburg,Prince Of Wales-Hyder Census Area,(907) 285-3491,no website,1,PK-12
Iditarod Area School District,Mcgrath,Yukon-Koyukuk Census Area,(907) 524-3033,no website,9,PK-12 & Ungraded
Juneau Borough School District,Juneau,Juneau City And Borough,(907) 523-1702,no website,13,PK-12
Kake City School District,Kake,Petersburg Census Area,(907) 785-3741,http://www.kakeschools.com/,1,PK-12
Kashunamiut School District,Chevak,Wade Hampton Census Area,(907) 858-6195,no website,1,PK-12
Kenai Peninsula Borough School District,Soldotna,Kenai Peninsula Borough,(907) 714-8888,http://www.kpbsd.k12.ak.us/,43,PK-12
Ketchikan Gateway Borough School District,Ketchikan,Ketchikan Gateway Borough,(907) 247-2109,no website,9,PK-12
Klawock City School District,Klawock,Prince Of Wales-Hyder Census Area,(907) 755-2917,no website,1,PK-12
Kodiak Island Borough School District,Kodiak,Kodiak Island Borough,(907) 481-6200,no website,16,PK-12 & Ungraded
Kuspuk School District,Aniak,Bethel Census Area,(907) 675-4250,no website,10,PK-12
Lake And Peninsula Borough School District,King Salmon,Bristol Bay Borough,(907) 246-4280,no website,15,PK-12
Lower Kuskokwim School District,Bethel,Bethel Census Area,(907) 543-4810,no website,27,PK-12
Lower Yukon School District,Mountain Village,Wade Hampton Census Area,(907) 591-2411,http://www.loweryukon.org/,11,PK-12
Matanuska-Susitna Borough School District,Palmer,Matanuska-Susitna Borough,(907) 746-9255,http://www.matsuk12.us/,44,PK-12
Mount Edgecumbe High School Agency,Sitka,Sitka City And Borough,(907) 966-3200,no website,1,9-12
Nenana City School District,Nenana,Yukon-Koyukuk Census Area,(907) 832-5464,no website,2,PK-12
Nome Public Schools,Nome,Nome Census Area,(907) 443-6191,no website,4,PK-12
North Slope Borough School District,Barrow,North Slope Borough,(907) 852-5311,http://www.nsbsd.org,11,PK-12
Northwest Arctic Borough School District,Kotzebue,Northwest Arctic Borough,(907) 442-3472,no website,12,PK-12
Pelican City School District,Pelican,Hoonah-Angoon Census Area,(907) 735-2236,no website,1,K-12
Petersburg City School District,Petersburg,Petersburg Census Area,(907) 772-4271,no website,3,PK-12
Pribilof School District,St Paul Island,Aleutians West Census Area,(907) 546-3337,no website,2,PK-12
Saint Mary's School District,St Mary's,Wade Hampton Census Area,(907) 438-2411,no website,1,PK-12
Sitka School District,Sitka,Sitka City And Borough,(907) 747-8622,no website,6,PK-12
Skagway City School District,Skagway,Skagway Municipality,(907) 983-2960,no website,1,PK-12
Southeast Island School District,Thorne Bay,Prince Of Wales-Hyder Census Area,(907) 828-8254,no website,11,PK-12
Southwest Region School District,Dillingham,Dillingham Census Area,(907) 842-5287,no website,8,PK-12
Tanana City School District,Tanana,Yukon-Koyukuk Census Area,(907) 366-7203,no website,1,PK-12
Unalaska City School District,Unalaska,Aleutians West Census Area,(907) 581-3151,no website,2,PK-12
Valdez City School District,Valdez,Valdez-Cordova Census Area,(907) 835-4357,no website,3,PK-12
Wrangell Public School District,Wrangell,Wrangell City And Borough,(907) 874-2347,no website,4,PK-12
Yakutat School District,Yakutat,Yakutat City And Borough,(907) 784-3317,no website,1,PK-12
Yukon Flats School District,Fort Yukon,Yukon-Koyukuk Census Area,(907) 662-2515,no website,9,PK-12
Yukon Koyukuk School District,Fairbanks,Fairbanks North Star Borough,(907) 374-9400,http://yksd.com/yksd/site/default.asp,10,PK-12
Yupiit School District,Akiachak,Bethel Census Area,(907) 825-3600,no website,3,PK-12
