Al Institute Deaf And Blind,Talladega,Talladega,(256) 761-3200,no website,4,K-12
Alabama School Of Fine Arts,Birmingham,Jefferson,(205) 252-9241,http://www.asfa.k12.al.us,1,7-12
Alabama Youth Services,Mt Meigs,Montgomery,(334) 215-3850,http://www.dys.alabama.gov,5,K-12
Alabaster City,Alabaster,Shelby,(205) 663-8400,http://www.alabasterschools.org/,6,K-12
Albertville City School District,Albertville,Marshall,(256) 891-1183,http://www.albertk12.org,6,PK-12
Alexander City School District,Alexander City,Tallapoosa,(256) 234-8698,http://www.alex.k12.al.us,5,K-12
Andalusia City School District,Andalusia,Covington,(334) 222-3186,http://www.andalusiacityschools.net,3,K-12
Anniston City School District,Anniston,Calhoun,(256) 231-5000,http://www.annistonschools.com,8,PK-12
Arab City School District,Arab,Marshall,(256) 586-6011,http://www.arabcityschools.org,4,PK-12
Athens City School District,Athens,Limestone,(256) 233-6600,http://www.acs-k12.org,7,K-12
Attalla City School District,Attalla,Etowah,(256) 538-8051,http://www.attalla.k12.al.us,4,PK-12
Auburn City School District,Auburn,Lee,(334) 887-2100,http://www.auburnschools.org,12,K-12
Autauga County School District,Prattville,Autauga,(334) 365-5706,http://www.acboe.net/,15,K-12
Baldwin County School District,Bay Minette,Baldwin,(251) 937-0308,http://www.bcbe.org,47,PK-12
Barbour County School District,Clayton,Barbour,(334) 775-3453,no website,4,PK-12
Bessemer City School District,Bessemer,Jefferson,(205) 432-3000,http://www.bessk12.org,9,PK-12
Bibb County School District,Centreville,Bibb,(205) 926-9881,http://www.bibbed.org/,10,K-12
Birmingham City School District,Birmingham,Jefferson,(205) 231-4220,http://www.birmingham.schoolinsites.com,80,PK-12
Blount County School District,Oneonta,Blount,(205) 625-4102,http://www.blountboe.net,17,PK-12
Boaz City School District,Boaz,Marshall,(256) 593-8180,http://www.boazk12.org,5,PK-12
Boyd School,Green Pond,Tuscaloosa,(205) 938-7663,no website,1,K-2
Brantwood Children's Home School District,Montgomery,Montgomery,(334) 834-5512,no website,1,K-2
Brewton City School District,Brewton,Escambia,(251) 867-8400,http://www.brewtoncityschools.org/,3,K-12
Bryce Adolescent School,Tuscaloosa,Tuscaloosa,(205) 759-0593,no website,1,5-12
Bullock County School District,Union Springs,Bullock,(334) 738-2860,http://www.bullock.k12.al.us,5,K-12
Butler County School District,Greenville,Butler,(334) 382-2665,http://www.butlerco.k12.al.us,7,PK-12
Calhoun County School District,Anniston,Calhoun,(256) 741-7400,http://www.calhoun.k12.al.us,19,PK-12
Chambers County School District,Lafayette,Chambers,(334) 864-9343,http://www.chambersk12.org,11,PK-12
Cherokee County School District,Centre,Cherokee,(256) 927-3362,http://www.cherokeek12.org,8,PK-12
Chilton County School District,Clanton,Chilton,(205) 280-3000,http://www.chilton.k12.al.us,14,PK-12
Choctaw County School District,Butler,Choctaw,(205) 459-3031,http://choctawcounty.schoolinsites.com,5,K-12
Clarke County School District,Grove Hill,Clarke,(251) 275-3255,http://www.clarkecountyschools.org,8,PK-12
Clay County School District,Ashland,Clay,(256) 354-5414,http://www.claycoboe.org,6,K-12
Cleburne County School District,Heflin,Cleburne,(256) 463-5624,http://www.cleburneschools.net,8,PK-12
Coffee County School District,Elba,Coffee,(334) 897-5016,http://www.coffeecountyschools.org,4,PK-12
Colbert County School District,Tuscumbia,Colbert,(256) 386-8565,http://www.colbert.k12.al.us,9,PK-12
Compass Academy,Evergreen,Conecuh,(251) 578-0017,no website,1,K-2
Compass School,Atmore,Escambia,(334) 242-9700,no website,1,K-2
Conecuh County School District,Evergreen,Conecuh,(251) 578-1752,no website,6,PK-12
Coosa County School District,Rockford,Coosa,(256) 377-4913,http://coosaschools.k12.al.us,4,K-12
Covington County School District,Andalusia,Covington,(334) 222-7571,http://www.cov.k12.al.us,10,PK-12
Crenshaw County School District,Luverne,Crenshaw,(334) 335-6519,http://www.crenshawcounty.schoolinsites.com,4,PK-12
Cullman City School District,Cullman,Cullman,(256) 734-2233,http://www.cullmancats.net,7,K-12
Cullman County School District,Cullman,Cullman,(256) 734-2933,http://www.ccboe.org,29,PK-12
Dale County School District,Ozark,Dale,(334) 774-2355,http://www.dalecountyboe.org,7,K-12
Daleville City School District,Daleville,Dale,(334) 598-2456,http://www.daleville.k12.al.us,2,K-12
Dallas County School District,Selma,Dallas,(334) 876-4498,http://www.dallask12.org,14,K-12
Decatur City School District,Decatur,Morgan,(256) 552-3000,http://www.dcs.edu,20,PK-12
Dekalb County School District,Fort Payne,Dekalb,(256) 638-6921,http://www.dekalbk12.org,15,K-12
Demopolis City School District,Demopolis,Marengo,(334) 289-1670,http://www.demopoliscityschools.com,4,PK-12
Developing Alabama Youth Prog School District,Alabaster,Shelby,(205) 664-1600,no website,1,K-2
Dothan City School District,Dothan,Houston,(334) 794-1407,http://www.dothan.k12.al.us,21,PK-12
Elba City School District,Elba,Coffee,(334) 897-2801,http://www.elbaed.com,3,K-12
Elmore County School District,Wetumpka,Elmore,(334) 567-1200,http://www.elmoreco.com,15,PK-12
Enterprise City School District,Enterprise,Coffee,(334) 347-9531,no website,11,PK-12
Escambia County School District,Brewton,Escambia,(251) 867-6251,http://escambiak12.net,14,PK-12
Etowah Academy,East Gadsden,Etowah,(256) 494-9356,no website,1,K-2
Etowah County School District,Gadsden,Etowah,(256) 549-7578,http://www.ecboe.org,23,PK-12
Eufaula City School District,Eufaula,Barbour,(334) 687-1100,http://www.ecs.k12.al.us,6,PK-12
Excel Institute School District,Gadsden,Etowah,(256) 546-9176,no website,2,K-2
Fairfield City School District,Fairfield,Jefferson,(205) 783-6850,http://www.fairfield.k12.al.us,7,K-12
Fayette County School District,Fayette,Fayette,(205) 932-4611,http://www.fayette.k12.al.us,6,PK-12
Florence City School District,Florence,Lauderdale,(256) 768-3016,http://www.fcs.k12.al.us,9,PK-12
Fort Payne City School District,Fort Payne,Dekalb,(256) 845-0915,http://www.ftpayk12.org,4,PK-12
Franklin County School District,Russellville,Franklin,(256) 332-1360,http://www.franklin.k12.al.us,9,PK-12
Gadsden City School District,Gadsden,Etowah,(256) 549-2903,http://www.gcs.k12.al.us,15,PK-12
Geneva City School District,Geneva,Geneva,(334) 684-1090,http://www.genevacityschools.com,3,K-12
Geneva County School District,Geneva,Geneva,(334) 684-5690,http://www.genevacountyschools.com,9,K-12
Glenwood Mental Health Service,Birmingham,Jefferson,(205) 969-2880,no website,4,K-2
Greene County School District,Eutaw,Greene,(205) 372-4900,http://www.greene.k12.al.us,6,K-12
Guntersville City School District,Guntersville,Marshall,(256) 582-3159,http://www.guntersvilleboe.com,4,K-12
Hale County School District,Greensboro,Hale,(334) 624-8836,http://www.halek12.org,10,PK-12
Haleyville City School District,Haleyville,Winston,(205) 486-9231,http://www.havc.k12.al.us,4,PK-12
Hartselle City School District,Hartselle,Morgan,(256) 773-5419,http://www.hartselletigers.org,6,PK-12
Henry County School District,Abbeville,Henry,(334) 585-2206,http://www.henrycountyboe.org,9,PK-12
Higdon Hill School,Birmingham,Jefferson,(256) 546-6324,no website,1,K-2
Homewood City School District,Homewood,Jefferson,(205) 870-4203,http://www.homewood.k12.al.us,5,PK-12
Hoover City School District,Hoover,Jefferson,(205) 439-1015,http://www.hoover.k12.al.us,17,PK-12
Houston County School District,Dothan,Houston,(334) 792-8331,http://www.hcboe.us,11,PK-12
Huntsville City School District,Huntsville,Madison,(256) 428-6800,http://www.huntsvillecityschools.org,48,PK-12
Jackson County School District,Scottsboro,Jackson,(256) 259-9500,http://www.jackson.k12.al.us,19,PK-12
Jacksonville City School District,Jacksonville,Calhoun,(256) 782-5682,http://www.jacksonville.k12.al.us,2,K-12
Jasper City School District,Jasper,Walker,(205) 384-6880,http://www.jasper.k12.al.us,6,PK-12
Jefferson County School District,Birmingham,Jefferson,(205) 379-2000,http://www.jefcoed.com,62,K-12
Lamar County School District,Vernon,Lamar,(205) 695-7615,http://www.lamarcountyschools.net,5,K-12
Lanett City School District,Lanett,Chambers,(334) 644-5900,http://www.lanettcityschools.org,3,K-12
Lauderdale County School District,Florence,Lauderdale,(256) 760-1300,http://www.lcschools.org,13,PK-12
Lawrence County School District,Moulton,Lawrence,(256) 905-2400,http://www.lawrenceal.org,15,PK-12
Learning Tree Inc School District,Eight Mile,Mobile,(334) 649-4420,no website,1,K-2
Lee County School District,Opelika,Lee,(334) 745-9770,http://www.lee.k12.al.us,13,PK-12
Leeds City School District,Leeds,Jefferson,(205) 699-5437,http://www.leedsk12.org,3,K-12
Limestone County School District,Athens,Limestone,(256) 232-5353,http://www.lcsk12.org,13,PK-12
Linden City School District,Linden,Marengo,(334) 295-8802,http://www.lindencity.org,4,PK-12
Lowndes County School District,Hayneville,Lowndes,(334) 548-2131,http://www.lowndesboe.org,9,K-12
Macon County School District,Tuskegee,Macon,(334) 727-1600,http://www.maconk12.org,8,PK-12
Madison City School District,Madison,Madison,(256) 464-8370,http://www.madisoncity.k12.al.us,11,PK-12
Madison County School District,Huntsville,Madison,(256) 852-2557,http://www.madison.k12.al.us,31,PK-12
Marengo County School District,Linden,Marengo,(334) 295-4123,http://marengocounty.schoolinsites.com,5,K-12
Marion County School District,Hamilton,Marion,(205) 921-3191,http://www.mcbe.net,12,PK-12
Marshall County School District,Guntersville,Marshall,(256) 582-3171,http://www.marshallk12.org,15,PK-12
Midfield City School District,Midfield,Jefferson,(205) 923-2262,http://www.midfield.k12.al.us,4,K-12
Mobile County School District,Mobile,Mobile,(251) 221-4394,http://www.mcpss.com,112,PK-12
Monroe County School District,Monroeville,Monroe,(251) 575-2168,http://www.monroe.k12.al.us,11,PK-12
Montgomery County School District,Montgomery,Montgomery,(334) 223-6710,http://www.mps.k12.al.us,64,PK-12
Morgan County School District,Decatur,Morgan,(256) 353-6442,http://www.morgank12.org,20,PK-12
Mountain Brook City School District,Mountain Brook,Jefferson,(205) 871-4608,http://www.mtnbrook.k12.al.us,6,K-12
Muscle Shoals City School District,Muscle Shoals,Colbert,(256) 389-2607,http://www.mscs.k12.al.us,7,PK-12
Oneonta City School District,Oneonta,Blount,(205) 625-4106,http://www.oneontacityschools.com,2,K-12
Opelika City School District,Opelika,Lee,(334) 745-9700,http://www.opelikaschools.org/,9,PK-12
Opp City School District,Opp,Covington,(334) 493-3173,http://www.oppcityschools.com,3,K-12
Oxford City School District,Oxford,Calhoun,(256) 241-3140,http://www.oxford.k12.al.us,7,K-12
Ozark City School District,Ozark,Dale,(334) 774-5197,http://www.ocbe.k12.al.us,7,K-12
Pathway Inc School District,Enterprise,Coffee,(334) 894-5405,no website,1,K-2
Pell City School District,Pell City,St. Clair,(205) 884-4440,http://www.pellcityschools.net,8,PK-12
Perry County School District,Marion,Perry,(334) 683-6528,http://www.pcschooldistrict.org,5,K-12
Phenix City School District,Phenix City,Russell,(334) 298-0534,http://www.pcboe.net,12,PK-12
Pickens County School District,Reform,Pickens,(205) 367-2080,http://www.pcboe.org,10,PK-12
Piedmont City School District,Piedmont,Calhoun,(256) 447-8831,http://www.piedmont.k12.al.us/websites/PiedmontCitySchools/PiedmontCityDistrict/,3,K-12
Pike County School District,Troy,Pike,(334) 566-1850,http://www.pikecountyschools.com,7,PK-12
Pointe Academy,Mobile,Mobile,(334) 470-1798,no website,1,K-2
Randolph County School District,Wedowee,Randolph,(256) 357-4611,http://www.randolph.k12.al.us,7,K-12
Roanoke City School District,Roanoke,Randolph,(334) 863-2628,http://www.roanokecityschools.org,4,K-12
Russell County School District,Seale,Russell,(334) 298-8791,http://rcsd-al.schoolloop.com/,10,PK-12
Russellville City School District,Russellville,Franklin,(256) 331-2001,http://www.rcs.k12.al.us,4,K-12
Safetynet Academy,Birmingham,Jefferson,(334) 872-6196,no website,4,K-2, 6-12
Saraland City School District,Saraland,Mobile,(251) 375-5420,http://www.saralandboe.com,3,PK-4, 6-12
Scottsboro City School District,Scottsboro,Jackson,(256) 218-2100,http://www.scottsboroschools.net,6,K-12
Selma City School District,Selma,Dallas,(334) 874-1600,http://www.selmacityschools.org,14,PK-12
Sheffield City School District,Sheffield,Colbert,(256) 383-0400,http://www.scs.k12.al.us,4,PK-12
Shelby County School District,Columbiana,Shelby,(205) 682-7000,http://www.shelbyed.k12.al.us,35,PK-12
St Clair County School District,Ashville,St. Clair,(205) 594-7131,http://www.sccboe.org,19,PK-12
Sumter County School District,Yorkville,Sumter,(205) 652-9605,no website,7,PK-12
Sylacauga City School District,Sylacauga,Talladega,(256) 245-5256,http://www.sylacauga.k12.al.us,5,PK-12
Talladega City School District,Talladega,Talladega,(256) 315-5635,no website,8,PK-12
Talladega County School District,Talladega,Talladega,(256) 315-5100,no website,18,K-12
Tallapoosa County School District,Dadeville,Tallapoosa,(256) 825-1020,http://www.tallapoosak12.org,6,K-12
Tallassee City School District,Tallassee,Elmore,(334) 283-6864,http://www.tcschools.com,3,K-12
Tarrant City School District,Tarrant,Jefferson,(205) 849-3700,http://www.tarrant.k12.al.us,6,K-12
The Bridge Ii School District,Gadsden,Etowah,(256) 546-6324,no website,1,K-2
The Rushton School,Birmingham,Jefferson,(205) 510-2600,no website,1,6-12
Thomasville City School District,Thomasville,Clarke,(334) 636-9955,http://www.thomasvilleschools.org,3,PK-12
Three Springs New Tuskegee School District,Tuskegee,Macon,(334) 727-2216,no website,1,K-2
Troy City School District,Troy,Pike,(334) 566-3741,http://www.troyschools.net,5,K-12
Trussville City School District,Trussville,Jefferson,(205) 228-3018,http://trussvillecityschools.com,4,PK-12
Tuscaloosa City School District,Tuscaloosa,Tuscaloosa,(205) 759-3560,http://www.tuscaloosacityschools.com,27,PK-12
Tuscaloosa County School District,Tuscaloosa,Tuscaloosa,(205) 758-0411,http://www.tcss.net,35,PK-12
Tuscumbia City School District,Tuscumbia,Colbert,(256) 389-2900,http://www.tuscumbia.k12.al.us,7,K-12
Ucp Of Greater Birmingham School District,Birmingham,Jefferson,(205) 251-0165,no website,1,K-2
Vestavia Hills City School District,Vestavia Hills,Jefferson,(205) 402-5100,http://www.vestavia.k12.al.us,8,PK-12
Walker County School District,Jasper,Walker,(205) 387-0555,http://www.walkercountyschools.com,23,PK-12
Washington County School District,Chatom,Washington,(251) 847-2401,no website,8,K-12
Wilcox County School District,Alberta,Wilcox,(334) 682-4716,http://www.wilcox.k12.al.us,7,PK-12
Wilmer Hall School District,Mobile,Mobile,(334) 342-4931,no website,1,K-2
Winfield City School District,Winfield,Marion,(205) 487-4255,http://www.winfield.k12.al.us,3,K-12
Winston County School District,Double Springs,Winston,(205) 489-5018,http://www.winstonk12.org,10,PK-12
