Academics Plus Charter School,Maumelle,Pulaski,(501) 851-3333,no website,2,K-12
Alma School District,Alma,Crawford,(479) 632-4791,no website,4,K-12
Alpena School District,Alpena,Boone,(870) 437-2220,no website,2,PK-12
Ark. River Education Service Cooperative,Pine Bluff,Jefferson,(870) 534-6129,no website,1,9-12
Ark. School For The Blind,Little Rock,Pulaski,(501) 296-1810,no website,2,PK-12 & Ungraded
Ark. School For The Deaf,Little Rock,Pulaski,(501) 324-9506,no website,2,PK-12
Arkadelphia School District,Arkadelphia,Clark,(870) 246-5564,no website,5,PK-12
Arkansas Arts Academy,Rogers,Benton,(479) 878-2787,no website,2,K-12
Arkansas Northeastern College Technical Center,Blytheville,Mississippi,(870) 763-1486,no website,1,9-12
Arkansas Virtual Academy,Little Rock,Pulaski,(501) 664-4225,no website,2,K-8
Armorel School District,Armorel,Mississippi,(870) 763-6639,no website,2,PK-12
Ashdown School District,Ashdown,Little River,(870) 898-3208,no website,5,K-12
Asu Area Center,Searcy,White,(501) 724-3614,no website,1,9-12
Atkins School District,Atkins,Pope,(479) 641-7871,no website,3,PK-12
Augusta School District,Augusta,Woodruff,(870) 347-2241,no website,3,PK-12
Bald Knob School District,Bald Knob,White,(501) 724-3273,no website,3,K-12
Barton-Lexa School District,Lexa,Phillips,(870) 572-7294,no website,2,PK-12
Batesville School District,Batesville,Independence,(870) 793-6831,no website,8,PK-12 & Ungraded
Bauxite School District,Bauxite,Saline,(501) 557-5453,no website,3,PK-12
Bay School District,Bay,Craighead,(870) 781-3711,no website,2,K-12
Bearden School District,Bearden,Ouachita,(870) 687-2236,no website,3,K-12
Beebe School District,Beebe,White,(501) 882-5463,no website,7,PK-12 & Ungraded
Benton School District,Benton,Saline,(501) 778-4861,no website,7,PK-12
Bentonville School District,Bentonville,Benton,(479) 254-5000,no website,18,K-12 & Ungraded
Bergman School District,Harrison,Boone,(870) 741-5213,no website,3,PK-12
Berryville School District,Berryville,Carroll,(870) 423-7065,no website,4,PK-12
Bismarck School District,Bismarck,Hot Spring,(501) 865-4888,no website,3,PK-12
Blevins School District,Blevins,Hempstead,(870) 874-2801,no website,2,PK-12
Blytheville School District,Blytheville,Mississippi,(870) 762-2053,no website,7,PK-12 & Ungraded
Booneville School District,Booneville,Logan,(479) 675-3504,no website,3,K-12
Bradford School District,Bradford,White,(501) 344-2707,no website,2,PK-12 & Ungraded
Bradley School District,Bradley,Lafayette,(870) 894-3313,no website,2,PK-12
Brinkley School District,Brinkley,Monroe,(870) 734-5000,no website,3,PK-12
Brookland School District,Brookland,Craighead,(870) 932-2080,no website,4,PK-12
Bryant School District,Bryant,Saline,(501) 847-5600,no website,10,PK-12 & Ungraded
Buffalo Is. Central School Dist.,Monette,Craighead,(870) 486-5411,no website,4,PK-12
Cabot School District,Cabot,Lonoke,(501) 843-3363,no website,16,PK-12
Caddo Hills School District,Norman,Montgomery,(870) 356-4495,no website,2,PK-12 & Ungraded
Calico Rock School District,Calico Rock,Izard,(870) 297-8339,no website,2,K-12
Camden Fairview School Dist.,Camden,Ouachita,(870) 836-4193,no website,6,PK-12 & Ungraded
Carlisle School District,Carlisle,Lonoke,(870) 552-3931,http://bison.wmsc.k12.ar.us/,2,PK-12 & Ungraded
Cave City School District,Cave City,Sharp,(870) 283-5391,no website,5,PK-12
Cedar Ridge School District,Newark,Independence,(870) 799-8691,no website,3,K-12
Cedarville School District,Cedarville,Crawford,(479) 474-7220,no website,3,K-12
Centerpoint School District,Amity,Pike,(870) 356-2912,no website,3,PK-12 & Ungraded
Charleston School District,Charleston,Franklin,(479) 965-7160,no website,2,PK-12
Clarendon School District,Clarendon,Monroe,(870) 747-3351,no website,3,PK-12
Clarksville School District,Clarksville,Johnson,(479) 705-3200,no website,5,K-12
Cleveland County School Dist.,Rison,Cleveland,(870) 325-6344,no website,3,K-12
Clinton School District,Clinton,Van Buren,(501) 745-6000,no website,4,PK-12
Concord School District,Concord,Cleburne,(870) 668-3844,no website,3,PK-12
Conway School District,Conway,Faulkner,(501) 450-4800,http://www.conwayschools.org/,19,PK-12
Corning School District,Corning,Clay,(870) 857-6818,no website,3,PK-12 & Ungraded
Cossatot River School District,Wickes,Polk,(870) 385-7101,no website,5,PK-12 & Ungraded
Cotter School District,Cotter,Baxter,(870) 435-6171,no website,2,PK-12
County Line School District,Branch,Logan,(479) 635-2222,no website,2,PK-12
Covenant Keepers Middle Charter,Little Rock,Pulaski,(501) 565-7619,no website,2,6-11
Cross County School District,Cherry Valley,Cross,(870) 588-3338,no website,5,PK-12 & Ungraded
Crossett School District,Crossett,Ashley,(870) 364-3112,no website,5,PK-12 & Ungraded
Cushman School District,Cushman,Independence,(870) 793-6321,no website,2,1-12
Cutter-Morning Star School Dist.,Hot Springs,Garland,(501) 262-2414,no website,2,PK-12
Danville School District,Danville,Yell,(479) 495-4800,no website,3,PK-12 & Ungraded
Dardanelle School District,Dardanelle,Yell,(479) 229-4111,no website,4,K-12
Decatur School District,Decatur,Benton,(479) 752-3986,no website,3,PK-12
Deer Mt. Judea School District,Deer,Newton,(870) 428-5433,no website,4,PK-12
Delight School District,Delight,Pike,(870) 379-2214,no website,2,PK, 1-12
Dequeen Mena Education Cooperative,Gillham,Sevier,(870) 386-2251,no website,1,9-12
Dequeen School District,De Queen,Sevier,(870) 584-4312,no website,7,PK-12
Dermott School District,Dermott,Chicot,(870) 538-1000,no website,2,PK-12
Des Arc School District,Des Arc,Prairie,(870) 256-4164,no website,2,PK-12
Dewitt School District,Dewitt,Arkansas,(870) 946-3576,no website,6,PK-12
Dierks School District,Dierks,Howard,(870) 286-2191,no website,2,PK-12
Dollarway School District,Pine Bluff,Jefferson,(870) 534-7003,no website,7,PK-12 & Ungraded
Dover School District,Dover,Pope,(479) 331-2916,no website,5,PK-12 & Ungraded
Dreamland Academy,Little Rock,Pulaski,(501) 562-9278,no website,1,K-6
Drew Central School District,Monticello,Drew,(870) 367-5369,no website,3,PK-12 & Ungraded
Dumas School District,Dumas,Desha,(870) 382-4571,no website,6,PK-12
Earle School District,Earle,Crittenden,(870) 792-8486,no website,3,PK-12
East Arkansas Career Center,Forrect City,St. Francis,(870) 633-4480,no website,1,9-12
East End School District,Bigelow,Perry,(501) 759-2808,no website,2,PK-12
East Poinsett Co. School Dist.,Lepanto,Poinsett,(870) 475-2472,no website,3,PK-12 & Ungraded
El Dorado School District,El Dorado,Union,(870) 864-5001,no website,8,PK-12 & Ungraded
Elkins School District,Elkins,Washington,(479) 643-2172,no website,4,K-12
Emerson-Taylor School District,Emerson,Columbia,(870) 547-2218,no website,4,K-12
England School District,England,Lonoke,(501) 842-2996,no website,3,K-12
Estem Elementary Charter,Little Rock,Pulaski,(501) 374-7836,https://www.estemlr.net/index.html,1,K-4
Estem High Charter,Little Rock,Pulaski,(501) 374-7836,no website,1,9-12
Estem Middle Charter,Little Rock,Pulaski,(501) 374-7836,https://www.estemlr.net/index.html,1,5-8
Eureka Springs School District,Eureka Springs,Carroll,(479) 253-5999,no website,3,PK-12
Farmington School District,Farmington,Washington,(479) 266-1805,no website,5,K-12
Fayetteville School District,Fayetteville,Washington,(479) 444-3000,no website,14,K-12
Flippin School District,Flippin,Marion,(870) 453-2270,no website,3,PK-12
Fordyce School District,Fordyce,Dallas,(870) 352-3005,no website,3,PK-12
Foreman School District,Foreman,Little River,(870) 542-7211,no website,2,K-12
Forrest City School District,Forrest City,St. Francis,(870) 633-1485,no website,6,PK-12 & Ungraded
Fort Smith School District,Fort Smith,Sebastian,(479) 785-2501,no website,26,PK-12 & Ungraded
Fouke School District,Fouke,Miller,(870) 653-4311,no website,3,PK-12
Fountain Lake School District,Hot Springs,Garland,(501) 623-5655,no website,3,PK-12
Genoa Central School District,Texarkana,Miller,(870) 653-4343,http://dragons1.k12.ar.us/pages/Genoa_Central_School_District,3,PK-12
Gentry School District,Gentry,Benton,(479) 736-2253,no website,4,K-12 & Ungraded
Glen Rose School District,Malvern,Hot Spring,(501) 332-6764,no website,3,PK-12
Gosnell School District,Gosnell,Mississippi,(870) 532-4000,no website,2,K-12
Gravette School District,Gravette,Benton,(479) 787-4100,no website,4,PK-12
Green Forest School District,Green Forest,Carroll,(870) 438-5201,no website,3,K-12
Greenbrier School District,Greenbrier,Faulkner,(501) 679-4808,no website,6,PK-12
Greene Co. Tech School Dist.,Paragould,Greene,(870) 236-2762,no website,5,PK-12 & Ungraded
Greenland School District,Greenland,Washington,(479) 521-2366,no website,4,K-12
Greenwood School District,Greenwood,Sebastian,(479) 996-4142,no website,6,PK-12
Gurdon School District,Gurdon,Clark,(870) 353-4454,no website,3,PK-12
Guy-Perkins School District,Guy,Faulkner,(501) 679-7224,no website,2,PK-12
Haas Hall Academy,Fayetteville,Washington,(479) 966-4930,http://www.haashall.org,1,7-12
Hackett School District,Hackett,Sebastian,(479) 638-8822,no website,2,K-12
Hamburg School District,Hamburg,Ashley,(870) 853-9851,no website,7,PK-12
Hampton School District,Hampton,Calhoun,(870) 798-2229,no website,2,PK-12
Harmony Grove School District,Camden,Ouachita,(501) 778-6271,no website,3,PK-12
Harmony Grove School District,Benton,Saline,(501) 778-6271,no website,3,PK-12
Harrisburg School District,Harrisburg,Poinsett,(870) 578-2416,no website,5,K-12
Harrison School District,Harrison,Boone,(870) 741-7600,no website,7,PK-12 & Ungraded
Hartford School District,Hartford,Sebastian,(479) 639-2910,no website,2,PK-12
Hazen School District,Hazen,Prairie,(870) 255-4549,no website,3,PK-12 & Ungraded
Heber Springs School District,Heber Springs,Cleburne,(501) 362-6712,no website,3,K-12
Hector School District,Hector,Pope,(479) 284-2021,no website,2,K-12
Helena W.Helena School Dist.,Helena,Phillips,(870) 338-4425,no website,6,PK-12 & Ungraded
Hermitage School District,Hermitage,Bradley,(870) 463-2246,no website,3,PK-12
Highland School District,Hardy,Sharp,(870) 856-3275,no website,3,K-12
Hillcrest School District,Strawberry,Lawrence,(870) 528-3856,no website,3,PK-12 & Ungraded
Hope School District,Hope,Hempstead,(870) 722-2700,no website,5,PK-12
Horatio School District,Horatio,Sevier,(870) 832-2340,no website,3,PK-12
Hot Springs School District,Hot Springs,Garland,(501) 624-3372,no website,8,PK-12 & Ungraded
Hoxie School District,Hoxie,Lawrence,(870) 886-2401,no website,3,PK-12
Hughes School District,Hughes,St. Francis,(870) 339-2570,no website,2,K-12
Huntsville School District,Huntsville,Madison,(479) 738-2011,no website,6,PK-12 & Ungraded
Imboden Charter School District,Imboden,Lawrence,(870) 869-3015,no website,1,K-8
Izard Co. Cons. School Dist.,Brockwell,Izard,(870) 258-7700,no website,3,PK-12
Jackson Co. School District,Tuckerman,Jackson,(870) 349-2232,no website,3,PK-12
Jacksonville Lighthouse Charter,Little Rock,Pulaski,(501) 985-1200,no website,3,K-8
Jacksonville North Pulaski School District,Jacksonville,Pulaski,(501) 241-2080,http://www.jnpsd.org,37,PK-12
Jasper School District,Jasper,Newton,(870) 446-2223,no website,6,PK-12 & Ungraded
Jessieville School District,Jessieville,Garland,(501) 984-5381,no website,3,PK-12
Jonesboro School District,Jonesboro,Craighead,(870) 933-5800,no website,11,PK-12 & Ungraded
Junction City School District,Junction City,Union,(870) 924-4575,no website,2,K-12
Kipp Delta Public Schools,Helena,Phillips,(870) 753-9444,no website,4,K-3, 5-12
Kirby School District,Kirby,Pike,(870) 398-4212,no website,2,K-12
Lafayette County School District,Lewisville,Lafayette,(870) 921-5500,no website,2,PK-12
Lake Hamilton School District,Pearcy,Garland,(501) 767-2306,no website,6,K-12 & Ungraded
Lakeside School District,Lake Village,Chicot,(501) 262-1880,no website,6,PK-12 & Ungraded
Lakeside School District,Hot Springs,Garland,(501) 262-1880,no website,6,PK-12 & Ungraded
Lamar School District,Lamar,Johnson,(479) 885-3907,no website,3,PK-12
Lavaca School District,Lavaca,Sebastian,(479) 674-5611,no website,3,PK-12
Lawrence County School District,Walnut Ridge,Lawrence,(870) 886-6634,no website,4,PK-12
Lead Hill School District,Lead Hill,Boone,(870) 436-5249,no website,2,PK-12
Lee County School District,Marianna,Lee,(870) 295-7100,no website,4,PK-12 & Ungraded
Lincoln School District,Lincoln,Washington,(479) 824-3010,no website,5,PK-12
Lisa Academy Charter,Little Rock,Pulaski,(501) 227-4942,no website,2,6-12
Lisa Academy North Charter,Sherwood,Pulaski,(501) 227-4942,no website,3,K-12
Little Rock Preparatory Academy,Little Rock,Pulaski,(501) 683-1855,no website,1,K-7
Little Rock School District,Little Rock,Pulaski,(501) 447-1000,http://www.lrsd.org/,53,PK-12
Lonoke School District,Lonoke,Lonoke,(501) 676-2042,http://lonokeschools.org/lonoke/site/default.asp,4,PK-12
LR Urban Collegiate Public Charter,Little Rock,Pulaski,(501) 683-1855,no website,1,1-8
Magazine School District,Magazine,Logan,(479) 969-2566,no website,2,PK-12
Magnet Cove School Dist.,Malvern,Hot Spring,(501) 332-5468,no website,2,PK-12
Magnolia School District,Magnolia,Columbia,(870) 234-4933,no website,5,PK-12
Malvern School District,Malvern,Hot Spring,(501) 332-7500,no website,4,PK-12
Mammoth Spring School District,Mammoth Spring,Fulton,(870) 625-3612,no website,2,PK-12
Manila School District,Manila,Mississippi,(870) 561-4419,no website,3,PK-12
Mansfield School District,Mansfield,Scott,(479) 928-4006,no website,3,K-12
Marion School District,Marion,Crittenden,(870) 739-5100,no website,6,PK-12 & Ungraded
Marked Tree School District,Marked Tree,Poinsett,(870) 358-2913,no website,3,PK-12 & Ungraded
Marmaduke School District,Marmaduke,Greene,(870) 597-2723,no website,2,PK-12
Marvell School District,Marvell,Phillips,(870) 829-2101,no website,3,PK-12
Mayflower School District,Mayflower,Faulkner,(501) 470-0506,no website,3,PK-12
Maynard School District,Maynard,Randolph,(870) 647-2051,no website,2,PK-12 & Ungraded
Mccrory School District,Mccrory,Woodruff,(870) 731-2535,no website,2,PK-12
Mcgehee School District,Mcgehee,Desha,(870) 222-3670,no website,2,PK-12
Melbourne School District,Melbourne,Izard,(870) 368-4500,no website,4,K-12 & Ungraded
Mena School District,Mena,Polk,(479) 394-1710,no website,6,K-12 & Ungraded
Mid South Community College,West Memphis,Crittenden,(870) 733-6722,no website,1,9-12
Midland School District,Pleasant Plains,Independence,(501) 345-8844,no website,2,PK-12 & Ungraded
Mineral Springs School Dist.,Mineral Springs,Howard,(870) 287-4748,no website,4,PK-12
Monticello School District,Monticello,Drew,(870) 367-4000,no website,5,PK-12 & Ungraded
Mount Ida School District,Mount Ida,Montgomery,(870) 867-2323,no website,2,PK-12
Mountain Home School District,Mountain Home,Baxter,(870) 425-1201,no website,7,PK-12 & Ungraded
Mountain Pine School District,Mountain Pine,Garland,(501) 767-1540,no website,2,PK-12
Mountain View School District,Mountain View,Stone,(870) 269-3443,no website,7,PK-12 & Ungraded
Mountainburg School District,Mountainburg,Crawford,(479) 369-2121,no website,3,PK-12
Mt. Vernon Enola School Dist.,Mt Vernon,Faulkner,(501) 849-2220,http://mve.k12.ar.us/,2,PK-12
Mulberry School District,Mulberry,Crawford,(479) 997-1715,no website,4,K-12
Nashville School District,Nashville,Howard,(870) 845-3425,no website,4,PK-12
National Park Technology Center,Hot Springs,Garland,(501) 767-9314,no website,1,9-12
Nemo Vista School District,Center Ridge,Conway,(501) 893-2925,no website,3,PK-12
Nettleton School District,Jonesboro,Craighead,(870) 910-7800,no website,9,PK-12 & Ungraded
Nevada School District,Rosston,Nevada,(870) 871-2418,no website,2,K-12
Newport School District,Newport,Jackson,(870) 523-1312,no website,5,PK-12
Norfork School District,Norfork,Baxter,(870) 499-5228,no website,2,K-12
Norphlet School District,Norphlet,Union,(870) 546-2781,no website,2,PK-12
North Arkansas College Secondary Center,Harrison,Boone,(870) 391-3513,no website,1,9-12
North Little Rock School District,North Little Rock,Pulaski,(501) 771-8000,http://www.nlrsd.org,9,PK-12 & Ungraded
Northwest Arkansas Community College Regional Center,Fayetteville,Washington,(479) 444-3058,no website,1,9-12
Nwa Academy of Fine Arts,Rogers,Benton,(479) 631-2787,no website,1,9-12
Ocabs Charter,Osceola,Mississippi,(870) 822-0574,no website,1,7-12
Omaha School District,Omaha,Boone,(870) 426-3366,no website,2,PK-12
Osceola School District,Osceola,Mississippi,(870) 563-2561,no website,5,PK-12 & Ungraded
Ouachita River School District,Mena,Polk,(479) 394-2348,no website,4,PK-12
Ouachita School District,Donaldson,Hot Spring,(501) 384-2318,no website,2,PK-12
Ouachita Vocational Center,Malvern,Hot Spring,(501) 332-3658,no website,1,9-12
Ozark Mountain School District,St. Joe,Searcy,(870) 439-2213,no website,6,K-12 & Ungraded
Ozark School District,Ozark,Franklin,(479) 667-4118,no website,5,K-12
Palestine-Wheatley School Dist.,Palestine,St. Francis,(870) 581-2646,no website,3,PK-12
Pangburn School District,Pangburn,White,(501) 728-4511,no website,2,PK-12 & Ungraded
Paragould School District,Paragould,Greene,(870) 239-2105,no website,7,K-12 & Ungraded
Paris School District,Paris,Logan,(479) 963-3243,no website,3,PK-12 & Ungraded
Parkers Chapel School Dist.,El Dorado,Union,(870) 862-4641,no website,2,PK-12
Pea Ridge School District,Pea Ridge,Benton,(479) 451-8181,no website,4,K-12
Perryville School District,Perryville,Perry,(501) 889-2327,no website,2,K-12
Phillips Community College Career & Technical Center,Stuttgart,Arkansas,(870) 673-4201,no website,1,9-12
Piggott School District,Piggott,Clay,(870) 598-2572,no website,2,PK-12
Pine Bluff School District,Pine Bluff,Jefferson,(870) 543-4200,no website,12,PK-12
Pocahontas School District,Pocahontas,Randolph,(870) 892-4573,no website,4,PK-12
Pottsville School District,Pottsville,Pope,(479) 968-8101,no website,4,PK-12
Poyen School District,Poyen,Grant,(501) 332-8884,no website,2,PK-12
Prairie Grove School District,Prairie Grove,Washington,(479) 846-4213,no website,4,K-12
Prescott School District,Prescott,Nevada,(870) 887-3016,no website,3,PK-12
Quitman School District,Quitman,Cleburne,(501) 589-3156,no website,2,PK-12
Rector School District,Rector,Clay,(870) 595-3151,no website,2,PK-12
Riverside School District,Lake City,Craighead,(870) 237-4329,no website,5,PK-12
Riverview School District,Searcy,White,(501) 279-0540,no website,4,PK-12
Rogers School District,Rogers,Benton,(479) 636-3910,no website,21,PK-12
Rose Bud School District,Rose Bud,White,(501) 556-5815,no website,2,PK-12
Russellville School District,Russellville,Pope,(479) 968-1306,no website,11,PK-12 & Ungraded
Salem School District,Salem,Fulton,(870) 895-2516,no website,2,K-12
Saline County Vocational Center,Bauxite,Saline,(501) 602-2420,no website,1,9-12
Sau-Tech Career Center,Camden,Ouachita,(870) 836-9367,no website,1,9-12
School of Excellence Charter School,Humphrey,Arkansas,(870) 659-0390,no website,1,6-10
Scranton School District,Scranton,Logan,(479) 938-7121,no website,2,K-12
Searcy County School District,Marshall,Searcy,(870) 448-3011,no website,4,PK-12
Searcy School District,Searcy,White,(501) 268-3517,no website,7,K-12 & Ungraded
Sheridan School District,Sheridan,Grant,(870) 942-3135,no website,7,PK-12 & Ungraded
Shirley School District,Shirley,Van Buren,(501) 723-8191,no website,2,K-12
Siloam Springs School District,Siloam Springs,Benton,(479) 524-3191,no website,5,PK-12
Sloan-Hendrix School Dist.,Imboden,Lawrence,(870) 869-2384,no website,3,PK-12
Smackover School District,Smackover,Union,(870) 725-3132,no website,2,PK-12
So. Conway Co. School District,Morrilton,Conway,(501) 354-9400,no website,6,PK-12 & Ungraded
So. Miss. County School Dist.,Wilson,Mississippi,(870) 655-8633,no website,7,PK-12 & Ungraded
South Ark Career Center,El Dorado,Union,(870) 864-7110,no website,1,9-12
South Pike County School District,Murfreesboro,Pike,(870) 379-2214,no website,4,PK-12 & Ungraded
South Side School District,Bee Branch,Van Buren,(501) 654-2633,no website,2,PK-12
Southside School District,Batesville,Independence,(870) 251-2341,no website,4,PK-12
Spring Hill School District,Hope,Hempstead,(870) 777-8236,no website,2,K-12
Springdale School District,Springdale,Washington,(479) 750-8800,no website,26,PK-12
Star City School District,Star City,Lincoln,(870) 628-4237,no website,3,PK-12
Stephens School District,Stephens,Ouachita,(870) 786-5443,no website,2,PK-12
Strong-Huttig School District,Strong,Union,(870) 797-7322,no website,4,PK-12
Stuttgart School District,Stuttgart,Arkansas,(870) 673-3561,no website,4,PK-12
Texarkana School District,Texarkana,Miller,(870) 772-3371,no website,9,PK-12 & Ungraded
Trumann School District,Trumann,Poinsett,(870) 483-6444,no website,4,PK-12
Turrell School District,Turrell,Crittenden,(870) 343-2533,no website,2,PK, 1-12
Twin Rivers School District,Ravenden Springs,Randolph,(870) 869-2479,no website,4,PK, 1-12
Two Rivers School District,Plainview,Yell,(479) 272-3113,no website,7,PK-12
Valley Springs School District,Valley Springs,Boone,(870) 429-5217,no website,3,PK-12
Valley View School District,Jonesboro,Craighead,(870) 935-6200,no website,2,PK-12 & Ungraded
Van Buren School District,Van Buren,Crawford,(479) 474-7942,no website,11,PK-12
Van Cove School District,Cove,Polk,(870) 387-2744,no website,1,PK, 1-12
Vilonia School District,Vilonia,Faulkner,(501) 796-2113,no website,7,PK-12
Viola School District,Viola,Fulton,(870) 458-2323,no website,2,K-12 & Ungraded
Waldron School District,Waldron,Scott,(479) 637-3179,no website,3,PK-12
Warren School District,Warren,Bradley,(870) 226-6738,no website,5,K-12
Watson Chapel School District,Pine Bluff,Jefferson,(870) 879-0220,http://wc-web.k12.ar.us/pages/Watson_Chapel_School_District,5,K-12 & Ungraded
Weiner School District,Weiner,Poinsett,(870) 684-2253,no website,2,1-12
West Fork School District,West Fork,Washington,(479) 839-2231,no website,3,PK-12
West Memphis School District,West Memphis,Crittenden,(870) 735-1915,http://www.wmsd.net,12,PK-12
West Side School District,Greers Ferry,Cleburne,(501) 825-6258,no website,2,K-12
Westark Technical Center,Fort Smith,Sebastian,(479) 788-7720,no website,1,9-12
Western Yell Co. School Dist.,Havana,Yell,(479) 476-4116,no website,2,PK-12
Westside Cons. School District,Jonesboro,Craighead,(870) 935-7503,no website,3,PK-12
Westside School District,Hartman,Johnson,(479) 497-1991,no website,2,K-12
White Co. Central School Dist.,Judsonia,White,(501) 729-3992,no website,2,PK-12 & Ungraded
White Hall School District,White Hall,Jefferson,(870) 247-2002,no website,7,K-12 & Ungraded
Wickes School District,Wickes,Polk,(870) 385-7101,no website,3,PK, 1-12
Wonderview School District,Hattieville,Conway,(501) 354-0211,no website,2,PK-12
Woodlawn School District,Rison,Cleveland,(870) 357-8108,no website,2,K-12
Wynne School District,Wynne,Cross,(870) 238-5000,no website,4,PK-12
Yellville-Summit School Dist.,Yellville,Marion,(870) 449-4061,no website,3,PK-12
