A Center For Creative Education,Cottonwood,Yavapai,(928) 634-3288,http://centerforcreativeeducation.org,2,K-6
Academy Del Sol  Inc.,Tucson,Pima,(520) 325-2800,no website,2,K-8
Academy Of Building Industries  Inc.,Fort Mohave,Mohave,(928) 788-2601,no website,1,9-12
Academy Of Excellence  Inc.,Phoenix,Maricopa,(602) 389-4271,no website,3,K-8
Academy Of Mathematics And Science  Inc.,Tucson,Pima,(520) 293-2676,http://www.amstucson.org,1,K-8
Academy Of Mathematics And Science South  Inc.,Tucson,Pima,(520) 293-2676,no website,1,PK-12
Academy Of Tucson  Inc.,Tucson,Pima,(520) 733-0096,no website,3,K-12
Academy With Community Partners  Inc,Mesa,Maricopa,(480) 833-0068,no website,1,9-12
Accelerated Elementary And Secondary Schools,Tucson,Pima,(520) 743-2256,no website,1,K-12
Accelerated Learning Center  Inc.,Phoenix,Maricopa,(602) 485-0309,no website,1,9-12
Accelerated Learning Charter School  Inc.,Cottonwood,Yavapai,(928) 634-0650,no website,1,PK-8
Acclaim Charter School,Phoenix,Maricopa,(623) 691-0919,no website,1,K-8
Acorn Montessori Charter School,Prescott Valley,Yavapai,(928) 772-5778,http://www.acornmontessori.com,2,K-8
Agua Fria Union High School District,Avondale,Maricopa,(623) 932-7000,http://www.aguafria.org,4,9-12
Aguila Elementary District,Aguila,Maricopa,(928) 685-2222,no website,1,K-8
Ahwatukee Foothills Prep  Inc.,Phoenix,Maricopa,(480) 763-5101,http://www.afprephigh.org,2,K-12
Ahwatukee Foothills Prep Early College High School  Inc.,Phoenix,Maricopa,(480) 763-5101,http://afprephigh.org,1,9-12
Aibt Non-Profit Charter High School - Phoenix,Phoenix,Maricopa,(602) 973-6018,http://www.rcbhighschool.com,1,7-12
Ajo Unified District,Ajo,Pima,(520) 387-5618,no website,2,PK-12
Akimel O Otham Pee Posh Charter School  Inc.,Coolidge,Pinal,(520) 215-5859,http://www.bwcs.bia.edu,1,K-2
Akimel O'otham Pee Posh Charter School  Inc.,Coolidge,Pinal,(520) 215-5859,http://www.bwcs.k12.az.us,1,3-5
Alhambra Elementary District,Phoenix,Maricopa,(602) 336-2920,http://www.alhambraesd.org,15,PK-8
All Aboard Charter School,Phoenix,Maricopa,(602) 433-0500,http://www.allaboardcharter.com,1,K-5
Allen-Cochran Enterprises  Inc.,Tempe,Maricopa,(480) 632-1940,no website,1,K-8
Allsport Academy,Tucson,Pima,(520) 731-2150,no website,1,5-9
Alpine Elementary District,Alpine,Apache,(928) 339-4570,no website,1,K-8
Altar Valley Elementary District,Tucson,Pima,(520) 822-1484,http://www.altarvalley.com,2,PK-8
Ambassador Academy,Phoenix,Maricopa,(480) 961-2214,no website,1,K-5
American Basic Schools Llc,Mesa,Maricopa,(480) 964-4602,http://www.burkebasicschool.com,1,K-6
American Charter Schools Foundation D.B.A. Alta Vista High S,Phoenix,Maricopa,(602) 953-2933,no website,1,9-12
American Charter Schools Foundation D.B.A. Apache Trail High,Phoenix,Maricopa,(602) 953-2933,no website,1,9-12
American Charter Schools Foundation D.B.A. Crestview College,Phoenix,Maricopa,(602) 953-2933,no website,1,7-12
American Charter Schools Foundation D.B.A. Desert Hills High,Phoenix,Maricopa,(602) 953-2933,no website,1,9-12
American Charter Schools Foundation D.B.A. Estrella High Sch,Phoenix,Maricopa,(602) 953-2933,no website,1,9-12
American Charter Schools Foundation D.B.A. Peoria Accelerate,Phoenix,Maricopa,(602) 953-2933,http://www.leonagroup.com/peoriaacchs/,1,9-12
American Charter Schools Foundation D.B.A. South Pointe High,Phoenix,Maricopa,(602) 953-2933,no website,1,9-12
American Charter Schools Foundation D.B.A. South Ridge High,Phoenix,Maricopa,(602) 953-2933,no website,1,9-12
American Charter Schools Foundation D.B.A. Sun Valley High S,Phoenix,Maricopa,(602) 953-2933,no website,1,9-12
American Charter Schools Foundation D.B.A. West Phoenix High,Phoenix,Maricopa,(602) 953-2933,no website,1,9-12
American Heritage Academy,Cottonwood,Yavapai,(928) 634-2144,no website,2,K-12
American Leadership Academy Inc.,Chandler,Maricopa,(480) 420-2101,http://www.alaschools.org,6,K-12
Amphitheater Unified District,Tucson,Pima,(520) 696-5000,http://www.amphi.com,22,PK-12
Antelope Union High School District,Wellton,Yuma,(928) 785-4041,no website,1,9-12
Anthem Preparatory Academy,Phoenix,Maricopa,(602) 438-7045,no website,1,K-12
Apache Elementary District,Douglas,Cochise,(520) 558-2364,no website,1,K-8
Apache Junction Unified District,Apache Junction,Pinal,(480) 982-1110,http://www.ajusd.org,7,PK-12
Aprender Tucson,Tucson,Pima,(520) 623-7102,no website,1,K-9
Archway Classical Academy Chandler,Chandler,Maricopa,(480) 855-6474,no website,1,K-12
Archway Classical Academy Glendale,Phoenix,Maricopa,(602) 438-7045,no website,1,PK-12
Archway Classical Academy Trivium,Goodyear,Maricopa,(623) 414-4833,no website,1,K-12
Archway Classical Academy Veritas,Phoenix,Maricopa,(602) 489-7341,no website,1,K-12
Arizona Academy Of Science And Technology  Inc.,Phoenix,Maricopa,(602) 253-1199,no website,1,K-8
Arizona Agribusiness & Equine Center  Inc.,Phoenix,Maricopa,(602) 297-8500,http://www.aaehighschools.com,1,Ungraded
Arizona Agribusiness & Equine Center  Inc.,Phoenix,Maricopa,(602) 297-8500,http://www.aaehighschools.com,1,Ungraded
Arizona Agribusiness & Equine Center  Inc.,Phoenix,Maricopa,(602) 297-8500,http://www.aaehighschools.com,1,Ungraded
Arizona Agribusiness & Equine Center  Inc.,Phoenix,Maricopa,(602) 297-8500,http://www.aaehighschools.com,1,Ungraded
Arizona Agribusiness & Equine Center  Inc.,Phoenix,Maricopa,(602) 297-8500,http://www.aaehighschools.com,1,Ungraded
Arizona Call-A-Teen Youth Resources  Inc.,Phoenix,Maricopa,(602) 252-6721,http://www.azcallateen.k12.az.us,1,9-12
Arizona Community Development Corporation,Tucson,Pima,(520) 721-4205,no website,3,K-8
Arizona Connections Academy Charter School  Inc.,Mesa,Maricopa,(480) 782-5842,http://www.connectionsacademy.com/aca,1,K-12
Arizona Department Of Corrections,Phoenix,Maricopa,(602) 542-5620,no website,7,9-12
Arizona Language Preparatory,Phoenix,Maricopa,(623) 996-1595,no website,1,PK-12
Arizona Montessori Charter School At Anthem,Phoenix,Maricopa,(602) 864-7731,http://www.arizonamontessori.com,1,K-8
Arizona School For Integrated Academics And Technologies In,Oceanside,San Diego,(760) 631-3408,http://www.siatech.org,2,11-12
Arizona School For The Arts,Phoenix,Maricopa,(602) 257-1444,http://www.goasa.org,1,5-12
Arizona State Hospital,Phoenix,Maricopa,(602) 220-6124,no website,1,PK-12
Arizona State School For The Deaf And Blind,Tucson,Pima,(520) 770-3828,no website,12,PK-12
Arlington Elementary District,Arlington,Maricopa,(623) 386-2031,http://www.arlingtonelem.org,1,PK-8
Ash Creek Elementary District,Pearce,Cochise,(520) 824-3340,no website,1,PK-8
Ash Fork Joint Unified District,Ash Fork,Yavapai,(928) 637-2561,http://www.afjusd.org,3,K-12
Asu Preparatory Academy,Phoenix,Maricopa,(480) 727-5750,no website,1,PK-12
Asu Preparatory Academy,Mesa,Maricopa,(480) 727-5750,no website,1,PK-12
Athlos Traditional Academy,Chandler,Maricopa,(520) 423-9999,http://www.legacytraditional.org/district-home/chandler-athlos/,1,K-8
Avondale Elementary District,Avondale,Maricopa,(623) 772-5000,http://www.avondale.k12.az.us,9,PK-8
Avondale Learning Dba Precision Academy,Phoenix,Maricopa,(623) 936-8682,no website,1,9-12
Az Compass Schools  Inc.,Chandler,Maricopa,(480) 779-2000,http://www.skylineschools.com,1,7-12
Az-Tec High School,Yuma,Yuma,(928) 314-1918,no website,1,9-12
Baboquivari Unified School District #40,Sells,Pima,(520) 383-6746,http://www.iobusd40.org/,5,PK-12
Bagdad Unified District,Bagdad,Yavapai,(928) 633-4101,no website,2,PK-12
Ball Charter Schools (Dobson),Chandler,Maricopa,(480) 855-6325,no website,1,K-8
Ball Charter Schools (Hearn),Phoenix,Maricopa,(602) 896-9160,no website,1,K-8
Ball Charter Schools (Val Vista),Gilbert,Maricopa,(480) 855-6325,no website,1,K-9
Balsz Elementary District,Phoenix,Maricopa,(602) 629-6400,http://www.balsz.k12.az.us/,6,PK-8
Basis School  Inc.,Scottsdale,Maricopa,(520) 326-3444,no website,3,K-12
Basis School  Inc.,Scottsdale,Maricopa,(520) 326-3444,no website,3,K-12
Basis School  Inc.,Scottsdale,Maricopa,(520) 326-3444,no website,3,K-12
Basis School  Inc.,Scottsdale,Maricopa,(520) 326-3444,no website,3,K-12
Basis School  Inc.,Scottsdale,Maricopa,(520) 326-3444,no website,3,K-12
Basis School  Inc.,Scottsdale,Maricopa,(520) 326-3444,no website,3,K-12
Basis School Inc.,Scottsdale,Maricopa,(480) 289-2088,http://www.basisschools.org,2,5-12
BASIS Schools, Inc,Scottsdale,Maricopa,(480) 289-2088,http://www.basisschools.org,3,3-12
Beaver Creek Elementary District,Rimrock,Yavapai,(928) 567-4631,http://www.bcs.k12.az.us,1,PK-8
Bell Canyon Charter School  Inc,Phoenix,Maricopa,(602) 547-7960,no website,1,PK-8
Benchmark School  Inc.,Phoenix,Maricopa,(602) 765-3582,no website,1,PK-6
Benjamin Franklin Charter School,Gilbert,Maricopa,(480) 264-3710,no website,4,K-11
Benson Unified School District,Benson,Cochise,(520) 720-6700,http://www.bensonsd.k12.az.us,5,PK-12
Bicentennial Union High School District,Salome,La Paz,(928) 859-3453,no website,1,9-12
Bisbee Unified District,Bisbee,Cochise,(520) 432-5381,http://www.busd.k12.az.us,3,PK-12
Blue Adobe Project,Tucson,Pima,(520) 382-9210,http://www.skyislands.org,1,9-12
Blue Elementary District,Blue,Greenlee,(928) 865-2822,no website,1,K-12
Blue Ridge Unified District,Lakeside,Navajo,(928) 368-6126,http://www.brusd.k12.az.us/,4,PK-12
Blueprint Education,Glendale,Maricopa,(602) 674-5555,no website,3,7-12
Bne Ashur,Phoenix,Maricopa,(623) 236-3381,no website,1,K-6
Bonita Elementary District,Bonita,Graham,(928) 828-3363,http://www.vtc.net/~bonita,1,K-8
Bouse Elementary District,Bouse,La Paz,(928) 851-2213,http://www.bouseschool.org,1,PK-8
Bowie Unified District,Bowie,Cochise,(520) 847-2545,http://www.bowieschools.org,2,K-12
Boys & Girls Clubs Of The East Valley Dba Mesa Arts Academy,Mesa,Maricopa,(480) 844-3965,no website,1,K-8
Bradley Academy Of Excellence  Inc.,Goodyear,Maricopa,(623) 932-9902,no website,1,K-8
Bright Beginnings School  Inc.,Chandler,Maricopa,(480) 821-1404,http://www.brightbeginnings.k12.az.us,2,K-8
Buckeye Elementary District,Buckeye,Maricopa,(623) 925-3400,http://besd.k12.az.us,6,PK-8
Buckeye Union High School District,Buckeye,Maricopa,(623) 386-9700,http://www.buhsd.org,5,9-12
Bullhead City School District,Bullhead City,Mohave,(928) 758-3961,http://www.bullheadschools.com,6,PK-8
Cafa  Inc. Dba Learning Foundation And Performing Arts Alta,Gilbert,Maricopa,(480) 635-1900,no website,1,K-12
Cafa  Inc. Dba Learning Foundation And Performing Arts Gilbe,Gilbert,Maricopa,(480) 635-1900,no website,1,7-12
Cafa  Inc. Dba Learning Foundation Performing Arts School,Gilbert,Maricopa,(480) 635-1900,no website,1,PK-6
Calibre Academy,Glendale,Maricopa,(623) 556-2179,http://www.learningmatters.org,3,K-8
Cambridge Academy  East   Inc,Mesa,Maricopa,(480) 641-2828,no website,2,K-8
Camelback Education  Inc,Glendale,Maricopa,(623) 247-2204,no website,1,K-8
Camp Verde Unified District,Camp Verde,Yavapai,(928) 567-8000,http://www.campverdeschools.org,4,PK-12
Camp Verde Unified School District Dba South Verde Technolog,Camp Verde,Yavapai,(928) 567-8076,no website,1,9-12
Candeo Schools  Inc.,Peoria,Maricopa,(623) 979-6500,no website,1,K-6
Canon Elementary District,Black Canyon City,Yavapai,(623) 374-5588,http://www.canon50.com,1,PK-8
Canyon Rose Academy  Inc.,Tucson,Pima,(520) 797-4884,http://www.go2rose.com,1,9-12
Carden Of Tucson  Inc.,Tucson,Pima,(520) 293-6661,no website,1,K-8
Career Development  Inc.,Taylor,Navajo,(928) 536-4222,no website,2,9-12
Career Success Schools,Phoenix,Maricopa,(602) 296-5552,no website,5,K-12
Carpe Diem Collegiate High School,Yuma,Yuma,(928) 317-3113,no website,2,6-12
Cartwright Elementary District,Phoenix,Maricopa,(623) 691-4000,http://www.cartwright.k12.az.us,21,PK-8
Casa Grande Elementary District,Casa Grande,Pinal,(520) 836-2111,http://www.cgelem.k12.az.us,13,PK-8
Casa Grande Union High School District,Casa Grande,Pinal,(520) 316-3360,no website,4,9-12
Catalina Foothills Unified District,Tucson,Pima,(520) 209-7500,http://www.cfsd16.org/,8,PK-12
Cave Creek Unified District,Scottsdale,Maricopa,(480) 575-2021,http://www.ccusd93.org,8,PK-12
Cedar Unified District,Keams Canyon,Navajo,(928) 738-2367,http://www.cedarusd.org,2,PK-12
Center For Academic Success  Inc.,Sierra Vista,Cochise,(520) 439-3500,no website,5,K-12
Central Arizona Valley Institute Of Technology,Coolidge,Pinal,(520) 423-1944,http://www.cavitschools.org,9,9-12
Challenge Foundation Academies Of Arizona  Inc.,Phoenix,Maricopa,(623) 933-3733,no website,1,K-8
Challenge School  Inc.,Glendale,Maricopa,(602) 938-5411,http://www.challengecharterschool.net/,1,K-6
Challenger Basic School  Inc.,Gilbert,Maricopa,(480) 830-1750,no website,1,K-6
Chandler Preparatory Academy,Phoenix,Maricopa,(602) 438-7045,http://www.chandlerprep.org/,1,K-12
Chandler Unified District,Chandler,Maricopa,(480) 812-7000,http://www.cusd80.com,44,PK-12
Children's Success Academy  Inc.,Tucson,Pima,(520) 799-8403,no website,1,K-5
Chinle Unified District,Chinle,Apache,(928) 674-9600,http://www.chinleusd.k12.az.us,7,PK-12
Chino Valley Unified District,Chino Valley,Yavapai,(928) 636-2458,http://www.chinovalleyschools.com,5,PK-12
Choice Academies  Inc.,Phoenix,Maricopa,(602) 938-5517,no website,2,K-9
Cholla Academy,Phoenix,Maricopa,(623) 247-6456,no website,2,K-12
Clarkdale-Jerome Elementary District,Clarkdale,Yavapai,(928) 634-5035,http://www.cjsd.k12.az.us,1,PK-8
Clifton Unified District,Clifton,Greenlee,(928) 865-2752,http://www.clifton.k12.az.us,2,PK-12
Cobre Valley Institute Of Technology District,Superior,Pinal,(520) 689-5031,no website,5,9-12
Cochise Community Development Corporation,Sierra Vista,Cochise,(520) 459-4113,no website,1,K-12
Cochise Elementary District,Cochise,Cochise,(520) 384-2540,no website,1,K-8
Cochise Technology District,Willcox,Cochise,(520) 766-1999,http://www.ctsd.k12.az.us,11,9-12
Coconino Association For Vocation Industry And Technology,Page,Coconino,(928) 645-2737,no website,10,9-12
Coconino County Accommodation School District,Flagstaff,Coconino,(928) 679-8072,no website,2,9-12
Collaborative Pathways  Inc.,Tucson,Pima,(520) 722-1200,no website,1,9-12
Colorado City Unified District,Colorado City,Mohave,(928) 875-9000,http://www.elcap.us,1,PK-12
Colorado River Union High School District,Fort Mohave,Mohave,(928) 768-1665,http://www.cruhsd.org,3,9-12
Compass High School  Inc.,Tucson,Pima,(520) 296-4070,http://www.compasshighschool.com,1,9-12
Compass Points International  Inc,Prescott,Yavapai,(928) 717-3272,no website,1,9-12
Concho Elementary District,Concho,Apache,(928) 337-9356,http://www.co.apache.az.us/Concho/HOMEPAGE.HTM,1,PK-8
Concordia Charter School  Inc.,Mesa,Maricopa,(480) 461-0555,no website,2,K-6
Congress Elementary District,Congress,Yavapai,(928) 427-9850,http://www.congressdistrict.org,1,K-8
Continental Elementary District,Green Valley,Pima,(520) 625-4581,http://continentalesd.org/,1,PK-8
Coolidge Unified District,Coolidge,Pinal,(520) 723-2040,http://www.arizonamontessori.com,6,PK-12
Cornerstone Charter School Inc,Phoenix,Maricopa,(602) 595-2198,http://www.cornerstonehs.org,1,9-12
Cortez Park Charter Middle School  Inc.,Phoenix,Maricopa,(602) 547-7960,no website,1,6-8
Cottonwood-Oak Creek Elementary District,Cottonwood,Yavapai,(928) 634-2288,http://www.cocsd.k12.az.us,6,PK-12
Country Gardens Charter Schools,Laveen,Maricopa,(602) 237-3741,no website,1,K-12
Cplc Community Schools Dba Hiaki High School,Tucson,Pima,(520) 324-3673,no website,1,9-12
Cplc Community Schools Dba Toltecalli High School,Tucson,Pima,(520) 624-3673,http://www.cplc.org,1,9-12
Crane Elementary District,Yuma,Yuma,(928) 373-3400,http://www.craneschools.org/,12,PK-8
Creighton Elementary District,Phoenix,Maricopa,(602) 381-6000,http://www.creightonschools.org,10,PK-8
Crown Charter School  Inc,Litchfield Park,Maricopa,(623) 535-9300,no website,1,K-6
Crown King Elementary District,Crown King,Yavapai,(928) 632-5207,no website,1,K-8
Daisy Education Corporation Dba Sonoran Science Academy,Phoenix,Maricopa,(520) 665-3400,http://https://www.sonoranacademy.org/tucson,1,K-12
Daisy Education Corporation Dba Sonoran Science Academy - Ph,Phoenix,Maricopa,(520) 665-3400,http://sonoranacademy.org/district/,1,K-12
Deer Valley Charter Schools  Inc.,Phoenix,Maricopa,(602) 467-6874,http://www.deervalleyacademy.org/,1,9-12
Deer Valley Unified District,Phoenix,Maricopa,(623) 445-5000,http://www.dvusd.org/index.htm,38,PK-12
Desert Heights Charter Schools,Glendale,Maricopa,(602) 896-2900,no website,2,5-12
Desert Mirage Preparatory Academy Public Charter Elementary,Phoenix,Maricopa,(602) 953-2933,no website,1,PK-12
Desert Rose Academy Inc.,Tucson,Pima,(520) 797-4884,http://www.go2rose.com,1,9-12
Desert Sky Community School  Inc.,Tucson,Pima,(520) 745-3888,http://www.desertskyschool.org,1,K-5
Desert Springs Academy,Tucson,Pima,(520) 321-9233,no website,1,K-5
Desert Star Community School  Inc.,Cornville,Yavapai,(928) 282-0171,no website,1,K-8
Destiny School  Inc.,Globe,Gila,(928) 425-0925,no website,1,K-8
Developing Innovations In Navajo Education  Inc. (Dine  Inc.,Winslow,Navajo,(928) 657-3272,http://www.wsd.k12.az.us,1,9-12
Discovery Plus Academy,Pima,Graham,(928) 485-2498,http://myweb.cableone.net/discplus1/,1,K-5
Double Adobe Elementary District,Mcneal,Cochise,(520) 364-3041,http://www.doubleadobeschool.org,1,PK-6
Douglas Unified District,Douglas,Cochise,(520) 364-2447,http://www.dusd.k12.az.us,9,PK-12
Duncan Unified District,Duncan,Greenlee,(928) 359-2472,no website,2,PK-12
Dysart Unified District,Surprise,Maricopa,(623) 876-7000,http://www.dysart.org,25,PK-12
E-Institute Charter Schools  Inc.,Glendale,Maricopa,(602) 547-8806,http://www.e-institute.us,7,9-12
Eagle College Prep Ii  Inc. Dba Eagle College Prep Harmony,Phoenix,Maricopa,(602) 885-7333,http://www.eagleharmony.org,1,PK-12
Eagle South Mountain Charter  Inc.,Phoenix,Maricopa,(602) 323-5400,no website,1,K-6
East Mesa Charter Elementary School  Inc.,Mesa,Maricopa,(602) 547-7960,http://www.imagineschools.com,1,PK-8
East Valley Academy,Mesa,Maricopa,(480) 946-3071,no website,1,K-6
East Valley Institute Of Technology,Mesa,Maricopa,(480) 461-4000,no website,48,7-12
Eastpointe High School  Inc.,Tucson,Pima,(520) 731-8180,no website,1,9-12
Edge School  Inc.  The,Tucson,Pima,(520) 881-1389,http://www.edgehighschool.org/,2,9-12
Edkey  Inc.,Mesa,Maricopa,(480) 461-3200,http://choiceed.org,2,K-12
Edkey  Inc. - Arizona Conservatory For Arts And Academics,Phoenix,Maricopa,(480) 461-3200,http://choiceed.org,2,K-12
Edkey  Inc. - Pathfinder Academy,Mesa,Maricopa,(480) 461-3200,http://edkey.org,2,K-8
Edkey  Inc. - Redwood Academy,Mesa,Maricopa,(480) 461-3200,http://edkey.org,1,K-8
Edkey  Inc. - Sequoia Charter School,Mesa,Maricopa,(480) 461-3200,http://choiceed.org,2,K-12
Edkey  Inc. - Sequoia Choice Schools,Mesa,Maricopa,(480) 655-7037,http://sequoiachoice.org,3,K-12
Edkey  Inc. - Sequoia Ranch School,Mesa,Maricopa,(480) 461-3200,http://edkey.org,4,K-12
Edkey  Inc. - Sequoia School For The Deaf And Hard Of Hearin,Mesa,Maricopa,(480) 461-3200,http://choiceed.org,1,K-12
Edkey  Inc. - Sequoia Village School,Show Low,Navajo,(480) 461-3200,http://choiceed.org,1,K-12
Education Ahead,Tucson,Pima,(520) 465-1415,no website,1,K-5
Educational Impact  Inc.,Tucson,Pima,(602) 821-6900,no website,2,K-5
Educational Options Foundation,Tempe,Maricopa,(480) 621-3365,no website,2,7-12
Edupreneurship  Inc.,Phoenix,Maricopa,(602) 973-8998,no website,1,K-8
EDUPRIZE School - Gilbert Campus,Gilbert,Maricopa,(480) 813-9537,http://eduprizeschools.net,2,PK-10
Eduprize Schools  Llc,Queen Creek,Pinal,(480) 888-1610,http://www.eduprizeschools.net,1,K-8
El Centro For The Study Of Primary And Secondary Education,Tucson,Pima,(520) 882-6216,no website,1,3-8
El Pueblo Integral - Teaching & Learning Collaborative,Tucson,Pima,(520) 624-7552,http://www.elpueblointegral.org,1,6-8
Elfrida Elementary District,Elfrida,Cochise,(520) 642-3428,no website,1,PK-8
Eloy Elementary District,Eloy,Pinal,(520) 466-2120,http://www.eesd.k12.az.us,3,PK-8
Employ-Ability Unlimited  Inc.,Peoria,Maricopa,(623) 930-1734,no website,2,K-12
Empower College Prep,Phoenix,Maricopa,(602) 501-6602,no website,1,4-12
Esperanza Community Collegial Academy,Phoenix,Maricopa,(602) 996-1125,no website,1,9-12
Espiritu Community Development Corp.,Phoenix,Maricopa,(602) 243-7788,no website,3,PK-12
Excalibur Charter Schools  Inc.,Apache Junction,Pinal,(480) 373-9575,http://www.excaliburschools.org,2,K-12
Fit Kids  Inc. Dba Champion Schools,Phoenix,Maricopa,(602) 341-6527,http://www.championschools.org,1,K-8
Flagstaff Arts And Leadership Academy,Flagstaff,Coconino,(928) 779-7223,no website,1,7-12
Flagstaff Junior Academy,Flagstaff,Coconino,(928) 774-6007,http://www.fjacademy.com,1,K-8
Flagstaff Unified District,Flagstaff,Coconino,(928) 527-6000,http://www.fusd1.org,15,PK-12
Florence Unified School District,Florence,Pinal,(520) 866-3500,http://www.fusdaz.com,13,PK-12
Flowing Wells Unified District,Tucson,Pima,(520) 696-8800,http://www.flowingwellsschools.org,11,PK-12
Foothills Academy,Scottsdale,Maricopa,(480) 488-5583,no website,1,7-12
Fort Huachuca Accommodation District,Fort Huachuca,Cochise,(520) 459-8199,http://www.fthuachuca.k12.az.us,3,PK-8
Fort Thomas Unified District,Fort Thomas,Graham,(928) 485-9423,http://www.fortthomas.org,3,K-12
Founding Fathers Academies  Inc,Show Low,Navajo,(928) 537-5432,no website,1,K-12
Fountain Hills Charter School,Fountain Hills,Maricopa,(480) 837-0046,no website,1,PK-8
Fountain Hills Unified District,Fountain Hills,Maricopa,(480) 664-5000,http://www.fhusd.org,5,PK-12
Fowler Elementary District,Phoenix,Maricopa,(623) 707-4500,http://www.fesd.org,7,PK-8
Franklin Phonetic Primary School  Inc.,Prescott Valley,Yavapai,(928) 775-6747,no website,1,K-8
Fredonia-Moccasin Unified District,Fredonia,Coconino,(928) 643-7333,http://www.fredonia.org,2,PK-12
Freedom Academy  Inc.,Phoenix,Maricopa,(602) 424-0771,no website,2,K-8
Friendly House  Inc.,Phoenix,Maricopa,(602) 257-1870,no website,1,K-8
Gadsden Elementary District,San Luis,Yuma,(928) 627-6540,http://www.gesd32.org,9,PK-8
Ganado Unified School District,Ganado,Apache,(928) 755-1000,http://www.ganado.k12.az.us,4,PK-12
Gar  Llc Dba Student Choice High School,Tempe,Maricopa,(480) 947-9511,no website,3,9-12
Gem Charter School  Inc.,Mesa,Maricopa,(480) 833-2622,http://www.goodearthmontessori.com,1,K-6
Genesis Program Inc.,Phoenix,Maricopa,(602) 254-8090,http://www.genesiscity.org,1,9-12
George Gervin Youth Center  Inc.,Tempe,Maricopa,(480) 219-2121,no website,1,6-8
Gila Bend Unified District,Gila Bend,Maricopa,(928) 683-2225,http://gbusd.org,2,PK-12
Gila County Regional School District,Globe,Gila,(928) 425-7800,no website,3,3-12
Gila Institute For Technology,Thatcher,Graham,(928) 348-3393,no website,9,9-12
Gilbert Unified District,Gilbert,Maricopa,(480) 497-3300,http://gilbertschools.net,41,PK-12
Glendale Elementary District,Glendale,Maricopa,(623) 237-4000,http://www.gesd40.org,17,PK-8
Glendale Preparatory Academy,Phoenix,Maricopa,(602) 438-7045,http://glendaleprep.org/,1,6-12
Glendale Union High School District,Glendale,Maricopa,(623) 435-6000,http://www.guhsdaz.org,10,9-12
Global Renaissance Academy Of Distinguished Education,Tempe,Maricopa,(480) 233-3622,no website,1,6-12
Globe Unified District,Globe,Gila,(928) 402-6000,http://www.globeschools.org,3,PK-12
Graham County Special Services,Pima,Graham,(928) 485-2759,no website,1,PK-12
Grand Canyon Unified District,Grand Canyon,Coconino,(928) 638-2461,http://www.grandcanyonschool.org,2,PK-12
Graysmark Schools Corporation,Maricopa,Pinal,(218) 260-9694,no website,1,K-6
Great Expectations Academy,Sahuarita,Pima,(520) 399-2121,no website,1,K-8
Great Hearts Academies,Phoenix,Maricopa,(602) 438-7045,http://www.greatheartsaz.org,3,K-6
Greenhouse Montessori School  Inc.,Gilbert,Maricopa,(480) 635-0386,http://www.greenhousemontessorischool.com,1,K-2
Griffin Foundation  Inc. The,Tucson,Pima,(520) 790-8400,http://www.griffinfoundation.org,2,K-8
Ha:San Educational Services,Tucson,Pima,(520) 882-8826,no website,1,9-12
Hackberry School District,Kingman,Mohave,(928) 692-0013,http://www.cedarhillsschool.org,1,K-6
Happy Valley School  Inc.,Mesa,Maricopa,(480) 655-7868,no website,1,K-6
Happy Valley School  Inc.,Mesa,Maricopa,(480) 655-7868,no website,1,K-6
Harvest Power Community Development Group Inc.,Yuma,Yuma,(928) 783-6266,http://www.harvestprep.com/,3,K-12
Haven Montessori Children's House  Inc.,Flagstaff,Coconino,(928) 522-0985,no website,1,K-6
Hayden-Winkelman Unified District,Winkelman,Gila,(520) 356-7876,http://hwnetsvr.hwusd.k12.az.us/,4,PK-12
Heber-Overgaard Unified District,Heber,Navajo,(928) 535-4622,http://www.heberovergaardschools.org,4,PK-12
Heritage Academy  Inc.,Mesa,Maricopa,(480) 969-5641,no website,4,7-12
Heritage Elementary School,Glendale,Maricopa,(520) 545-0575,no website,2,K-8
Hermosa Montessori Charter School,Tucson,Pima,(520) 749-5518,no website,1,K-8
Highland Free School,Tucson,Pima,(520) 623-0104,no website,1,K-6
Higley Unified School District,Gilbert,Maricopa,(480) 279-7000,http://www.husd.org,14,PK-12
Hillcrest Academy  Inc.,Gilbert,Maricopa,(480) 325-8950,no website,1,K-8
Hillside Elementary District,Hillside,Yavapai,(928) 442-3416,no website,1,PK-8
Hirsch Academy A Challenge Foundation,Phoenix,Maricopa,(602) 686-4480,no website,1,PK-12
Holbrook Unified District,Holbrook,Navajo,(928) 524-6144,http://www.holbrook.k12.az.us,5,PK-12
Horizon Community Learning Center Inc.,Phoenix,Maricopa,(480) 659-3000,http://www.horizonclc.org,2,PK-12
Humanities And Sciences Academy Of The United States  Inc.,Phoenix,Maricopa,(602) 650-1116,no website,3,9-12
Humboldt Unified District,Prescott Valley,Yavapai,(928) 759-4000,http://www.humboldtunified.com,10,PK-12
Hyder Elementary District,Dateland,Yuma,(928) 454-2242,http://www.hyderschools.org,1,K-8
Imagine Avondale Elementary  Inc.,Avondale,Maricopa,(602) 547-7961,http://www.imagineavondale.com,1,PK-8
Imagine Avondale Middle  Inc.,Avondale,Maricopa,(602) 547-7961,no website,1,6-8
Imagine Camelback Middle  Inc.,Phoenix,Maricopa,(602) 547-7960,no website,1,6-8
Imagine Charter Elementary At Camelback  Inc.,Phoenix,Maricopa,(602) 547-7960,no website,1,PK-8
Imagine Charter Elementary At Desert West  Inc.,Phoenix,Maricopa,(602) 547-7960,no website,1,K-5
Imagine Coolidge Elementary  Inc.,Coolidge,Pinal,(602) 547-7961,no website,1,K-5
Imagine Desert West Middle  Inc.,Phoenix,Maricopa,(602) 547-7960,no website,1,6-8
Imagine Elementary At Tempe  Inc.,Tempe,Maricopa,(602) 547-7960,no website,1,K-6
Imagine Middle At East Mesa  Inc.,Mesa,Maricopa,(602) 547-7960,no website,1,7-8
Imagine Middle At Surprise  Inc.,Surprise,Maricopa,(602) 547-7960,no website,1,6-12
Imagine Prep Coolidge  Inc.,Coolidge,Pinal,(520) 424-2791,no website,1,6-12
Imagine Prep Superstition  Inc.,Apache Junction,Pinal,(602) 547-7961,no website,1,9-12
Imagine Prep Surprise  Inc.,Surprise,Maricopa,(602) 547-7961,no website,1,6-12
Imagine Superstition Middle  Inc.,Apache Junction,Pinal,(602) 547-7961,no website,1,6-8
Incito Schools,Phoenix,Maricopa,(480) 216-6110,no website,1,PK-12
Innovative Humanities Education Corporation,Oro Valley,Pima,(520) 203-4876,no website,1,PK-12
Institute For Transformative Education  Inc.,Tucson,Pima,(520) 615-2200,http://www.thewesterninstitute.org,1,9-12
Integrity Education Incorporated,Scottsdale,Maricopa,(480) 731-4829,no website,1,K-12
Intelli-School  Inc.,Phoenix,Maricopa,(602) 564-7380,http://www.intellischool.org,1,9-12
International Commerce Secondary Schools  Inc.,Phoenix,Maricopa,(602) 650-1333,http://www.humsci.org,2,9-12
Ira H. Hayes Memorial Applied Learning Center  Inc.,Bapchule,Pinal,(520) 315-5100,http://www.irahayes.org,1,9-12
Isaac Elementary District,Phoenix,Maricopa,(602) 455-6700,http://www.isaacschools.org,11,PK-8
J O Combs Unified School District,Queen Creek,Pinal,(480) 987-5300,http://www.jocombs.org,7,PK-12
James Madison Preparatory School,Tempe,Maricopa,(480) 345-2306,http://www.madisonprep.org,1,7-12
James Sandoval Preparatory High School,Phoenix,Maricopa,(623) 845-0781,no website,1,9-12
Joseph City Unified District,Joseph City,Navajo,(928) 288-3307,no website,3,PK-12
Juniper Tree Academy,Yuma,Yuma,(928) 317-3113,http://www.junipertree.net,1,K-5
Kaizen Education Foundation Dba El Dorado High School,Phoenix,Maricopa,(602) 953-2933,http://www.leonagroupaz.com/back.html,2,9-12
Kaizen Education Foundation Dba Gilbert Arts Public Charter,Phoenix,Maricopa,(602) 953-2933,no website,1,PK-6
Kaizen Education Foundation Dba Havasu Preparatory Academy,Lake Havasu City,Mohave,(602) 953-2933,no website,1,K-9
Kaizen Education Foundation Dba Liberty Arts Academy,Phoenix,Maricopa,(602) 953-2933,no website,1,PK-8
Kaizen Education Foundation Dba Maya High School,Phoenix,Maricopa,(602) 953-2933,no website,1,9-12
Kaizen Education Foundation Dba Mission Heights Preparatory,Casa Grande,Pinal,(602) 568-5219,no website,1,9-12
Kaizen Education Foundation Dba Skyview High School,Tucson,Pima,(602) 953-2933,no website,1,9-12
Kaizen Education Foundation Dba South Pointe Elementary Scho,Phoenix,Maricopa,(602) 953-2933,no website,1,K-6
Kaizen Education Foundation Dba South Pointe Junior High Sch,Phoenix,Maricopa,(602) 953-2933,no website,1,6-8
Kaizen Education Foundation Dba Summit High School,Phoenix,Maricopa,(602) 953-2933,no website,1,9-12
Kaizen Education Foundation Dba Tempe Accelerated High Schoo,Phoenix,Maricopa,(602) 953-2933,no website,1,9-12
Kaizen Education Foundation Dba Vista Grove Preparatory Acad,Phoenix,Maricopa,(602) 953-2933,http://www.leaonagroup.com,1,7-9
Kaizen Education Foundation Dba Vista Grove Preparatory Acad,Phoenix,Maricopa,(602) 953-2933,http://www.leaonagroup.com,1,7-9
Kayenta Unified District,Kayenta,Navajo,(928) 697-2006,http://www.kayenta.k12.az.us,3,PK-12
Kestrel Schools  Inc.,Prescott,Yavapai,(928) 541-1090,no website,1,9-12
Keystone Montessori Charter School  Inc.,Phoenix,Maricopa,(480) 460-7312,no website,1,1-9
Khalsa Family Services,Tucson,Pima,(520) 529-3611,no website,1,K-8
Khalsa Montessori Elementary Schools,Phoenix,Maricopa,(602) 252-3759,no website,1,K-6
Kin Dah Lichii Olta  Inc.,Ganado,Apache,(928) 755-3439,no website,1,7-8
Kingman Academy Of Learning,Kingman,Mohave,(928) 681-2400,http://https://www.kaol.k12.az.us,4,K-12
Kingman Unified School District,Kingman,Mohave,(928) 753-5678,http://www.kusd.org,12,PK-12
Kirkland Elementary District,Kirkland,Yavapai,(928) 442-3258,no website,1,PK-8
Kyrene Elementary School District,Tempe,Maricopa,(480) 541-1000,http://www.kyrene.org,26,PK-8
La Tierra Community School  Inc,Prescott,Yavapai,(928) 445-5100,no website,1,K-6
Lake Havasu Unified District,Lake Havasu City,Mohave,(928) 505-6900,http://www.havasu.k12.az.us,9,PK-12
Laveen Elementary District,Laveen,Maricopa,(602) 237-9100,http://laveeneld.org,7,PK-8
Lead Charter Schools,Gilbert,Maricopa,(480) 633-0414,http://www.leadingedgeacademy.com,4,K-12
Lead Charter Schools,Gilbert,Maricopa,(480) 633-0414,http://www.leadingedgeacademy.com,4,K-12
Leading Edge Academy Maricopa,Gilbert,Maricopa,(480) 633-0414,http://www.leadingedgeacademy.com/maricopa.html,1,K-8
Legacy Education Group,Mesa,Maricopa,(480) 981-2008,http://evhigh.com,1,9-12
Legacy Schools,Mesa,Maricopa,(480) 981-2008,no website,1,K-10
Legacy Traditional Charter School - Laveen Village,Laveen,Maricopa,(602) 903-6615,http://www.legacytraditional.org,1,K-8
Legacy Traditional Charter School - Maricopa,Maricopa,Pinal,(520) 413-9720,no website,3,K-10
Legacy Traditional School - Avondale,Maricopa,Pinal,(520) 413-9720,no website,1,K-8
Legacy Traditional School - Northwest Tucson,Tucson,Pima,(520) 505-3640,no website,1,K-8
Legacy Traditional School - Surprise,Surprise,Maricopa,(480) 270-5438,no website,1,K-8
Legacy Traditional Schools,Chandler,Maricopa,(480) 270-5438,http://legacytraditional.org,1,K-12
Leona Advanced Virtual Academy,Tempe,Maricopa,(602) 953-2933,no website,1,7-12
Liberty Elementary District,Buckeye,Maricopa,(623) 474-6600,http://www.liberty.k12.az.us,5,PK-8
Liberty High School,Globe,Gila,(928) 402-8024,no website,1,9-12
Liberty Traditional Charter School,Phoenix,Maricopa,(520) 545-0575,no website,2,K-8
Life Skills Center Of Arizona  Inc.,Phoenix,Maricopa,(602) 242-6400,http://www.lifeskillscenters.com,2,9-12
Lifelong Learning Research Institute  Inc.,Tucson,Pima,(520) 219-4383,http://www.lifelonglearningacademy.com,1,K-8
Lifelong Learning Research Institute  Inc.,Tucson,Pima,(520) 219-4383,http://www.lifelonglearningacademy.com,1,K-8
Litchfield Elementary District,Litchfield Park,Maricopa,(623) 535-6000,http://www.lesd.k12.az.us,14,PK-8
Little Lamb Community School,Scottsdale,Maricopa,(480) 860-4330,http://www.missionmontessori.com,1,K-8
Little Singer Community School Board Inc.,Birdspring,Navajo,(928) 526-6680,no website,1,7-8
Littlefield Unified District,Beaver Dam,Mohave,(928) 347-5486,http://www.lusd9.com,2,PK-12
Littleton Elementary District,Avondale,Maricopa,(623) 478-5600,http://littletonaz.org,6,PK-8
Luz Academy Of Tucson  Inc,Tucson,Pima,(520) 807-5892,no website,1,9-12
Madison Elementary District,Phoenix,Maricopa,(602) 664-7900,http://www.msd38.org,8,PK-8
Maine Consolidated School District,Parks,Coconino,(928) 635-2115,http://www.maine.apscc.k12.az.us,1,PK-8
Mammoth-San Manuel Unified District,San Manuel,Pinal,(520) 385-2337,http://www.msmusd.org,4,PK-12
Marana Unified District,Marana,Pima,(520) 682-4749,http://www.maranausd.org,20,PK-12
Maricopa County Community College District Dba Gateway Early,Phoenix,Maricopa,(602) 286-8759,no website,1,9-12
Maricopa County Regional District,Phoenix,Maricopa,(602) 452-4700,http://www.mcrsd.org,4,K-12
Maricopa Unified School District,Maricopa,Pinal,(520) 568-5100,http://www.musd20.org/,13,PK-12
Mary C O'brien Accommodation District,Toltec,Pinal,(520) 464-8961,no website,2,K-6, 9-12
Mary Ellen Halvorson Educational Foundation. Dba: Tri-City P,Prescott,Yavapai,(928) 777-0403,no website,1,9-12
Maryvale Preparatory Academy,Phoenix,Maricopa,(602) 438-7045,http://greatheartsaz.org,1,K-4
Masada Charter School  Inc.,Centennial Park,Mohave,(928) 875-2525,no website,1,K-9
Math And Science Success Academy  Inc.,Tucson,Pima,(520) 889-1504,no website,1,K-8
Mayer Unified School District,Mayer,Yavapai,(928) 642-1000,http://www.mayerschools.org,2,PK-12
Mcccd On Behalf Of Phoenix College Preparatory Academy,Tempe,Maricopa,(480) 731-8106,http://www.pcmail.maricopa.edu,1,9-12
Mcnary Elementary District,Mcnary,Apache,(928) 334-2293,no website,1,PK-8
Mcneal Elementary District,Mcneal,Cochise,(520) 642-3356,http://www.mcnealesd.org/,1,K-8
Mesa Unified School District,Mesa,Maricopa,(480) 472-0000,http://www.mpsaz.org,83,PK-12
Metropolitan Arts Institute  Inc.,Phoenix,Maricopa,(602) 258-9500,http://www.metro-arts.org,1,7-12
Mexicayotl Academy  Inc.,Nogales,Santa Cruz,(520) 287-6790,no website,2,K-8
Miami Unified District,Miami,Gila,(928) 425-3271,no website,5,PK-12
Midtown Primary School,Phoenix,Maricopa,(602) 265-5133,no website,1,K-4
Milestones Charter School,Phoenix,Maricopa,(602) 404-1009,http://www.milestonescharterschool.com,1,K-8
Mingus Springs Charter School,Chino Valley,Yavapai,(928) 636-4766,http://www.mingusspringsschool.org,1,K-8
Mingus Union High School District,Cottonwood,Yavapai,(928) 634-8901,no website,2,8-12
Mission Charter School  Inc.,Phoenix,Maricopa,(623) 581-7400,http://www.missioncharter.org/,1,9-12
Mobile Elementary District,Maricopa,Maricopa,(520) 568-2280,http://www.mobileesd.org,1,K-8
Mohave Accelerated Elementary School  Inc.,Bullhead City,Mohave,(928) 704-9345,no website,2,K-5
Mohave Accelerated Learning Center,Bullhead City,Mohave,(928) 704-9345,no website,1,6-12
Mohave Valley Elementary District,Mohave Valley,Mohave,(928) 768-2507,http://www.mvesd16.org,4,PK-8
Mohawk Valley Elementary District,Roll,Yuma,(928) 785-4942,no website,1,PK-8
Montessori Academy  Inc.,Paradise Valley,Maricopa,(480) 945-1121,http://www.montessoriacademyaz.org,1,PK-8
Montessori Charter School Of Flagstaff  Inc.,Flagstaff,Coconino,(928) 226-1212,no website,1,K-8
Montessori Day Public Schools Chartered  Inc.,Phoenix,Maricopa,(602) 943-7672,no website,2,K-8
Montessori Education Centre Charter School,Mesa,Maricopa,(480) 926-8375,no website,2,K-6
Montessori House  Inc.,Mesa,Maricopa,(480) 464-2800,no website,1,K-6
Montessori Schoolhouse Of Tucson  Inc.,Tucson,Pima,(520) 319-8668,http://themontessorischoolhouse.com/,2,K-5
Morenci Unified District,Morenci,Greenlee,(928) 865-2081,http://morenci.k12.az.us,3,PK-12
Morrison Education Group  Inc.,Phoenix,Maricopa,(602) 692-4914,no website,1,K-8
Morristown Elementary District,Morristown,Maricopa,(623) 546-5100,http://www.ourteacherspage.com/morristown,1,PK-8
Mountain Institute Jted,Prescott,Yavapai,(928) 771-0791,http://www.mountaininstitutejted.net,8,9-12
Mountain Oak Charter School  Inc.,Prescott,Yavapai,(928) 541-7700,no website,1,K-8
Mountain Rose Academy  Inc.,Tucson,Pima,(520) 229-1985,http://www.mountainroseacademy.com,1,9-12
Mountain School  Inc.,Flagstaff,Coconino,(928) 779-2392,no website,1,K-6
Multidimensional Literacy Corp.,Tucson,Pima,(520) 578-2022,no website,1,K-12
Murphy Elementary District,Phoenix,Maricopa,(602) 353-5002,http://www.msdaz.org,4,PK-8
Naco Elementary District,Naco,Cochise,(520) 432-5060,http://www.naco.k12.az.us,1,PK-8
Nadaburg Unified School District,Wittmann,Maricopa,(623) 388-2321,http://www.nadaburgsd.org,2,PK-8
Navajo County Accommodation District #99,Holbrook,Navajo,(928) 524-1821,no website,1,9-12
Navajo County School Superintendents Office,Holbrook,Navajo,(928) 524-4081,no website,1,Ungraded
Nazlini Community School  Inc.,Nazlini,Apache,(928) 755-6125,http://www.bwcs.bia.edu,1,7-8
New Horizon School For The Performing Arts,Mesa,Maricopa,(480) 655-7444,no website,1,K-6
New School For The Arts,Tempe,Maricopa,(480) 947-3917,http://www.aznsaa.com,1,9-12
New School For The Arts Middle School,Tempe,Maricopa,(480) 481-9235,no website,1,6-8
New Visions Academy  Inc.,Cottonwood,Yavapai,(928) 634-7320,no website,2,9-12
New West School,Tucson,Pima,(520) 574-3033,http://newwestschool.tripod.com,1,K-8
New World Educational Center,Phoenix,Maricopa,(602) 238-9577,http://www.nweccharter.org,2,K-12
Noah Webster Basic School,Mesa,Maricopa,(480) 986-2335,http://www.noahwebster.org,2,PK-6
Nogales Unified District,Nogales,Santa Cruz,(520) 287-0800,http://www.nusd.k12.az.us,11,PK-12
North Phoenix Preparatory Academy,Phoenix,Maricopa,(602) 438-7045,http://greatheartsaz.org,1,6-9
North Star Charter School Inc.,Phoenix,Maricopa,(623) 907-2661,http://www.northstaraz.com,2,9-12
Northeast Arizona Technological Institute Of Vocational Education,Snowflake,Navajo,(928) 697-2500,http://www.native.k12.az.us,10,9-12
Northern Arizona Vocational Institute Of Technology,Snowflake,Navajo,(928) 536-6100,http://www.navitschool.org,12,6-12
Northland Preparatory Academy,Flagstaff,Coconino,(928) 214-8776,http://www.northlandprep.org,1,6-12
Nosotros  Inc,Tucson,Pima,(520) 624-1023,no website,1,3-12
Ombudsman Educational Services  Ltd. A Subsidiary Of Educati,Phoenix,Maricopa,(800) 833-9235,no website,4,9-12
Ombudsman Educational Services Ltd A Subsidiary Of Educati,Libertyville,Lake,(800) 833-9235,no website,4,6-12
Omega Alpha Academy,Douglas,Cochise,(520) 805-1261,no website,1,K-12
Omega Schools D.B.A. Omega Academy  Inc.,Glendale,Maricopa,(623) 979-7173,http://www.omegak12.com/,4,K-12
Open Doors Community School  Inc.,Marana,Pima,(520) 744-9595,http://www.opendoorsschool.org,1,K-8
Oracle Elementary District,Oracle,Pinal,(520) 896-3071,http://www.osd2.org,2,PK-8
Osborn Elementary District,Phoenix,Maricopa,(602) 707-2000,http://www.osbornnet.org,5,PK-8
Owens-Whitney Elementary District,Wikieup,Mohave,(928) 765-2311,no website,1,K-8
P.L.C. Charter Schools,Tolleson,Maricopa,(623) 474-2120,http://www.plcchartersschools.org,1,K-8
Pace Preparatory Academy  Inc.,Sedona,Yavapai,(928) 775-0719,http://https://www.paceacademy.com,2,9-12
Page Unified District,Page,Coconino,(928) 608-4157,http://www.pageschools.org,4,PK-12
Painted Desert Demonstration Projects  Inc.,Flagstaff,Coconino,(602) 412-3533,no website,1,K-8
Painted Pony Ranch Charter School,Prescott,Yavapai,(928) 776-1212,no website,1,K-8
Palo Verde Elementary District,Palo Verde,Maricopa,(623) 327-3690,http://www.paloverdeschools.org,1,K-8
Paloma School District,Gila Bend,Maricopa,(928) 683-2588,no website,1,PK-8
Palominas Elementary District,Hereford,Cochise,(520) 366-6204,http://www.palominas.k12.az.us,3,PK-8
Pan-American Elementary Charter,Phoenix,Maricopa,(602) 266-3989,no website,1,K-12
Paradise Valley Unified District,Phoenix,Maricopa,(602) 449-2000,http://www.pvschools.net/,49,PK-12
Paragon Education Corporation,Chandler,Maricopa,(480) 753-3889,http://www.paragonscience.org,1,Ungraded
Paragon Management  Inc.,Surprise,Maricopa,(623) 455-7400,http://https://www.paradiseeducationcenter.com,2,K-12
Paramount Education Studies Inc,Peoria,Maricopa,(623) 977-0614,no website,1,K-8
Park View School  Inc.,Prescott Valley,Yavapai,(928) 775-5115,http://www.parkviewschool.org,2,6-12
Parker Unified School District,Parker,La Paz,(928) 669-9244,http://www.parkerusd.org,6,PK-12
Pas Charter  Inc.  Dba Intelli-School,Phoenix,Maricopa,(602) 564-7300,http://www.intellischool.org,2,9-12
Patagonia Elementary District,Patagonia,Santa Cruz,(520) 394-3050,http://patagonia.echalk.com,1,PK-8
Patagonia Montessori Elementary School,Patagonia,Santa Cruz,(520) 394-9530,no website,1,K-8
Patagonia Union High School District,Patagonia,Santa Cruz,(520) 394-3000,http://patagonia.echalk.com,1,9-12
Pathfinder Charter School Foundation,Phoenix,Maricopa,(602) 547-7960,no website,1,K-5
Pathways Km Charter Schools  Inc,Rimrock,Yavapai,(928) 567-9213,no website,1,9-12
Patriot Academy  Inc.,Queen Creek,Maricopa,(602) 367-0378,http://www.patriotacademyaz.org,1,K-8
Payson Unified District,Payson,Gila,(928) 474-2070,no website,6,K-12
Peach Springs Unified District,Peach Springs,Mohave,(928) 769-2202,no website,1,K-8
Peak School Inc.  The,Flagstaff,Coconino,(928) 779-0771,http://www.peakschool.org,1,K-8
Pearce Elementary District,Pearce,Cochise,(520) 826-3328,no website,1,K-8
Pendergast Elementary District,Phoenix,Maricopa,(623) 772-2200,http://www.pesd92.org,14,PK-8
Peoria Unified School District,Glendale,Maricopa,(623) 486-6000,http://www.peoriaud.k12.az.us,42,PK-12
Phoenix Advantage Charter School  Inc.,Phoenix,Maricopa,(602) 263-8777,http://www.phoenixadvantage.org,1,K-8
Phoenix Collegiate Academy  Inc.,Phoenix,Maricopa,(602) 268-9900,no website,2,4-12
Phoenix Education Management  Llc,Phoenix,Maricopa,(602) 305-8865,no website,1,K-8
Phoenix Elementary District,Phoenix,Maricopa,(602) 257-3790,http://www.phxelem.k12.az.us,13,PK-8
Phoenix School Of Academic Excellence The,Phoenix,Maricopa,(602) 424-0287,http://www.learning-institute.com,1,7-12
Phoenix Union High School District,Phoenix,Maricopa,(602) 764-1100,http://www.phoenixunion.org/,15,9-12
Picacho Elementary District,Picacho,Pinal,(520) 466-7942,no website,1,K-8
Pillar Charter School,Phoenix,Maricopa,(602) 920-8253,http://www.pillaracademy.com/,2,9-12
Pima County Board Of Supervisors,Tucson,Pima,(520) 724-9740,no website,1,9-12
Pima County Jted,Tucson,Pima,(520) 352-5833,http://www.pimajted.org,47,9-12
Pima Prevention Partnership,Tucson,Pima,(520) 791-2711,http://www.thepartnership.us/index.cfm?pID=6058,1,9-12
Pima Prevention Partnership Dba Pima Partnership Academy,Tucson,Pima,(520) 791-2711,no website,1,6-8
Pima Prevention Partnership Dba Pima Partnership School  The,Tucson,Pima,(520) 791-2711,http://www.thepartnership.us/index.cfm?pID=6058,1,9-12
Pima Rose Academy  Inc.,Tucson,Pima,(520) 797-4884,http://www.pimaroseacademy.com,1,9-12
Pima Unified District,Pima,Graham,(928) 387-8000,http://www.pimaschools.org,4,K-12
Pine Forest Education Association  Inc.,Flagstaff,Coconino,(928) 779-9880,http://www.pineforestschool.com,1,K-8
Pine Strawberry Elementary District,Pine,Gila,(928) 476-3283,no website,1,PK-8
Pinnacle Education-Casa Grande  Inc.,Casa Grande,Pinal,(480) 755-8222,no website,1,9-12
Pinnacle Education-Kino  Inc.,Nogales,Santa Cruz,(480) 755-8222,no website,1,9-12
Pinnacle Education-Mesa  Inc.,Mesa,Maricopa,(480) 755-8222,no website,1,9-12
Pinnacle Education-Tempe  Inc.,Tempe,Maricopa,(602) 414-0950,no website,2,9-12
Pinnacle Education-Wmcb  Inc.,Chandler,Maricopa,(480) 755-8222,no website,1,9-12
Pinon Unified District,Pinon,Navajo,(928) 725-3450,http://www.pusdatsa.org,3,PK-12
Plc Arts Academy At Scottsdale  Inc.,Tolleson,Maricopa,(623) 474-2120,http://www.plccharterschools.org,1,K-4
Pointe Educational Services,Glendale,Maricopa,(602) 843-2014,http://www.pointeschools.org,3,K-12
Pomerene Elementary District,Pomerene,Cochise,(520) 586-2407,http://www.pomereneschool.org/,1,K-8
Portable Practical Educational Preparation  Inc. (Ppep  Inc.,Tucson,Pima,(602) 476-1320,http://www.azva.org/,2,K-12
Portable Practical Educational Preparation  Inc. (Ppep  Inc.,Phoenix,Maricopa,(602) 476-1320,http://www.azva.org/,2,K-12
Precision Academy Systems  Inc,Phoenix,Maricopa,(602) 453-3661,no website,1,9-12
Premier Charter High School,Phoenix,Maricopa,(623) 245-1500,no website,1,9-12
Prescott Unified District,Prescott,Yavapai,(928) 445-5400,http://www.prescottschools.com,7,PK-12
Prescott Valley Charter School,Prescott Valley,Yavapai,(928) 772-8744,no website,1,K-12
Presidio School,Tucson,Pima,(520) 881-5222,no website,1,K-12
Presidio School  Inc.,Tucson,Pima,(520) 881-5222,no website,1,K-8
Primavera Technical Learning Center,Chandler,Maricopa,(480) 456-6678,http://primaveratech.org/,1,6-12
Quartzsite Elementary District,Ehrenberg,La Paz,(928) 923-7907,http://www.qsd4.org,2,K-8
Queen Creek Unified District,Queen Creek,Maricopa,(480) 987-5935,http://www.qcusd.org,8,PK-12
Ray Unified District,Kearny,Pinal,(520) 363-5515,http://www.rayusd.org,3,PK-12
Red Mesa Unified District,Teec Nos Pos,Apache,(928) 656-4100,http://www.redmesa.k12.az.us,5,K-12
Red Rock Elementary District,Red Rock,Pinal,(520) 682-3331,no website,1,PK-8
Reid Traditional Schools' Painted Rock Academy Inc.,Phoenix,Maricopa,(623) 466-8855,no website,1,PK-12
Reid Traditional Schools' Valley Academy  Inc.,Phoenix,Maricopa,(623) 478-2344,no website,1,PK-8
Research Based Education Corporation,Phoenix,Maricopa,(602) 944-5111,no website,1,K-8
Ridgeline Academy  A Challenge Foundation Academy,Phoenix,Maricopa,(623) 223-1335,no website,1,K-8
Riverside Elementary District,Phoenix,Maricopa,(602) 477-8900,http://www.resdonline.org,2,PK-8
Roosevelt Elementary District,Phoenix,Maricopa,(602) 243-4800,http://www.rsd.k12.az.us,20,PK-8
Rosefield Charter Elementary School  Inc.,Surprise,Maricopa,(602) 547-7960,no website,1,PK-5
Round Valley Unified District,Springerville,Apache,(928) 333-6580,http://www.elks.net,3,PK-12
Rsd Charter School  Inc.,Phoenix,Maricopa,(602) 993-5225,http://www.rsdcharterschool.com/,2,9-12
Sacaton Elementary District,Sacaton,Pinal,(520) 562-8600,http://www.sacatonschools.org,2,PK-8
Saddle Mountain Unified School District #90,Tonopah,Maricopa,(623) 474-5100,http://www.smusd90.org,3,K-12
Safford Unified District,Safford,Graham,(928) 348-7000,http://www.saffordusd.k12.az.us,6,PK-12
Sage Academy  Inc.,Scottsdale,Maricopa,(602) 485-3402,http://www.sage-academy.org/,1,K-8
Sahuarita Unified District,Sahuarita,Pima,(520) 625-3502,http://www.susd30.us/,8,PK-12
Salome Consolidated Elementary District,Salome,La Paz,(928) 859-3339,http://www.salomek8.org,1,PK-8
Salt River Pima-Maricopa  Community Schools,Scottsdale,Maricopa,(480) 850-7663,http://www.srpmic-ed.org,2,7-12
San Carlos Unified District,San Carlos,Gila,(928) 475-2315,http://www.sancarlosbraves.org/,3,PK-12
San Fernando Elementary District,Sasabe,Pima,(520) 823-4243,no website,1,K-8
San Simon Unified District,San Simon,Cochise,(520) 845-2275,http://www.sansimon.k12.az.us,1,K-12
San Tan Montessori School  Inc.,Gilbert,Maricopa,(480) 222-0811,http://www.santanlearningcenter.com/k4elementary.htm,1,PK-8
Sanders Unified District,Sanders,Apache,(928) 688-4700,http://www.susd.k12.az.us,3,PK-12
Santa Cruz County Regional School District,Nogales,Santa Cruz,(520) 281-9179,no website,1,5-12
Santa Cruz Elementary District,Nogales,Santa Cruz,(520) 287-0737,no website,1,K-8
Santa Cruz Valley Opportunities In Education  Inc.,Tubac,Santa Cruz,(520) 398-0536,no website,1,K-8
Santa Cruz Valley Unified District,Rio Rico,Santa Cruz,(520) 281-8282,http://www.santacruz.k12.az.us,6,PK-12
Santa Cruz Valley Union High School District,Eloy,Pinal,(520) 466-2220,no website,2,9-12
Satori  Inc.,Tucson,Pima,(520) 293-7555,no website,1,2-8
School Jensen Corporation  Inc. Dba Intelli-School,Phoenix,Maricopa,(602) 564-7380,http://www.intellischool.org,1,9-12
Scottsdale Country Day School,Scottsdale,Maricopa,(480) 452-5777,no website,1,PK-12
Scottsdale Preparatory Academy,Phoenix,Maricopa,(480) 776-1970,http://www.scottsdaleprep.org/,1,5-12
Scottsdale Unified District,Phoenix,Maricopa,(480) 484-6100,http://www.susd.org,33,PK-12
Sedona Charter School  Inc.,Sedona,Yavapai,(928) 204-6464,http://www.sedonacharterschool.com,1,K-8
Sedona-Oak Creek Jusd #9,Sedona,Coconino,(928) 204-6800,http://www.sedona.k12.az.us,5,PK-12
Self Development Charter School,Mesa,Maricopa,(480) 641-2640,no website,1,K-8
Seligman Unified District,Seligman,Yavapai,(928) 422-3233,http://www.seligmanschools.org,2,PK-12
Sentinel Elementary District,Sentinel,Maricopa,(928) 454-2474,no website,1,K-8
Shonto Governing Board Of Education  Inc.,Shonto,Navajo,(928) 672-2652,no website,1,9-12
Show Low Unified District,Show Low,Navajo,(928) 537-6001,http://www.show-low.k12.az.us,8,PK-12
Sierra Oaks School  Inc,Oracle,Pinal,(520) 896-3100,no website,1,K-6
Sierra Vista Charter School  Inc.,Sierra Vista,Cochise,(602) 547-7960,http://www.imagineschools.com,1,K-8
Sierra Vista Unified District,Sierra Vista,Cochise,(520) 515-2714,http://www.sierravistapublicschools.com,9,PK-12
Skull Valley Elementary District,Skull Valley,Yavapai,(928) 442-3322,no website,1,K-6
Skyline Gila River Schools  Llc,Peoria,Maricopa,(623) 385-3580,no website,1,5-8
Skyline Schools  Inc.,Phoenix,Maricopa,(623) 385-3580,http://www.skylineschools.com,2,9-12
Skyview School  Inc.,Prescott,Yavapai,(928) 776-1730,http://www.skyviewschool.org,1,K-8
Snowflake Unified District,Snowflake,Navajo,(928) 536-4156,http://www.snowflake.k12.az.us/,7,PK-12
Solomon Elementary District,Solomon,Graham,(928) 428-0477,no website,1,PK-8
Somerton Elementary District,Somerton,Yuma,(928) 341-6000,http://www.somerton.k12.az.us,5,PK-8
Sonoita Elementary District,Elgin,Santa Cruz,(520) 455-5514,no website,1,PK-8
Sonoran Desert School,Gold Canyon,Pinal,(480) 396-5463,http://www.sdschool.org,1,5-12
Sonoran Science Academy - Broadway,Tucson,Pima,(520) 751-2401,no website,1,K-8
Sonoran Science Academy - Davis Monthan,Tucson,Pima,(520) 300-5699,no website,1,6-12
Sonoran Science Academy - Phoenix Metro,Phoenix,Maricopa,(480) 246-9199,http://www.sonoranacademy.org,1,K-8
South Mountain Preparatory Academy Public Charter Elementary,Phoenix,Maricopa,(602) 953-2933,no website,1,PK-12
South Phoenix Academy Inc.,Phoenix,Maricopa,(623) 385-3580,http://www.skylineschools.com,1,K-4
South Valley Academy  Inc.,Phoenix,Maricopa,(623) 385-3580,no website,1,5-8
Southern Arizona Community Academy  Inc.,Tucson,Pima,(520) 319-6113,no website,1,9-12
Southgate Academy  Inc.,Tucson,Pima,(520) 741-7900,no website,1,K-12
Southwest Leadership Academy,Phoenix,Maricopa,(775) 392-2659,no website,1,PK-12
St David Unified District,St. David,Cochise,(520) 720-4781,http://www.stdavidschool.net/,2,PK-12
St Johns Unified District,St. Johns,Apache,(928) 337-2255,http://www.sjusd.net,4,PK-12
Stanfield Elementary District,Stanfield,Pinal,(520) 424-3353,http://stanfield.schoolfusion.us/,1,PK-8
Starshine Academy,Phoenix,Maricopa,(602) 957-9557,http://www.starshineacademy.org,3,K-12
Stepping Stones Academy,Phoenix,Maricopa,(623) 465-4910,http://www.steppingstonesacademy.org,1,K-8
Success School,Surprise,Maricopa,(623) 974-4959,no website,1,K-12
Successful Beginnings Charter School,Show Low,Navajo,(928) 537-2365,no website,1,K-3
Sunnyside Charter And Montessori School,Camp Verde,Yavapai,(928) 567-2363,http://www.cnsmontessori.org,1,6-9
Sunnyside Unified District,Tucson,Pima,(520) 545-2000,http://www.sunnysideud.k12.az.us,24,PK-12
Superior Unified School District,Superior,Pinal,(520) 689-3002,http://www.superior.k12.az.us,3,PK-12
Tag Elementary  Inc.,Tucson,Pima,(520) 296-0006,http://tagcharterschool.wix.com/tagcharterschool,1,K-8
Tanque Verde Unified District,Tucson,Pima,(520) 749-5751,http://www.tanq.org,4,PK-12
Teleos Preparatory Academy,Phoenix,Maricopa,(602) 438-7045,no website,1,K-12
Telesis Center For Learning  Inc.,Lake Havasu City,Mohave,(928) 855-8661,http://www.telesiscenter.org,2,K-12
Tempe Preparatory Academy,Tempe,Maricopa,(480) 839-3402,http://www.tempeprep.org,1,7-12
Tempe School District,Tempe,Maricopa,(480) 730-7102,http://www.tempeschools.org/,21,PK-8
Tempe Union High School District,Tempe,Maricopa,(480) 839-0292,http://www.tuhsd.k12.az.us,8,9-12
Thatcher Unified District,Thatcher,Graham,(928) 348-7201,http://www.thatcherud.k12.az.us,4,K-12
The Charter Foundation  Inc.,Phoenix,Maricopa,(602) 354-4299,http://www.amerischools.org,4,PK-8
The Odyssey Preparatory Academy  Inc.,Buckeye,Maricopa,(623) 327-3111,no website,5,K-12
The Paideia Academies  Inc,Phoenix,Maricopa,(602) 343-3040,http://www.paideiaacademies.com/,1,PK-6
The Shelby School,Payson,Gila,(928) 478-4706,http://www.shelbyschool.com,1,K-10
Tolleson Elementary District,Tolleson,Maricopa,(623) 936-9740,http://www.tollesonschools.org,4,PK-8
Tolleson Union High School District,Tolleson,Maricopa,(623) 478-4000,http://www.tuhsd.org,7,9-12
Toltec Elementary District,Eloy,Pinal,(520) 466-2360,http://www.toltec.k12.az.us,2,PK-8
Tombstone Unified District,Tombstone,Cochise,(520) 457-2217,http://www.tombstoneschools.org,3,PK-12
Tonto Basin Elementary District,Tonto Basin,Gila,(928) 479-2277,no website,1,PK-8
Topock Elementary District,Topock,Mohave,(928) 768-3344,http://topockazschool.com,1,PK-8
Triumphant Learning Center,Safford,Graham,(928) 348-8422,no website,1,K-8
Trivium Preparatory Academy,Phoenix,Maricopa,(602) 438-7045,http://greatheartsaz.org,1,6-12
Tuba City Unified District,Tuba City,Coconino,(928) 283-1001,http://www.tcusd.org/,7,PK-12
Tucson Collegiate Prep  Inc.,Tucson,Pima,(520) 870-1670,no website,1,PK-12
Tucson Country Day School  Inc.,Tucson,Pima,(520) 296-0883,http://www.tcdcharterschool.com,1,K-8
Tucson International Academy  Inc.,Tucson,Pima,(520) 792-3255,no website,4,K-12
Tucson Preparatory School,Tucson,Pima,(520) 622-4185,no website,1,9-12
Tucson Small School Project,Tucson,Pima,(520) 623-7223,http://cityhighschool.org,1,9-12
Tucson Unified District,Tucson,Pima,(520) 225-6060,http://www.tusd.k12.az.us,99,PK-12
Tucson Youth Development Ace Charter High School,Tucson,Pima,(520) 623-5843,no website,2,9-12
Twenty First Century Charter School  Inc. Bennett Academy,Phoenix,Maricopa,(602) 943-1317,http://www.bennettacademy.com,2,K-8
Union Elementary District,Tolleson,Maricopa,(623) 478-5005,http://www.uesd.org,3,PK-8
University Public Schools  Inc.,Tempe,Maricopa,(480) 727-5700,http://www.asuprep.asu.edu,1,PK-8
University Public Schools  Inc.,Mesa,Maricopa,(480) 727-5700,http://www.asuprep.asu.edu,1,PK-8
University Public Schools  Inc.,Phoenix,Maricopa,(480) 727-5700,http://www.asuprep.asu.edu,1,PK-8
University Public Schools  Inc.,Mesa,Maricopa,(480) 727-5700,http://www.asuprep.asu.edu,1,PK-8
Us Mental Math Federation Incorp,Tempe,Maricopa,(602) 330-9579,no website,1,K-9
Vail Unified District,Vail,Pima,(520) 879-2000,http://www.vail.k12.az.us,18,PK-12
Valentine Elementary District,Truxton,Mohave,(928) 769-2310,no website,1,K-8
Valley Academy For Career And Technology Education,Cottonwood,Yavapai,(928) 634-7131,no website,6,9-12
Valley Of The Sun Waldorf Education Association  Dba Desert,Phoenix,Maricopa,(602) 243-6909,http://www.arizonawaldorf.org,1,K-12
Valley Union High School District,Elfrida,Cochise,(520) 642-3492,http://www.vuhs.net,1,9-12
Vechij Himdag Alternative School  Inc.,Sacaton,Pinal,(520) 562-3286,no website,1,9-12
Vector School District  Inc.,Chandler,Maricopa,(480) 779-2003,no website,1,K-6
Veritas Preparatory Academy,Phoenix,Maricopa,(602) 438-7045,no website,1,6-12
Vernon Elementary District,Vernon,Apache,(928) 537-5463,http://www.vernon.k12.az.us,1,K-8
Victory High School  Inc.,Phoenix,Maricopa,(602) 243-7583,no website,1,9-12
Villa Montessori Charter School,Phoenix,Maricopa,(602) 955-2210,no website,1,K-8
Vision Charter School  Inc.,Tucson,Pima,(520) 444-0241,no website,1,9-12
Visions Unlimited Academy  Inc.,Benson,Cochise,(520) 586-8691,no website,1,K-8
Vista Charter School,Phoenix,Maricopa,(623) 936-8682,no website,1,9-12
Washington Elementary School District,Glendale,Maricopa,(602) 347-2600,http://www.wesdschools.org/,32,PK-8
Wellton Elementary District,Wellton,Yuma,(928) 785-3311,http://www.wellton.apscc.k12.az.us/,1,PK-8
Wenden Elementary District,Wenden,La Paz,(928) 859-3806,no website,1,PK-8
West Gilbert Charter Elementary School  Inc.,Phoenix,Maricopa,(602) 547-7960,no website,1,PK-5
West Gilbert Charter Middle School  Inc.,Gilbert,Maricopa,(602) 547-7961,no website,1,6-8
West Valley Arts And Technology Academy  Inc.,Laveen,Maricopa,(602) 285-3003,no website,1,K-7
West-Mec - Western Maricopa Education Center,Glendale,Maricopa,(623) 738-0000,http://www.west-mec.org,45,11-12
Western Arizona Vocational District #50,Kingman,Mohave,(928) 753-0747,no website,8,9-12
Westwind Middle School Academy,Phoenix,Maricopa,(602) 864-7731,no website,1,6-8
Whiteriver Unified District,Whiteriver,Navajo,(928) 338-4842,http://www.wusd.k12.az.us,5,PK-12
Wickenburg Unified District,Wickenburg,Maricopa,(928) 668-5350,http://www.wickenburg.k12.az.us,5,K-12
Wildcat Secondary School,Tucson,Pima,(520) 294-2843,http://www.thewildcatschool.com,1,K-8
Willcox Unified District,Willcox,Cochise,(520) 384-8600,http://www.wusd13.org,3,PK-12
Williams Unified District,Williams,Coconino,(928) 635-4473,http://www.wusd2.org,2,PK-12
Wilson Elementary District,Phoenix,Maricopa,(602) 681-2200,http://www.wsd.k12.az.us,2,K-8
Window Rock Unified District,Fort Defiance,Apache,(928) 729-6706,http://www.wrschool.net/,6,PK-12
Winslow Unified District,Winslow,Navajo,(928) 288-8101,http://www.winslowsd.k12.az.us/,6,K-12
Yarnell Elementary District,Yarnell,Yavapai,(928) 427-3347,http://www.yesd52.org,1,PK-8
Yavapai Accommodation School District,Prescott Valley,Yavapai,(928) 759-8126,http://www.yavapaicountyhs.org,2,7-12
Young Elementary District,Young,Gila,(928) 462-3244,no website,2,PK-12
Young Scholars Academy Charter School Corp.,Bullhead City,Mohave,(928) 704-1100,no website,1,K-8
Yucca Elementary District,Yucca,Mohave,(928) 766-2581,no website,1,K-5
Yuma Elementary District,Yuma,Yuma,(928) 502-4352,http://www.yuma.org/,17,PK-8
Yuma Private Industry Council  Inc.,Yuma,Yuma,(928) 329-0990,no website,1,9-12
Yuma Union High School District,Yuma,Yuma,(928) 502-4600,http://www.yumaunion.org,7,9-12
