Abc Unified School District,Cerritos,Los Angeles,(562) 926-5566,http://www.abcusd.k12.ca.us,31,K-12
Acalanes Union High School District,Lafayette,Contra Costa,(925) 280-3900,http://www.acalanes.k12.ca.us,6,9-12
Ackerman Charter School District,Auburn,Placer,(530) 885-1974,http://www.bowmancharter.org,1,K-8
Acton-Agua Dulce Unified School District,Acton,Los Angeles,(661) 269-5999,http://www.aadusd.k12.ca.us,20,K-12
Adelanto Elementary School District,Adelanto,San Bernardino,(760) 246-8691,http://www.aesd.net,15,K-12
Alameda City Unified School District,Hayward,Alameda,(510) 887-0152,http://www.acoe.org,11,PK-12
Alameda Unified School District,Alameda,Alameda,(510) 337-7000,http://www.alameda.k12.ca.us,22,K-12
Albany City Unified School District,Albany,Alameda,(510) 558-3750,http://www.ausdk12.org,6,K-12
Alexander Valley Union Elementary School District,Healdsburg,Sonoma,(707) 433-1375,http://www.alexandervalleyusd.org,1,K-6
Alhambra Unified School District,Alhambra,Los Angeles,(626) 943-3000,http://www.ausd.us,18,K-12
Alisal Union School District,Salinas,Monterey,(831) 753-5700,http://www.alisal.org,13,K-6
Allensworth Elementary School District,Allensworth,Tulare,(661) 849-2401,http://www.tcoe.org/districts/allensworth.shtm,1,K-8
Alpaugh Unified School District,Alpaugh,Tulare,(559) 949-8413,http://www.tcoe.org/districts/alpaugh.shtm,4,K-12
Alpine County Office Of Education School District,Markleeville,Alpine,(530) 694-2230,http://www.alpinecoe.k12.ca.us,1,1-12
Alpine County Unified School District,Markleeville,Alpine,(530) 694-2230,http://www.alpinecoe.k12.ca.us,2,K-12
Alpine Union Elementary School District,Alpine,San Diego,(619) 445-3236,http://www.alpineschools.net,6,PK-8
Alta Loma Elementary School District,Alta Loma,San Bernardino,(909) 484-5151,http://www.alsd.k12.ca.us,10,K-8
Alta Vista Elementary School District,Porterville,Tulare,(559) 782-5700,http://www.alta-vista.k12.ca.us,1,K-8
Alta-Dutch Flat Union Elementary School District,Alta,Placer,(530) 389-8283,http://www.alta.k12.ca.us,1,K-8
Alum Rock Union Elementary School District,San Jose,Santa Clara,(408) 928-6800,http://www.arusd.org,28,PK-8
Alview-Dairyland Union Elementary School District,Chowchilla,Madera,(559) 665-2394,http://www.adusd.k12.ca.us,2,K-8
Alvina Elementary School District,Caruthers,Fresno,(559) 864-9411,no website,1,K-8
Alvord Unified School District,Corona,Riverside,(951) 509-5070,http://www.alvord.k12.ca.us,27,PK-12
Amador County Office Of Education School District,Jackson,Amador,(209) 257-5353,http://www.amadorcoe.org/,3,K-12
Amador County Rop School District,Jackson,Amador,(209) 267-5497,no website,1,12
Amador County Unified School District,Jackson,Amador,(209) 223-1750,http://www.amadorcoe.org,12,K-12
Anaheim Elementary School District,Anaheim,Orange,(714) 517-7500,http://www.acsd.k12.ca.us,25,K-6
Anaheim Union High School District,Anaheim,Orange,(714) 999-3511,http://www.auhsd.us,20,7-12
Anderson Union High School District,Anderson,Shasta,(530) 378-0568,http://www.auhsd.net,7,9-12
Anderson Valley Unified School District,Boonville,Mendocino,(707) 895-3774,http://www.avusd.k12.ca.us,4,K-12
Antelope Elementary School District,Red Bluff,Tehama,(530) 527-1272,http://aesd-ca.schoolloop.com,6,K-8
Antelope Valley Rop School District,Palmdale,Los Angeles,(661) 575-1026,http://www.avrop.avhsd.org,1,9-12
Antelope Valley Union High School District,Lancaster,Los Angeles,(661) 948-7655,http://www.avdistrict.org,15,7-12
Antioch Unified School District,Antioch,Contra Costa,(925) 779-7500,http://www.antioch.k12.ca.us,28,K-12
Apple Valley Unified School District,Apple Valley,San Bernardino,(760) 247-8001,http://www.avusd.org,16,PK-12
Arcadia Unified School District,Arcadia,Los Angeles,(626) 821-8300,http://www.ausd.k12.ca.us,11,K-12
Arcata Elementary School District,Arcata,Humboldt,(707) 822-0351,no website,6,K-8
Arcohe Union Elementary School District,Herald,Sacramento,(209) 748-2313,http://www.arcohe.net,1,K-8
Arena Union Elementary School District,Point Arena,Mendocino,(707) 882-2803,http://www.mcoe.k12.ca.us/schools/arena_union,2,K-12
Armona Union Elementary School District,Armona,Kings,(559) 583-5000,no website,4,K-12
Aromas - San Juan Unified School District,San Juan Bautista,San Benito,(831) 623-4500,http://www.asjusd.k12.ca.us,3,K-12
Arvin Union School District,Arvin,Kern,(661) 854-6500,no website,4,PK-8
Atascadero Unified School District,Atascadero,San Luis Obispo,(805) 462-4200,http://www.atasusd.org,12,PK-12
Atwater Elementary School District,Atwater,Merced,(209) 357-6100,http://www.aesd.edu,10,K-8
Auburn Union Elementary School District,Auburn,Placer,(530) 885-7242,http://www.auburn.k12.ca.us,5,K-8
Azusa Unified School District,Azusa,Los Angeles,(626) 967-6211,http://www.azusa.org,19,PK-12
Baker Valley Unified School District,Baker,San Bernardino,(760) 733-4567,http://www.baker.k12.ca.us/baker.htm,4,K-12
Bakersfield City School District,Bakersfield,Kern,(661) 631-4610,no website,44,PK-8
Baldwin Park Unified School District,Baldwin Park,Los Angeles,(626) 962-3311,http://www.bpusd.net,23,K-12
Baldy View Rop School District,Ontario,San Bernardino,(909) 980-6490,no website,1,9-12
Ballard Elementary School District,Solvang,Santa Barbara,(805) 688-4812,http://www.ballardschool.org,1,K-6
Ballico-Cressey Elementary School District,Ballico,Merced,(209) 632-5371,http://www.ballicocressey.com,2,K-8
Bangor Union Elementary School District,Bangor,Butte,(530) 679-2434,http://www.bcoe.org/home/districts/bangor,1,K-8
Banning Unified School District,Banning,Riverside,(951) 922-0200,http://www.banning.k12.ca.us,12,PK-12
Banta Elementary School District,Tracy,San Joaquin,(209) 229-4651,http://bantaesd.sharpschool.net,2,K-8
Barstow Unified School District,Barstow,San Bernardino,(760) 255-6000,http://www.barstow.k12.ca.us,13,K-12
Bass Lake Joint Union Elementary School District,Oakhurst,Madera,(559) 642-1555,http://www.basslakeschooldistrict.com,5,K-8
Bassett Unified School District,La Puente,Los Angeles,(626) 931-3000,http://www.bassett.k12.ca.us,8,K-12
Bayshore Elementary School District,Daly City,San Mateo,(415) 467-5443,http://www.bayshore.k12.ca.us,1,K-8
Bear Valley Unified School District,Big Bear Lake,San Bernardino,(909) 866-4631,http://www.bearvalleyusd.org,7,K-12
Beardsley Elementary School District,Bakersfield,Kern,(661) 393-8550,no website,4,K-8
Beaumont Unified School District,Beaumont,Riverside,(951) 845-1631,http://www.beaumontusd.k12.ca.us,15,PK-12
Bella Vista Elementary School District,Bella Vista,Shasta,(530) 549-4415,http://www.bveagles.com,1,K-8
Belleview Elementary School District,Sonora,Tuolumne,(209) 586-5510,http://www.belleview.k12.ca.us,1,K-8
Bellevue Union School District,Santa Rosa,Sonoma,(707) 542-5197,http://www.busd.org/,5,K-12
Bellflower Unified School District,Bellflower,Los Angeles,(562) 866-9011,http://www.busd.k12.ca.us,16,PK-12
Belmont-Redwood Shores Elementary School District,Belmont,San Mateo,(650) 637-4800,http://www.brssd.org,7,K-8
Belridge Elementary School District,Mckittrick,Kern,(661) 762-7381,no website,1,K-8
Benicia Unified School District,Benicia,Solano,(707) 747-8300,http://www.beniciaunified.org,8,K-12
Bennett Valley Union Elementary School District,Santa Rosa,Sonoma,(707) 542-2201,http://www.bvusd.org,2,K-6
Berkeley Unified School District,Berkeley,Alameda,(510) 644-8764,http://www.berkeleyschools.net,20,PK-12
Berryessa Union Elementary School District,San Jose,Santa Clara,(408) 923-1880,http://www.berryessa.k12.ca.us,14,PK-8
Beverly Hills Unified School District,Beverly Hills,Los Angeles,(310) 551-5100,http://www.bhusd.org,6,K-12
Big Creek Elementary School District,Big Creek,Fresno,(559) 893-3314,http://www.bigcreekschool.com,1,K-8
Big Lagoon Union Elementary School District,Trinidad,Humboldt,(707) 677-3688,no website,1,K-8
Big Oak Flat-Groveland Unified School District,Groveland,Tuolumne,(209) 962-5765,http://www.bofg.k12.ca.us,5,K-12
Big Pine Unified School District,Big Pine,Inyo,(760) 938-2005,no website,2,K-12
Big Springs Union Elementary School District,Montague,Siskiyou,(530) 459-3189,http://www.bgsp.k12.ca.us,1,K-8
Big Sur Unified School District,Big Sur,Monterey,(805) 927-4507,http://bigsurunified.org,2,K-12
Big Valley Joint Unified School District,Bieber,Lassen,(530) 294-5266,no website,3,K-12
Biggs Unified School District,Biggs,Butte,(530) 868-1281,http://www.biggs.org,4,K-12
Bishop Unified School District,Bishop,Inyo,(760) 872-3680,http://www.bishopschools.org,9,K-12
Bitterwater-Tully Elementary School District,King City,San Benito,(831) 385-5339,http://www.sbcoe.k12.ca.us/districts/bitterwater.html,1,K-8
Black Butte Union Elementary School District,Shingletown,Shasta,(530) 474-3125,http://www.blackbutteschool.org,2,K-8
Black Oak Mine Unified School District,Georgetown,El Dorado,(530) 333-8300,http://www.bomusd.org,6,K-12
Blake Elementary School District,Woody,Kern,(661) 536-8559,no website,1,K-8
Blochman Union Elementary School District,Santa Maria,Santa Barbara,(805) 937-1148,http://www.sbceo.k12.ca.us/districts/blochmanusd,3,K-12
Blue Lake Union Elementary School District,Blue Lake,Humboldt,(707) 668-5674,no website,1,K-8
Bogus Elementary School District,Montague,Siskiyou,(530) 459-3163,http://www.sisnet.ssku.k12.ca.us/~bogusftp,1,K-8
Bolinas-Stinson Union School District,Bolinas,Marin,(415) 868-1603,http://www.bolinas-stinson.org,1,K-8
Bonita Unified School District,San Dimas,Los Angeles,(909) 971-8200,http://www.bonita.k12.ca.us,16,K-12
Bonny Doon Union Elementary School District,Santa Cruz,Santa Cruz,(831) 427-2300,http://www.bonnydoon.santacruz.k12.ca.us,1,K-6
Bonsall Unified School District,Bonsall,San Diego,(760) 631-5200,http://www.bonsallusd.com,6,K-12
Borrego Springs Unified School District,Borrego Springs,San Diego,(760) 767-5357,http://www.bsusd.com/,6,PK-12
Bradley Union Elementary School District,Bradley,Monterey,(805) 472-2310,http://bradleyusd-ca.schoolloop.com/,4,K-12
Brawley Elementary School District,Brawley,Imperial,(760) 344-2330,no website,5,K-8
Brawley Union High School District,Brawley,Imperial,(760) 312-5819,no website,3,9-12
Brea-Olinda Unified School District,Brea,Orange,(714) 990-7800,http://www.bousd.k12.ca.us,9,K-12
Brentwood Union Elementary School District,Brentwood,Contra Costa,(925) 513-6300,no website,11,K-8
Bret Harte Union High School District,Angels Camp,Calaveras,(209) 736-8340,http://bhuhsd-ca.schoolloop.com/,3,9-12
Bridgeville Elementary School District,Bridgeville,Humboldt,(707) 777-3311,no website,1,K-8
Briggs Elementary School District,Santa Paula,Ventura,(805) 525-7540,http://www.briggsesd.org,2,K-8
Brisbane Elementary School District,Brisbane,San Mateo,(415) 467-0550,http://www.brisbanesd.org,3,K-8
Brittan Elementary School District,Sutter,Sutter,(530) 822-5155,http://www.brittan.k12.ca.us,1,K-8
Browns Elementary School District,Rio Oso,Sutter,(530) 633-2523,http://www.sutter.k12.ca.us/district/browns/browns.htm,1,K-8
Buckeye Union Elementary School District,El Dorado Hills,El Dorado,(530) 677-2261,http://www.buckeyeusd.org,11,K-12
Buellton Union Elementary School District,Buellton,Santa Barbara,(805) 686-2767,http://www.buelltonusd.org,2,K-8
Buena Park Elementary School District,Buena Park,Orange,(714) 522-8412,http://www.bpsd.k12.ca.us,7,K-8
Buena Vista Elementary School District,Tulare,Tulare,(559) 686-2015,no website,1,K-8
Burbank Unified School District,Burbank,Los Angeles,(818) 729-4400,http://www.burbankusd.org,22,PK-12
Burlingame Elementary School District,Burlingame,San Mateo,(650) 259-3800,http://www.burlingameschools.org,8,PK-8
Burnt Ranch Elementary School District,Burnt Ranch,Trinity,(530) 629-2543,http://www.tcoek12.org,1,K-8
Burrel Union Elementary School District,Riverdale,Fresno,(559) 866-5634,http://burrel.ca.schoolwebpages.com,1,K-8
Burton Elementary School District,Porterville,Tulare,(559) 781-8020,http://www.burtonschools.org,8,K-12
Butte County Office Of Education School District,Oroville,Butte,(530) 532-5761,http://www.bcoe.org,6,K-12
Butte County Rop School District,Chico,Butte,(530) 879-7462,no website,1,9-12
Butte Valley Unified School District,Dorris,Siskiyou,(530) 397-4000,http://www.bvalusd.org,5,K-12
Butteville Union Elementary School District,Weed,Siskiyou,(530) 938-2255,http://www.butteville.k12.ca.us,1,K-8
Buttonwillow Union Elementary School District,Buttonwillow,Kern,(661) 764-5166,no website,1,K-8
Byron Union Elementary School District,Byron,Contra Costa,(925) 809-7500,no website,4,K-12
Cabrillo Unified School District,Half Moon Bay,San Mateo,(650) 712-7100,http://www.cabrillo.k12.ca.us,8,K-12
Cajon Valley Union School District,El Cajon,San Diego,(619) 588-3005,http://www.cajonvalley.net,30,PK-8
Calaveras County Office Of Education School District,Angels Camp,Calaveras,(209) 736-4662,http://www.ccoe.k12.ca.us,5,PK-12
Calaveras Unified School District,San Andreas,Calaveras,(209) 754-2300,http://www.calaveras.k12.ca.us,10,K-12
Calexico Unified School District,Calexico,Imperial,(760) 768-3888,no website,12,PK-12
Caliente Union Elementary School District,Caliente,Kern,(661) 867-2301,no website,1,K-8
California Advancing Pathways For Students In Los Angeles County Roc P School District,Bellflower,Los Angeles,no phone #,no website,1,PK-12
California School For The Blind (State Special Schl) School District,Fremont,Alameda,(510) 794-3800,http://www.csb-cde.ca.gov,1,K-12
California School For The Deaf-Fremont (State Special Schl) School District,Fremont,Alameda,(510) 794-3666,http://www.csdeagles.com,1,PK-12
California School For The Deaf-Riverside (State Special Schl) School District,Riverside,Riverside,(951) 248-7700,http://www.csdr-cde.ca.gov,1,K-12
Calipatria Unified School District,Calipatria,Imperial,(760) 348-2151,no website,4,K-12
Calistoga Joint Unified School District,Calistoga,Napa,(707) 942-4703,http://www.calistoga.k12.ca.us,3,K-12
Cambrian School District,San Jose,Santa Clara,(408) 377-2103,http://www.cambriansd.org,6,K-8
Camino Union Elementary School District,Camino,El Dorado,(530) 644-4552,http://www.caminoschool.org,2,K-8
Campbell Union High School District,San Jose,Santa Clara,(408) 371-0960,http://www.cuhsd.org,8,9-12
Campbell Union School District,Campbell,Santa Clara,(408) 364-4200,http://www.campbellusd.org,12,K-8
Camptonville Elementary School District,Camptonville,Yuba,(530) 288-3277,http://www.cville.k12.ca.us,2,K-12
Canyon Elementary School District,Canyon,Contra Costa,(925) 376-4671,no website,1,K-8
Capay Joint Union Elementary School District,Orland,Glenn,(530) 865-1222,http://www.cjuesd.org,1,K-8
Capistrano Unified School District,San Juan Capistrano,Orange,(949) 234-9200,http://www.capousd.org,63,K-12
Capistrano-Laguna Beach Rop,San Juan Capistrano,Orange,(949) 496-3118,no website,1,8-12
Cardiff Elementary School District,Cardiff-By-The-Sea,San Diego,(760) 632-5890,http://www.cardiffschools.com,2,K-6
Carlsbad Unified School District,Carlsbad,San Diego,(760) 331-5000,http://www.carlsbadusd.k12.ca.us,17,K-12
Carmel Unified School District,Carmel,Monterey,(831) 624-1546,http://www.carmelunified.org,9,PK-12
Carpinteria Unified School District,Carpinteria,Santa Barbara,(805) 684-4511,http://www.cusd.net,8,K-12
Caruthers Unified School District,Caruthers,Fresno,(559) 864-6500,http://www.caruthers.k12.ca.us,3,K-12
Cascade Union Elementary School District,Anderson,Shasta,(530) 378-7000,http://www.cuesd.com,5,K-8
Castaic Union School District,Valencia,Los Angeles,(661) 257-4500,http://www.castaicusd.com,5,PK-8
Castle Rock Union Elementary School District,Castella,Shasta,(530) 235-0101,http://www.castlerockschool.net,1,K-8
Castro Valley Unified School District,Castro Valley,Alameda,(510) 537-3000,http://www.cv.k12.ca.us,17,PK-12
Cayucos Elementary School District,Cayucos,San Luis Obispo,(805) 995-3694,http://www.cesdschool.net,1,K-8
Center Joint Unified School District,Antelope,Sacramento,(916) 338-6330,http://www.centerusd.k12.ca.us,8,K-12
Centinela Valley Union High School District,Lawndale,Los Angeles,(310) 263-3200,http://www.centinela.k12.ca.us,8,9-12
Central Elementary School District,Rancho Cucamonga,San Bernardino,(909) 989-8541,http://www.csd-ca.schoolloop.com,7,K-8
Central Orange County Cte Partnership (Ctep) School District,Costa Mesa,Orange,(714) 966-3528,no website,1,10-12
Central Sierra Rop School District,Placerville,El Dorado,(530) 622-7130,no website,1,10-12
Central Unified School District,Fresno,Fresno,(559) 274-4700,http://www.centralunified.org,23,K-12
Central Union Elementary School District,Lemoore,Kings,(559) 924-3405,no website,4,PK-8
Central Union High School District,El Centro,Imperial,(760) 336-4500,http://www.cuhsd.net,5,9-12
Centralia Elementary School District,Buena Park,Orange,(714) 228-3100,http://www.cesd.us,8,K-6
Ceres Unified School District,Ceres,Stanislaus,(209) 556-1500,http://www.ceres.k12.ca.us,27,PK-12
Chaffey Joint Union High School District,Ontario,San Bernardino,(909) 988-8511,http://www.cjuhsd.net,12,9-12
Charter Oak Unified School District,Covina,Los Angeles,(626) 966-8331,http://www.cousd.net,11,K-12
Chatom Union School District,Turlock,Stanislaus,(209) 664-8505,http://www.chatom.k12.ca.us,2,K-8
Chawanakee Unified School District,O'Neals,Madera,(559) 877-6209,http://www.chawanakee.k12.ca.us,9,K-12
Chicago Park Elementary School District,Grass Valley,Nevada,(530) 346-2153,http://www.chicagoparkschool.org,2,K-8
Chico Unified School District,Chico,Butte,(530) 891-3000,http://www.chicousd.org,29,PK-12
Chino Valley Unified School District,Chino,San Bernardino,(909) 628-1201,http://www.chino.k12.ca.us,36,K-12
Chowchilla Elementary School District,Chowchilla,Madera,(559) 665-8000,http://www.chowchillaelem.k12.ca.us,5,K-8
Chowchilla Union High School District,Chowchilla,Madera,(559) 665-3662,http://www.chowchillahigh.k12.ca.us,2,9-12
Chualar Union School District,Chualar,Monterey,(831) 679-2504,http://chualarusd.org/,1,K-8
Chula Vista Elementary School District,Chula Vista,San Diego,(619) 425-9600,http://www.cvesd.org,49,PK-12
Cienega Union Elementary School District,Hollister,San Benito,(831) 637-3821,http://www.sbcoe.k12.ca.us/cienega.html,1,K-8
Cinnabar Elementary School District,Petaluma,Sonoma,(707) 765-4345,http://www.cinnabar.k12.ca.us,2,K-8
Claremont Unified School District,Claremont,Los Angeles,(909) 398-0609,http://www.cusd.claremont.edu,13,K-12
Clay Joint Elementary School District,Kingsburg,Fresno,(559) 897-4185,http://www.clayschool.k12.ca.us,1,K-8
Clear Creek Elementary School District,Grass Valley,Nevada,(530) 273-3664,http://www.clearcreekschool.org,1,K-8
Cloverdale Unified School District,Cloverdale,Sonoma,(707) 894-1920,http://www.cusd.org,5,K-12
Clovis Unified School District,Clovis,Fresno,(559) 327-9100,http://www.cusd.com,49,K-12
Coachella Valley Unified School District,Thermal,Riverside,(760) 848-1000,http://www.cvusd.us,24,PK-12
Coalinga-Huron Unified School District,Coalinga,Fresno,(559) 935-7500,http://chusd.org,11,K-12
Coast Unified School District,Cambria,San Luis Obispo,(805) 927-3880,http://www.coastusd.org,4,K-12
Coastline Rop School District,Costa Mesa,Orange,(714) 979-1955,no website,1,9-12
Coffee Creek Elementary School District,Coffee Creek,Trinity,(530) 266-3344,http://www.tcoek12.org/~ccschool,1,K-8
Cold Spring Elementary School District,Santa Barbara,Santa Barbara,(805) 969-2678,http://www.coldspringschool.net,1,K-6
Colfax Elementary School District,Colfax,Placer,(530) 346-2202,http://www.colfax.k12.ca.us,1,K-8
College Elementary School District,Santa Ynez,Santa Barbara,(805) 686-7300,http://www.collegeschooldistrict.org,3,K-8
Colton Joint Unified School District,Colton,San Bernardino,(909) 580-5000,http://www.colton.k12.ca.us,29,PK-12
Colton-Redlands-Yucaipa Rop School District,Redlands,San Bernardino,(909) 793-3115,no website,1,9-12
Columbia Elementary School District,Redding,Shasta,(530) 223-1915,http://www.columbiasd.com,4,K-12
Columbia Union School District,Columbia,Tuolumne,(209) 532-0202,http://www.columbia49er.k12.ca.us,1,K-8
Columbine Elementary School District,Delano,Tulare,(661) 725-8501,http://www.tcoe.k12.ca.us/Districts/Columbine.shtm,1,K-8
Colusa County Office Of Education School District,Colusa,Colusa,(530) 458-0350,http://www.ccoe.net,2,K-12
Colusa Unified School District,Colusa,Colusa,(530) 458-7791,http://www.colusa.k12.ca.us,5,K-12
Compton Unified Rop School District,Compton,Los Angeles,(310) 639-4321,no website,1,9-12
Compton Unified School District,Compton,Los Angeles,(310) 639-4321,http://www.compton.k12.ca.us,40,PK-12
Conejo Valley Unified School District,Thousand Oaks,Ventura,(805) 497-9511,http://www.conejousd.org,28,PK-12
Contra Costa County Office Of Education School District,Pleasant Hill,Contra Costa,(925) 942-3388,http://www.cocoschools.org,12,K-12
Contra Costa County Rop School District,Pleasant Hill,Contra Costa,(925) 942-3368,no website,1,9-12
Corcoran Joint Unified School District,Corcoran,Kings,(559) 992-8888,http://www.corcoranunified.com,9,K-12
Corning Union Elementary School District,Corning,Tehama,(530) 824-7700,http://www.corningelementary.org,6,K-8
Corning Union High School District,Corning,Tehama,(530) 824-8000,http://www.corninghs.org/corninghsd/site/default.asp,3,9-12
Corona-Norco Unified School District,Norco,Riverside,(951) 736-5000,http://www.cnusd.k12.ca.us,54,K-12
Coronado Unified School District,Coronado,San Diego,(619) 522-8900,http://www.coronadousd.net,5,PK-12
Cotati-Rohnert Park Unified School District,Rohnert Park,Sonoma,(707) 792-4722,http://www.crpusd.org,15,PK-12
Cottonwood Union Elementary School District,Cottonwood,Shasta,(530) 347-3165,http://www.cwusd.com,4,PK-8
Covina-Valley Unified School District,Covina,Los Angeles,(626) 974-7000,http://www.cvusd.k12.ca.us,18,PK-12
Cucamonga Elementary School District,Rancho Cucamonga,San Bernardino,(909) 987-8942,http://www.cuca.k12.ca.us,4,K-8
Cuddeback Union Elementary School District,Carlotta,Humboldt,(707) 768-3372,no website,1,K-8
Culver City Unified School District,Culver City,Los Angeles,(310) 842-4220,http://www.ccusd.org,10,K-12
Cupertino Union School District,Sunnyvale,Santa Clara,(408) 252-3000,http://www.cusdk8.org,25,PK-8
Curtis Creek Elementary School District,Sonora,Tuolumne,(209) 533-1083,http://www.ccreek.k12.ca.us,1,K-8
Cutler-Orosi Joint Unified School District,Orosi,Tulare,(559) 528-4763,http://www.cojusd.org,10,K-12
Cutten Elementary School District,Eureka,Humboldt,(707) 441-3900,no website,2,K-6
Cuyama Joint Unified School District,New Cuyama,Santa Barbara,(661) 766-2482,http://www.cuyamaunified.org,6,K-12
Cypress Elementary School District,Cypress,Orange,(714) 220-6900,http://www.cypsd.org,6,K-6
Davis Joint Unified School District,Davis,Yolo,(530) 757-5300,http://www.djusd.k12.ca.us/district,18,PK-12
Death Valley Unified School District,Shoshone,Inyo,(760) 852-4303,no website,4,K-12
Dehesa Elementary School District,El Cajon,San Diego,(619) 444-2161,http://www.dehesasd.net/,11,K-12
Del Mar Union Elementary School District,San Diego,San Diego,(858) 755-9301,http://www.dmusd.org,8,K-6
Del Norte County Office Of Education School District,Crescent City,Del Norte,(707) 464-0200,http://www.delnorte.k12.ca.us,2,K-12
Del Norte County Rop School District,Crescent City,Del Norte,no phone #,no website,1,9-12
Del Norte County Unified School District,Crescent City,Del Norte,(707) 464-0200,http://www.delnorte.k12.ca.us,11,K-12
Delano Joint Union High School District,Delano,Kern,(661) 725-4000,http://www.djuhsd.org,5,9-12
Delano Union Elementary School District,Delano,Kern,(661) 721-5000,no website,12,K-8
Delhi Unified School District,Delhi,Merced,(209) 656-2000,http://www.delhi.k12.ca.us,5,K-12
Delphic Elementary School District,Montague,Siskiyou,(530) 842-3653,no website,1,K-8
Denair Unified School District,Denair,Stanislaus,(209) 632-7514,http://www.dusd.k12.ca.us,5,K-12
Desert Center Unified School District,Desert Center,Riverside,(760) 392-4217,http://dcusd-ca.schoolloop.com/,1,K-8
Desert Sands Unified School District,La Quinta,Riverside,(760) 777-4200,http://www.dsusd.us/dsusd/,36,PK-12
Di Giorgio Elementary School District,Arvin,Kern,(661) 854-2604,no website,1,K-8
Dinuba Unified School District,Dinuba,Tulare,(559) 595-7200,http://www.dinuba.sharpschool.net,11,K-12
Dixie Elementary School District,San Rafael,Marin,(415) 492-3700,http://www.dixieschooldistrict.org,4,K-8
Dixon Unified School District,Dixon,Solano,(707) 693-6300,http://www.dixonusd.org,8,K-12
Dos Palos Oro Loma Joint Unified School District,Dos Palos,Merced,(209) 392-0200,http://www.dpol.net,8,PK-12
Douglas City Elementary School District,Douglas City,Trinity,(530) 623-6350,http://www.tcoe.trinity.k12.ca.us/~dc,1,K-8
Downey Unified School District,Downey,Los Angeles,(562) 469-6500,http://www.dusd.net,22,K-12
Dry Creek Joint Elementary School District,Roseville,Placer,(916) 770-8800,http://www.drycreek.k12.ca.us,9,K-8
Duarte Unified School District,Duarte,Los Angeles,(626) 599-5000,http://www.duarte.k12.ca.us,10,K-12
Dublin Unified School District,Dublin,Alameda,(925) 828-2551,http://www.dublinusd.org,13,K-12
Ducor Union Elementary School District,Ducor,Tulare,(559) 534-2261,http://ducorschool.com,1,K-8
Dunham Elementary School District,Petaluma,Sonoma,(707) 795-5050,http://www.dunhamsd.org,2,K-6
Dunsmuir Elementary School District,Dunsmuir,Siskiyou,(530) 235-4828,http://www.sisnet.ssku.k12.ca.us/~desftp,1,K-8
Dunsmuir Joint Union High School District,Dunsmuir,Siskiyou,(530) 235-4835,http://www.dunsmuirhigh.k12.ca.us,3,9-12
Durham Unified School District,Durham,Butte,(530) 895-4675,http://www.durhamunified.org,3,K-12
Earlimart Elementary School District,Earlimart,Tulare,(661) 849-4241,http://www.earlimart.k12.ca.us,4,K-8
East Nicolaus Joint Union High School District,Nicolaus,Sutter,(530) 656-2255,http://www.eastnicolaus.k12.ca.us,1,9-12
East San Gabriel Valley Rop School District,West Covina,Los Angeles,(626) 472-5121,no website,1,9-12
East Side Union High School District,San Jose,Santa Clara,(408) 347-5000,http://www.esuhsd.org,30,K-12
East Whittier City Elementary School District,Whittier,Los Angeles,(562) 907-5900,http://www.ewcsd.org,13,PK-8
Eastern Sierra Unified School District,Bridgeport,Mono,(760) 932-7443,http://www.esusd.org,6,K-12
Eastside Union Elementary School District,Lancaster,Los Angeles,(661) 952-1200,http://www.eastside.k12.ca.us,6,K-8
Eden Area Rop School District,Hayward,Alameda,(510) 293-2900,no website,1,10-12
Edison Elementary School District,Bakersfield,Kern,(661) 363-5394,no website,2,K-8
El Centro Elementary School District,El Centro,Imperial,(760) 352-5712,no website,15,PK-8
El Dorado County Office Of Education School District,Placerville,El Dorado,(530) 622-7130,http://www.edcoe.org,5,PK-12
El Dorado Union High School District,Placerville,El Dorado,(530) 622-5081,http://www.eduhsd.k12.ca.us,6,8-12
El Monte City School District,El Monte,Los Angeles,(626) 453-3700,http://www.emcsd.org,15,K-8
El Monte Union High School District,El Monte,Los Angeles,(626) 444-9005,http://www.emuhsd.k12.ca.us,8,9-12
El Nido Elementary School District,El Nido,Merced,(209) 385-8420,http://www.elnidoschool.org,2,PK-8
El Rancho Unified School District,Pico Rivera,Los Angeles,(562) 942-1500,http://erusd.org,16,PK-12
El Segundo Unified School District,El Segundo,Los Angeles,(310) 615-2650,http://www.elsegundousd.com,5,K-12
El Tejon Unified School District,Lebec,Kern,(661) 248-6247,no website,3,K-12
Elk Grove Unified School District,Elk Grove,Sacramento,(916) 686-5085,http://www.egusd.net,68,K-12
Elk Hills Elementary School District,Tupman,Kern,(661) 765-7431,no website,1,K-8
Elkins Elementary School District,Paskenta,Tehama,(530) 833-5582,no website,1,K-8
Elverta Joint Elementary School District,Elverta,Sacramento,(916) 991-2244,http://www.ejesd.net,3,K-12
Emery Unified School District,Emeryville,Alameda,(510) 601-4000,http://www.emeryusd.k12.ca.us,3,PK-12
Empire Union Elementary School District,Modesto,Stanislaus,(209) 521-2800,http://www.empire.k12.ca.us,6,K-8
Encinitas Union Elementary School District,Encinitas,San Diego,(760) 944-4300,http://www.eusd.net/pages/default.aspx,11,PK-6
Enterprise Elementary School District,Redding,Shasta,(530) 224-4100,http://www.eesd.net,9,K-12
Escalon Unified School District,Escalon,San Joaquin,(209) 838-3591,http://www.escalonusd.org,8,K-12
Escondido Union High School District,Escondido,San Diego,(760) 291-3200,http://www.euhsd.org,9,6-12
Escondido Union School District,Escondido,San Diego,(760) 432-2400,http://www.eusd.org,26,K-8
Esparto Unified School District,Esparto,Yolo,(530) 787-3446,http://www.espartok12.org,4,K-12
Etiwanda Elementary School District,Etiwanda,San Bernardino,(909) 899-2451,http://www.etiwanda.k12.ca.us,18,K-8
Eureka City Schools School District,Eureka,Humboldt,(707) 441-2414,no website,10,K-12
Eureka Union School District,Granite Bay,Placer,(916) 791-4939,http://www.eureka-usd.k12.ca.us,7,PK-8
Evergreen Elementary School District,San Jose,Santa Clara,(408) 270-6800,http://www.eesd.org,18,K-8
Evergreen Union School District,Cottonwood,Tehama,(530) 347-3411,http://www.evergreenusd.org,6,K-12
Exeter Unified School District,Exeter,Tulare,(559) 592-9421,no website,7,K-12
Fairfax Elementary School District,Bakersfield,Kern,(661) 366-7221,no website,4,K-8
Fairfield-Suisun Unified School District,Fairfield,Solano,(707) 399-5000,http://www.fsusd.org,31,PK-12
Fall River Joint Unified School District,Burney,Shasta,(530) 335-4538,http://www.frjusd.org,11,K-12
Fallbrook Union Elementary School District,Fallbrook,San Diego,(760) 731-5400,http://www.fuesd.k12.ca.us,11,PK-8
Fallbrook Union High School District,Fallbrook,San Diego,(760) 723-6332,http://www.fuhsd.net,3,9-12
Farmersville Unified School District,Farmersville,Tulare,(559) 592-2010,http://www.farmersville.k12.ca.us,6,K-12
Feather Falls Union Elementary School District,Oroville,Butte,(530) 589-1810,http://www.bcoe.org/home/districts/featherfalls,2,K-12
Ferndale Unified School District,Ferndale,Humboldt,(707) 786-5900,no website,2,K-12
Fieldbrook Elementary School District,Mckinleyville,Humboldt,(707) 839-3201,no website,1,K-8
Fillmore Unified School District,Fillmore,Ventura,(805) 524-6000,http://www.fillmoreusd.org,10,PK-12
Firebaugh-Las Deltas Unified School District,Firebaugh,Fresno,(559) 659-1476,http://www.fldusd.org,7,K-12
Flournoy Union Elementary School District,Flournoy,Tehama,(530) 833-5331,http://www.flournoyschool.org,1,K-8
Folsom-Cordova Unified School District,Rancho Cordova,Sacramento,(916) 294-9025,http://www.fcusd.org,35,PK-12
Fontana Unified School District,Fontana,San Bernardino,(909) 357-5600,http://www.fusd.net,45,K-12
Foresthill Union Elementary School District,Foresthill,Placer,(530) 367-2966,http://www.fusd.org,1,K-8
Forestville Union Elementary School District,Forestville,Sonoma,(707) 887-9767,http://www.forestvilleusd.org,2,K-6
Forks Of Salmon Elementary School District,Forks Of Salmon,Siskiyou,(530) 462-4762,http://www.sisnet.ssku.k12.ca.us/~forksftp,1,K-8
Fort Bragg Unified School District,Fort Bragg,Mendocino,(707) 961-2850,http://www.fbusd.us,9,PK-12
Fort Ross Elementary School District,Cazadero,Sonoma,(707) 847-3390,http://www.fortrossschool.org,1,K-8
Fort Sage Unified School District,Herlong,Lassen,(530) 827-2129,no website,5,K-12
Fortuna Elementary School District,Fortuna,Humboldt,(707) 725-2293,http://www.humboldt.k12.ca.us/fortuna_sd/,5,K-8
Fortuna Union High School District,Fortuna,Humboldt,(707) 725-4461,no website,4,9-12
Forty-Niner Rop School District,Auburn,Placer,(530) 889-5940,no website,1,10-12
Fountain Valley Elementary School District,Fountain Valley,Orange,(714) 843-3200,http://www.fvsd.us,10,K-8
Fowler Unified School District,Fowler,Fresno,(559) 834-6080,http://www.fowlerusd.org,9,K-12
Franklin Elementary School District,Yuba City,Sutter,(530) 822-5151,http://www.franklin.k12.ca.us,1,K-8
Franklin-Mckinley Elementary School District,San Jose,Santa Clara,(408) 283-6006,http://www.fmsd.org,22,K-8
Fremont Unified School District,Fremont,Alameda,(510) 657-2350,http://www.fremont.k12.ca.us,44,PK-12
Fremont Union High School District,Sunnyvale,Santa Clara,(408) 522-2200,http://www.fuhsd.org,7,9-12
French Gulch-Whiskeytown Elementary School District,French Gulch,Shasta,(530) 359-2151,http://fgws-fgws-ca.schoolloop.com,1,K-8
Freshwater Elementary School District,Eureka,Humboldt,(707) 442-2969,no website,2,K-8
Fresno County Office Of Education School District,Fresno,Fresno,(559) 265-3000,http://www.fcoe.org,8,PK-12
Fresno Rop School District,Fresno,Fresno,(559) 497-3860,no website,1,9-12
Fresno Unified School District,Fresno,Fresno,(559) 457-3000,http://www.fresnounified.org,108,PK-12
Fruitvale Elementary School District,Bakersfield,Kern,(661) 589-3830,no website,5,K-8
Fullerton Elementary School District,Fullerton,Orange,(714) 447-7400,http://www.fullertonsd.org/,20,K-8
Fullerton Joint Union High School District,Fullerton,Orange,(714) 870-2800,http://www.fjuhsd.k12.ca.us,8,9-12
Galt Joint Union Elementary School District,Galt,Sacramento,(209) 744-4545,http://www.galt.k12.ca.us,6,K-8
Galt Joint Union High School District,Galt,Sacramento,(209) 745-0249,http://www.ghsd.k12.ca.us/district,4,9-12
Garden Grove Unified School District,Garden Grove,Orange,(714) 663-6133,http://www.ggusd.us,66,PK-12
Garfield Elementary School District,Eureka,Humboldt,(707) 442-5471,no website,1,K-6
Garvey Elementary School District,Rosemead,Los Angeles,(626) 307-3444,http://www.garvey.k12.ca.us,10,K-8
Gateway Unified School District,Redding,Shasta,(530) 245-7900,http://www.gateway-schools.org,9,K-12
Gazelle Union Elementary School District,Gazelle,Siskiyou,(530) 435-2321,http://www.sisnet.ssku.k12.ca.us/~gazelftp,1,K-8
General Shafter Elementary School District,Bakersfield,Kern,(661) 837-1931,no website,1,K-8
Gerber Union Elementary School District,Gerber,Tehama,(530) 385-1041,http://www.gerberschool.org,1,K-8
Geyserville Unified School District,Geyserville,Sonoma,(707) 857-3592,http://www.gusd.com,3,K-12
Gilroy Unified School District,Gilroy,Santa Clara,(408) 847-2700,http://www.gusd.k12.ca.us,18,PK-12
Glendale Unified School District,Glendale,Los Angeles,(818) 241-3111,http://www.gusd.net,34,PK-12
Glendora Unified School District,Glendora,Los Angeles,(626) 963-1611,http://www.glendora.k12.ca.us,11,PK-12
Glenn County Office Of Education School District,Willows,Glenn,(530) 934-6575,http://www.glenncoe.org,5,K-12
Glenn County Rop School District,Willows,Glenn,(530) 934-6575,no website,1,9-12
Gold Oak Union Elementary School District,Placerville,El Dorado,(530) 626-3150,http://www.gousd.org,2,K-8
Gold Trail Union Elementary School District,Placerville,El Dorado,(530) 626-3194,http://www.gtusd.org,2,K-8
Golden Feather Union Elementary School District,Oroville,Butte,(530) 533-3833,http://www.gfusd.org,2,K-12
Golden Plains Unified School District,San Joaquin,Fresno,(559) 693-1115,http://www.gpusd.org,6,K-12
Golden Valley Unified School District,Madera,Madera,(559) 645-7500,http://www.gvusd.k12.ca.us,11,K-12
Goleta Union Elementary School District,Goleta,Santa Barbara,(805) 681-1200,http://www.goleta.k12.ca.us,10,PK-6
Gonzales Unified School District,Gonzales,Monterey,(831) 675-0100,http://www.gonzales.k12.ca.us,5,K-12
Gorman Joint School District,Gorman,Los Angeles,(661) 248-6441,http://gorman.k12.ca.us/,2,K-12
Grant Elementary School District,Redding,Shasta,(530) 243-0561,http://www.grantesd.k12.ca.us,1,K-8
Grass Valley Elementary School District,Grass Valley,Nevada,(530) 273-4483,http://www.gvsd.us,5,PK-8
Gratton Elementary School District,Denair,Stanislaus,(209) 632-0505,no website,2,K-8
Gravenstein Union Elementary School District,Sebastopol,Sonoma,(707) 823-7008,http://www.grav.k12.ca.us,4,K-8
Graves Elementary School District,Salinas,Monterey,(831) 422-6392,http://schools.monterey.k12.ca.us/~graves/,1,K-8
Green Point Elementary School District,Blue Lake,Humboldt,(707) 668-5921,no website,1,K-8
Greenfield Union Elementary School District,Greenfield,Monterey,(831) 674-2840,http://www.greenfield.k12.ca.us,5,K-8
Greenfield Union School District,Bakersfield,Kern,(661) 837-6000,no website,12,K-8
Grenada Elementary School District,Grenada,Siskiyou,(530) 436-2233,http://grenada.k12.ca.us,1,K-8
Gridley Unified School District,Gridley,Butte,(530) 846-4721,http://www.gusd.org,5,K-12
Grossmont Union High School District,El Cajon,San Diego,(619) 644-8000,http://www.guhsd.net/,21,9-12
Guadalupe Union Elementary School District,Guadalupe,Santa Barbara,(805) 343-2114,http://www.guadusd.org/,3,PK-8
Guerneville Elementary School District,Guerneville,Sonoma,(707) 887-7762,http://www.guernevilleschool.org,2,K-12
Gustine Unified School District,Gustine,Merced,(209) 854-3784,http://www.gustineusd.org,6,PK-12
Hacienda La Puente Unified School District,City Of Industry,Los Angeles,(626) 933-1000,http://www.hlpusd.k12.ca.us,39,PK-12
Hamilton Unified School District,Hamilton City,Glenn,(530) 826-3261,http://www.husdschools.org,5,K-12
Hanford Elementary School District,Hanford,Kings,(559) 585-3600,no website,12,K-8
Hanford Joint Union High School District,Hanford,Kings,(559) 583-5901,no website,7,9-12
Happy Camp Union Elementary School District,Happy Camp,Siskiyou,(530) 493-2267,http://hces-ca.schoolloop.com/,1,K-8
Happy Valley Elementary School District,Santa Cruz,Santa Cruz,(831) 429-1456,http://www.hvesd.com,1,K-6
Happy Valley Union Elementary School District,Anderson,Shasta,(530) 357-2134,http://www.hvesd.org,3,K-8
Harmony Union Elementary School District,Occidental,Sonoma,(707) 874-3280,http://www.harmonyusd.org,3,K-12
Hart Rop School District,Santa Clarita,Los Angeles,(661) 259-0033,no website,1,9-12
Hart-Ransom Union Elementary School District,Modesto,Stanislaus,(209) 523-9996,http://www.hartransom.org,2,K-12
Hawthorne School District,Hawthorne,Los Angeles,(310) 676-2276,http://www.hawthorne.k12.ca.us,11,K-12
Hayward Unified School District,Hayward,Alameda,(510) 784-2600,http://www.husd.k12.ca.us,38,PK-12
Healdsburg Unified School District,Healdsburg,Sonoma,(707) 431-3488,http://www.husd.com,5,K-12
Heber Elementary School District,Heber,Imperial,(760) 337-6530,no website,2,K-8
Helendale Elementary School District,Helendale,San Bernardino,(760) 952-1180,http://www.helendalesd.org,8,K-12
Hemet Unified School District,Hemet,Riverside,(951) 765-5100,http://www.hemetusd.org,29,K-12
Hermosa Beach City Elementary School District,Hermosa Beach,Los Angeles,(310) 937-5877,http://www.hbcsd.org,2,K-8
Hesperia Unified School District,Hesperia,San Bernardino,(760) 244-4411,http://www.hesperia.org,31,PK-12
Hickman Community Charter School District,Hickman,Stanislaus,(209) 874-1816,http://www.hickmanschools.org,3,K-8
Hillsborough City Elementary School District,Hillsborough,San Mateo,(650) 342-5193,http://www.hcsd.k12.ca.us,4,K-8
Hilmar Unified School District,Hilmar,Merced,(209) 667-5701,http://www.hilmar.k12.ca.us,6,K-12
Hollister School District,Hollister,San Benito,(831) 630-6300,http://www.hesd.org,11,K-8
Holtville Unified School District,Holtville,Imperial,(760) 356-2974,no website,7,K-12
Hope Elementary School District,Santa Barbara,Santa Barbara,(559) 784-1064,http://www.vip.ocsnet.net/~hopeschool/,1,K-8
Hope Elementary School District,Porterville,Tulare,(559) 784-1064,http://www.vip.ocsnet.net/~hopeschool/,1,K-8
Horicon Elementary School District,Annapolis,Sonoma,(707) 886-5322,http://horiconesd.org/,1,K-8
Hornbrook Elementary School District,Hornbrook,Siskiyou,(530) 475-3598,http://www.hornbrookschool.org,1,K-8
Hot Springs Elementary School District,California Hot Springs,Tulare,(661) 548-6544,http://www.tcoe.net/districts/hotsprings.shtm,1,K-8
Howell Mountain Elementary School District,Angwin,Napa,(707) 965-2423,http://www.hmesd.org,1,K-8
Hueneme Elementary School District,Port Hueneme,Ventura,(805) 488-3588,http://www.huensd.k12.ca.us,11,K-8
Hughes-Elizabeth Lakes Union Elementary School District,Lake Hughes,Los Angeles,(661) 724-1231,http://www.heluesd.org,1,K-8
Hughson Unified School District,Hughson,Stanislaus,(209) 883-4428,http://www.hughson.k12.ca.us,6,K-12
Humboldt County Office Of Education School District,Eureka,Humboldt,(707) 445-7000,http://www.humboldt.k12.ca.us,5,K-12
Humboldt County Rop School District,Eureka,Humboldt,(707) 445-7018,no website,1,10-12
Huntington Beach City Elementary School District,Huntington Beach,Orange,(714) 378-2021,http://www.hbcsd.us,10,K-8
Huntington Beach Union High School District,Huntington Beach,Orange,(714) 903-7000,http://www.hbuhsd.edu,9,9-12
Hydesville Elementary School District,Hydesville,Humboldt,(707) 768-3610,no website,1,K-8
Igo, Ono, Platina Union Elementary School District,Igo,Shasta,(530) 396-2841,http://igoono.echalk.com,1,K-8
Imperial County Office Of Education School District,El Centro,Imperial,(760) 312-6164,http://www.icoe.org,3,K-12
Imperial Unified School District,Imperial,Imperial,(760) 355-3200,no website,5,K-12
Imperial Valley Rop School District,El Centro,Imperial,(760) 482-2600,no website,1,9-12
Indian Diggings Elementary School District,Somerset,El Dorado,(530) 620-6546,http://www.indiandiggingsschool.com,1,K-8
Indian Springs Elementary School District,Big Bend,Shasta,(530) 337-6219,http://www.indianspringsesd.org,1,K-8
Inglewood Unified School District,Inglewood,Los Angeles,(310) 419-2700,http://www.iusd.net,27,K-12
Inyo County Office Of Education School District,Independence,Inyo,(760) 878-2426,http://www.inyo.k12.ca.us,5,PK, 2-12