Academy 20 School District,Colorado Springs,El Paso,(719) 234-1200,http://www.asd20.org/,35,PK-12
Adams 12 Five Star Schools School District,Thornton,Adams,(720) 972-4000,http://www.adams12.org,51,PK-12
Adams County 14 School District,Commerce City,Adams,(303) 289-3947,http://www.adams14.org/,13,PK-12
Adams-Arapahoe 28j School District,Aurora,Arapahoe,(303) 365-7800,http://www.aps.k12.co.us,64,PK-12
Agate 300 School District,Agate,Elbert,(719) 764-2741,no website,1,K-5
Aguilar Reorganized 6 School District,Aguilar,Las Animas,(719) 941-4188,no website,2,PK-12
Akron R-1 School District,Akron,Washington,(970) 345-2053,http://www.akronrams.net,2,PK-12
Alamosa Re-11j School District,Alamosa,Alamosa,(719) 587-1600,http://www.alamosa.k12.co.us,4,K-12
Archuleta County 50 Jt School District,Pagosa Springs,Archuleta,(970) 264-2228,http://www.pagosa.k12.co.us,4,K-12
Arickaree R-2 School District,Anton,Washington,(970) 383-2202,no website,2,PK-12
Arriba-Flagler C-20 School District,Flagler,Kit Carson,(719) 765-4684,http://flaglerschools.co.afs.schoolinsites.com/,1,PK-12
Aspen 1 School District,Aspen,Pitkin,(970) 925-3760,http://www.aspenk12.net,5,PK-12
Ault-Highland Re-9 School District,Eaton,Weld,(970) 834-1345,http://www.weldre9.k12.co.us,3,K-12
Bayfield 10 Jt-R School District,Bayfield,La Plata,(970) 884-2496,http://www.bayfield.k12.co.us,3,PK-12
Bennett 29j School District,Bennett,Adams,(303) 644-3234,http://bennett29j.k12.co.us,4,PK-12
Bethune R-5 School District,Bethune,Kit Carson,(719) 346-7513,no website,1,PK-12
Big Sandy 100j School District,Simla,El Paso,(719) 541-2292,http://bigsandy.ppboces.org/,3,PK-12
Boulder Valley Re 2 School District,Boulder,Boulder,(303) 447-1010,http://www.bvsd.org/,57,PK-12
Branson Reorganized 82 School District,Branson,Las Animas,(719) 946-5531,http://www.bransonschoolonline.com,2,PK-12
Briggsdale Re-10 School District,Briggsdale,Weld,(970) 656-3417,http://briggsdaleschool.org,2,PK-12
Brush Re-2(J) School District,Brush,Morgan,(970) 842-5176,http://brushschools.org,4,PK-12
Buena Vista R-31 School District,Buena Vista,Chaffee,(719) 395-7099,http://bvdistrict.dreamteamtech.com   (no www,  dot between district and dream),4,PK-12
Buffalo Re-4j School District,Merino,Logan,(970) 522-7424,no website,2,K-12
Burlington Re-6j School District,Burlington,Kit Carson,(719) 346-8737,http://www.burlingtonk12.org,3,PK-12
Byers 32j School District,Byers,Arapahoe,(303) 822-5292,http://www.byers32j.k12.co.us,7,PK-12
Calhan Rj-1 School District,Calhan,El Paso,(719) 347-2541,no website,3,PK-12
Campo Re-6 School District,Campo,Baca,(719) 787-2226,no website,2,PK-12
Canon City Re-1 School District,Cañon City,Fremont,(719) 276-5700,http://www.canon.k12.co.us,8,PK-12
Centennial Board of Cooperative Educational Services,Greeley,Weld,(970) 352-7404,http://www.cboces.org,2,10-12
Centennial R-1 School District,San Luis,Costilla,(719) 672-3404,no website,1,PK-12
Center 26 Jt School District,Center,Saguache,(719) 754-3442,http://www.center.k12.co.us,5,PK-12
Charter School Institute School District,Denver,Denver,(303) 866-3299,http://www.csi.state.co.us/,42,PK-12
Cheraw 31 School District,La Junta,Otero,(719) 853-6655,http://cheraw.k12.co.us/education/school/school.php?sectionid=2,1,PK-12
Cherry Creek 5 School District,Greenwood Village,Arapahoe,(303) 773-1184,http://www.ccsd.k12.co.us,65,PK-12
Cheyenne County Re-5 School District,Cheyenne Wells,Cheyenne,(719) 767-5866,http://www.cheyennesd.net/,2,PK-12
Cheyenne Mountain 12 School District,Colorado Springs,El Paso,(719) 475-6100,http://WWW.CMSD.K12.CO.US,11,PK-12
Clear Creek Re-1 School District,Idaho Springs,Clear Creek,(303) 567-3850,http://www.ccsdre1.org,5,PK-12
Colorado Digital BOCES,Colorado Springs,El Paso,(719) 418-5276,no website,2,K-12
Colorado School For The Deaf And Blind School District,Colorado Springs,El Paso,(719) 578-2100,no website,1,PK-12
Colorado Springs 11 School District,Colorado Springs,El Paso,(719) 520-2000,http://www.cssd11.k12.co.us,56,PK-12
Cotopaxi Re-3 School District,Cotopaxi,Fremont,(719) 942-4131,http://www.cotopaxire3.org,2,PK-12
Creede School District School District,Creede,Mineral,(719) 658-2220,http://www.creedek12.net,1,PK-12
Cripple Creek-Victor Re-1 School District,Cripple Creek,Teller,(719) 689-2685,http://www.ccvschools.org/,2,PK-12
Crowley County Re-1-J School District,Ordway,Crowley,(719) 267-3117,no website,2,K-12
Custer County School District C-1 School District,Westcliffe,Custer,(719) 783-2291,http://www.bobcats.ccs.k12.co.us,3,PK-12
De Beque 49jt School District,De Beque,Mesa,(970) 283-5418,http://www.debeque.k12.co.us,2,PK-12
Deer Trail 26j School District,Deer Trail,Arapahoe,(303) 769-4421,http://www.dt26j.org/,2,PK-12
Del Norte C-7 School District,Del Norte,Rio Grande,(719) 657-4040,http://www.del-norte.k12.co.us,2,K-12
Delta County 50(J) School District,Delta,Delta,655 2075,http://www.delta.k12.co.us,18,PK-12
Denver County 1 School District,Denver,Denver,(720) 423-3200,http://www.dpsk12.org,208,PK-12
Dolores County Re No.2 School District,Dove Creek,Dolores,(970) 677-2522,http://dolorescounty.k12.co.us,3,PK-12
Dolores Re-4a School District,Dolores,Montezuma,(970) 882-7255,http://www.dolores.k12.co.us,4,PK-12
Douglas County Re 1 School District,Castle Rock,Douglas,(303) 387-0100,http://www.dcsdk12.org,91,PK-12
Durango 9-R School District,Durango,La Plata,(970) 247-5411,http://WWW.DURANGO.K12.CO.US,14,PK-12
Eads Re-1 School District,Eads,Kiowa,(719) 438-2218,http://www.eadseagles.com,3,PK-12
Eagle County Re 50 School District,Eagle,Eagle,(970) 328-6321,http://eagleschools.net,20,PK-12
East Grand 2 School District,Granby,Grand,(970) 887-2581,http://www.egsd.org,4,PK-12
East Otero R-1 School District,La Junta,Otero,(719) 384-6900,http://www.lajunta.k12.co.us,3,K-12
Eaton Re-2 School District,Eaton,Weld,(970) 454-3402,http://www.eaton.k12.co.us,5,PK-12
Edison 54 Jt School District,Yoder,El Paso,(719) 478-2125,http://Edison54JT.org,3,PK-12
Elbert 200 School District,Elbert,Elbert,(303) 648-3030,http://www.elbertschool.org/,2,PK-12
Elizabeth C-1 School District,Elizabeth,Elbert,(303) 646-4441,http://elizabeth.k12.co.us,8,PK-12
Ellicott 22 School District,Calhan,El Paso,(719) 683-2700,http://ellicottschools.org,3,PK-12
Englewood 1 School District,Englewood,Arapahoe,(303) 761-7050,http://englewoodschools.net/,9,PK-12
Estes Park R-3 School District,Estes Park,Larimer,(970) 586-2361,http://www.estesschools.org,4,PK-12
Falcon 49 School District,Peyton,El Paso,(719) 495-1100,http://d49.org,25,PK-12
Fort Morgan Re-3 School District,Fort Morgan,Morgan,(970) 867-5633,http://www.morgan.k12.co.us,8,PK-12
Fountain 8 School District,Fountain,El Paso,(719) 382-1300,http://www.ffc8.org,13,PK-12
Fowler R-4j School District,Fowler,Otero,(719) 263-4224,http://www.fowler.k12.co.us/,3,K-12
Fremont Re-2 School District,Florence,Fremont,(719) 784-6312,http://www.re-2.org,4,K-12
Frenchman Re-3 School District,Fleming,Logan,(970) 265-2111,http://www.flemingschools.org/education/school/school.php?sectionid=2,2,PK-12
Garfield 16 School District,Parachute,Garfield,(970) 285-5701,http://admin.garcoschools.org/,4,PK-12
Garfield Re-2 School District,Rifle,Garfield,(970) 665-7600,http://WWW.GARFIELDRE2.K12.CO.US,10,PK-12
Genoa-Hugo C113 School District,Limon,Lincoln,(719) 743-2428,http://www.genoahugo.org/,1,PK-12
Gilpin County Re-1 School District,Black Hawk,Gilpin,(303) 582-3444,http://gilpin.k12.co.us/,2,PK-12
Granada Re-1 School District,Granada,Prowers,(719) 734-5492,http://www.granadaschool.com/home,2,PK-12
Greeley 6 School District,Greeley,Weld,(970) 348-6000,http://www.greeleyschools.org,31,PK-12
Gunnison Watershed Re1j School District,Gunnison,Gunnison,(970) 641-7770,http://gunnisonschools.net,7,PK-12
Hanover 28 School District,Colorado Springs,El Paso,(719) 683-2247,http://www.hanoverhornets.org/,3,PK-12
Harrison 2 School District,Colorado Springs,El Paso,(719) 579-2000,http://WWW.HARRISON.K12.CO.US,26,PK-12
Haxtun Re-2j School District,Haxtun,Phillips,(970) 774-6111,http://www.haxtun.schoolfusion.us/,2,PK-12
Hayden Re-1 School District,Hayden,Routt,(970) 276-3864,http://www.haydensd.org,3,PK-12
Hi-Plains R-23 School District,Seibert,Kit Carson,(970) 664-2636,no website,1,PK-12
Hinsdale County Re 1 School District,Lake City,Hinsdale,(970) 944-2314,http://www.lakecityschool.org,1,PK-12
Hoehne Reorganized 3 School District,Trinidad,Las Animas,(719) 846-4457,http://www.hoehnesd.org/,1,PK-12
Holly Re-3 School District,Holly,Prowers,(719) 537-6616,http://www.holly.k12.co.us,3,PK-12
Holyoke Re-1j School District,Holyoke,Phillips,(970) 854-3634,http://holyoke.schoolfusion.us/,3,K-12
Huerfano Re-1 School District,Walsenburg,Huerfano,(719) 738-1520,http://huerfano.k12.co.us/webmail/,3,PK-12
Idalia Rj-3 School District,Idalia,Yuma,(970) 354-7298,http://idaliaco.com,2,PK-12
Ignacio 11 Jt School District,Ignacio,La Plata,(970) 563-0500,http://WWW.IGNACIO.K12.CO.US,3,K-12
Jefferson County R-1 School District,Golden,Jefferson,(303) 982-6500,http://jeffcoweb.jeffco.k12.co.us/,167,PK-12
Johnstown-Milliken Re-5j School District,Milliken,Weld,(970) 587-6050,http://www.weldre5j.k12.co.us,6,PK-12
Julesburg Re-1 School District,Julesburg,Sedgwick,(970) 474-3365,http://www.julesburgk12.com,3,PK-12
Karval Re-23 School District,Karval,Lincoln,(719) 446-5311,http://www.karvalonlineeducation.com,2,PK-12
Kim Reorganized 88 School District,Kim,Las Animas,(719) 643-5295,no website,2,PK-12
Kiowa C-2 School District,Kiowa,Elbert,(303) 621-2220,http://www.kiowaschool.org/,3,PK-12
Kit Carson R-1 School District,Kit Carson,Cheyenne,(719) 962-3219,http://www.kcsdr1.org,2,PK-12
La Veta Re-2 School District,La Veta,Huerfano,(719) 742-3562,http://www.laveta.k12.co.us,2,PK-12
Lake County R-1 School District,Leadville,Lake,(719) 486-6800,http://www.lakecountyschools.net,5,PK-12
Lamar Re-2 School District,Lamar,Prowers,(719) 336-3251,http://www.lamar.k12.co.us,6,PK-12
Las Animas Re-1 School District,Las Animas,Bent,(719) 456-0161,no website,6,PK-12
Lewis-Palmer 38 School District,Monument,El Paso,(719) 488-4700,http://www.lewispalmer.org,9,PK-12
Liberty J-4 School District,Joes,Yuma,(970) 358-4288,http://www.libertyschoolj4.com,2,PK-12
Limon Re-4j School District,Limon,Lincoln,(719) 775-2350,http://www.limonbadgers.com/,2,K-12
Littleton 6 School District,Littleton,Arapahoe,(303) 347-3300,http://www.littletonpublicschools.net,23,PK-12
Lone Star 101 School District,Otis,Washington,(970) 848-2778,http://lonestar.k12.co.us,3,K-12
Mancos Re-6 School District,Mancos,Montezuma,(970) 533-7748,http://www.mancosre6.edu,4,PK-12
Manitou Springs 14 School District,Manitou Springs,El Paso,(719) 685-2024,http://www.mssd14.org,4,PK-12
Manzanola 3j School District,Manzanola,Otero,(719) 462-5527,no website,2,PK-12
Mapleton Public Schools, Adams County School District 1,Denver,Adams,(303) 853-1000,http://www.mapleton.us,18,PK-12
Mc Clave Re-2 School District,McClave,Bent,(719) 829-4517,no website,2,PK-12
Meeker Re1 School District,Meeker,Rio Blanco,(970) 878-9040,http://www.meeker.k12.co.us,3,PK-12
Mesa County Valley 51 School District,Grand Junction,Mesa,(970) 254-5100,http://www.mesa.k12.co.us,45,PK-12
Miami Yoder 60 Jt School District,Rush,El Paso,(719) 478-2206,no website,2,PK-12
Moffat 2 School District,Moffat,Saguache,(719) 745-0500,http://www.moffat.k12.co.us,2,PK-12
Moffat County Re:No 1 School District,Craig,Moffat,(970) 824-3268,http://www.moffatsd.org,8,PK-12
Monte Vista C-8 School District,Monte Vista,Rio Grande,(719) 852-5996,http://monte.k12.co.us,6,PK-12
Montezuma-Cortez Re-1 School District,Cortez,Montezuma,(970) 565-7282,http://www.cortez.k12.co.us,11,PK-12
Montrose County Re-1j School District,Montrose,Montrose,(970) 249-7726,http://www.mcsd.org,14,PK-12
Mountain Valley Re 1 School District,Saguache,Saguache,(719) 655-0268,no website,3,PK-12
North Conejos Re-1j School District,La Jara,Conejos,(719) 274-5174,no website,5,PK-12
North Park R-1  School District,Walden,Jackson,(970) 723-3300,http://www.northpark.k12.co.us,1,PK-12
Norwood R-2j School District,Norwood,San Miguel,(970) 327-4336,no website,1,PK-12
Otis R-3 School District,Otis,Washington,(970) 246-3486,http://www.osdco.com,2,PK-12
Ouray R-1 School District,Ouray,Ouray,(970) 325-4505,http://www.ouray.k12.co.us,3,PK-12
Park County Re-2 School District,Fairplay,Park,(719) 836-3114,http://www.parkcountyre2.org,5,PK-12
Pawnee Re-12 School District,Grover,Weld,(970) 895-2222,http://www.pawneeschool.com,1,PK-12
Peyton 23 Jt School District,Peyton,El Paso,(719) 749-2330,http://www.peyton.k12.co.us/,4,PK-12
Plainview Re-2 School District,Sheridan Lake,Kiowa,(719) 729-3331,no website,2,PK-12
Plateau Re-5 School District,Peetz,Logan,(970) 334-2435,http://plateau.k12.co.us,2,PK-12
Plateau Valley 50 School District,Collbran,Mesa,(970) 487-3547,http://www.plateauvalley.k12.co.us,4,PK-12
Platte Canyon 1 School District,Bailey,Park,(303) 838-7666,http://www.plattecanyonschools.org,3,PK-12
Platte Valley Re-7 School District,Kersey,Weld,(970) 336-8500,http://www.plattevalley.k12.co.us,3,K-12
Poudre R-1 School District,Fort Collins,Larimer,(970) 482-7420,http://www.psdschools.org,52,PK-12
Prairie Re-11 School District,Raymer,Weld,(970) 437-5351,http://prairieschool.org,2,PK-12
Primero Reorganized 2 School District,Weston,Las Animas,(719) 868-2715,no website,2,PK-12
Pritchett Re-3 School District,Springfield,Baca,(719) 523-4045,no website,3,PK-12
Pueblo City 60 School District,Pueblo,Pueblo,(719) 549-7100,http://www.pueblo60.k12.co.us,36,PK-12
Pueblo County 70 School District,Pueblo,Pueblo,(719) 542-0220,http://www.district70.org,24,PK-12
Rangely Re-4 School District,Rangely,Rio Blanco,(970) 675-2207,http://www.rangelyk12.org,2,PK-12
Revere School District School District,Ovid,Sedgwick,(970) 463-5477,http://www.plattevalley.schoolfusion.us,2,K-12
Ridgway R-2 School District,Ridgway,Ouray,(970) 626-4320,http://ridgway.co.schoolwebpages.com,3,PK-12
Roaring Fork School District No. Re-1,Glenwood Springs,Garfield,(970) 384-6000,http://www.rfsd.k12.co.us,13,PK-12
Rocky Ford R-2 School District,Rocky Ford,Otero,(719) 254-7423,http://rockyfordonline.com,3,PK-12
Salida R-32 School District,Salida,Chaffee,(719) 530-5252,http://www.salida.k12.co.us,7,PK-12
San Juan Board of Cooperative Educational Services,Durango,La Plata,(970) 247-3261,no website,1,6-12
Sanford 6j School District,Sanford,Conejos,(719) 274-5167,http://sanfordschools.org,2,PK-12
Sangre De Cristo Re-22j School District,Mosca,Alamosa,(719) 378-2310,no website,2,PK-12
Sargent Re-33j School District,Monte Vista,Rio Grande,(719) 852-4023,http://www.sargent.k12.co.us/,3,K-12
School District 27j School District,Brighton,Adams,(303) 655-2900,http://www.brightonps27j.k12.co.us,26,PK-12
Sheridan 2 School District,Sheridan,Arapahoe,(720) 833-6604,http://www.sheridank12.org,5,PK-12
Sierra Grande R-30 School District,Blanca,Costilla,(719) 379-3259,http://www.sierragrande.k12.co.us,1,PK-12
Silverton 1 School District,Silverton,San Juan,(970) 387-5543,http://www.silvertonschool.org,3,PK-12
South Conejos Re-10 School District,Antonito,Conejos,(719) 376-7000,http://scsd.echalk.com,3,K-12
South Routt Re 3 School District,Oak Creek,Routt,(970) 736-2313,http://www.southroutt.k12.co.us,4,PK-12
Springfield Re-4 School District,Springfield,Baca,(719) 523-6654,http://www.springfield.k12.co.us,2,PK-12
St Vrain Valley Re 1j School District,Longmont,Boulder,(303) 776-6200,http://www.stvrain.k12.co.us,51,PK-12
Steamboat Springs Re-2 School District,Steamboat Springs,Routt,(970) 871-3199,http://www.sssd.k12.co.us,7,PK-12
Strasburg 31j School District,Strasburg,Adams,(303) 622-9211,http://www.strasburg31j.com,4,PK-12
Stratton R-4 School District,Stratton,Kit Carson,(719) 348-5369,http://www.stratton.groupfusion.net,3,PK-12
Summit Re-1 School District,Frisco,Summit,(970) 368-1000,http://summit.k12.co.us/,9,PK-12
Swink 33 School District,Swink,Otero,(719) 384-8103,http://www.swink.k12.co.us,2,K-12
Telluride R-1 School District,Telluride,San Miguel,(970) 728-6617,http://www.tellurideschool.org,4,PK-12
Thompson R2-J School District,Loveland,Larimer,(970) 613-5000,http://www.thompson.k12.co.us,35,PK-12
Trinidad 1 School District,Trinidad,Las Animas,(719) 846-3324,http://www.trinidad.k12.co.us,4,K-12
Valley Re-1 School District,Sterling,Logan,(970) 522-0792,http://www.re1valleyschools.com,7,PK-12
Vilas Re-5 School District,Vilas,Baca,(719) 523-6738,http://www.vilas.k12.co.us,2,PK-12
Walsh Re-1 School District,Walsh,Baca,(719) 324-5632,http://www.walsheagles.com,2,PK-12
Weld County Re-1 School District,La Salle,Weld,(970) 737-2403,http://WWW.WELD-RE1.K12.CO.US,6,PK-12
Weld County School District Re-3j School District,Keenesburg,Weld,(303) 536-2000,http://www.re3j.com/,6,PK-12
Weld County School District Re-8 School District,Fort Lupton,Weld,(303) 857-3200,http://www.ftlupton.k12.co.us,6,PK-12
Weldon Valley Re-20(J) School District,Weldona,Morgan,(970) 645-2411,no website,2,PK-12
West End Re-2 School District,Nucla,Montrose,(970) 864-7350,http://www.westendschools.org,4,PK-12
West Grand 1-Jt School District,Kremmling,Grand,(970) 724-3217,http://www.westgrand.k12.co.us,2,K-12
Westminster 50 School District,Westminster,Adams,(303) 428-3511,http://www.adams50.org,20,PK-12
Widefield 3 School District,Colorado Springs,El Paso,(719) 391-3000,http://www.wsd3.org/,16,PK-12
Wiggins Re-50(J) School District,Wiggins,Morgan,(970) 483-7762,http://WWW.WIGGINS50.K12.CO.US/,3,PK-12
Wiley Re-13 Jt School District,Wiley,Prowers,(719) 829-4806,http://www.wiley.k12.co.us,2,PK-12
Windsor Re-4 School District,Windsor,Weld,(970) 686-8000,http://www.windsor.k12.co.us,10,PK-12
Woodland Park Re-2 School District,Woodland Park,Teller,(719) 686-2000,http://www.wpsdk12.org,5,PK-12
Woodlin R-104 School District,Woodrow,Washington,(970) 386-2223,http://woodlinschool.com,2,PK-12
Wray Rd-2 School District,Wray,Yuma,(970) 332-5764,http://www.wrayschools.org,3,PK-12
Yuma 1 School District,Yuma,Yuma,(970) 848-5831,http://www.yumaschools.org,4,PK-12
