Achievement First Hartford Ac,Hartford,Hartford,(860) 695-5280,no website,1,K-8
Amistad Academy District,New Haven,New Haven,(203) 773-0390,no website,1,K-12
Andover School District,Andover,Tolland,(860) 742-7339,no website,1,PK-6
Ansonia School District,Ansonia,New Haven,(203) 736-5095,no website,4,PK-12
Area Cooperative Educational,North Haven,New Haven,(203) 498-6817,no website,11,PK-12 & Ungraded
Ashford School District,Ashford,Windham,(860) 429-1927,no website,1,PK-8
Avon School District,Avon,Hartford,(860) 404-4700,no website,5,PK-12
Barkhamsted School District,Barkhamsted,Litchfield,(860) 738-4016,no website,2,PK-6
Berlin School District,Berlin,Hartford,(860) 828-6581,no website,5,PK-12
Bethany School District,Bethany,New Haven,(203) 393-1170,no website,1,PK-6
Bethel School District,Bethel,Fairfield,(203) 794-8601,no website,5,PK-12
Bloomfield School District,Bloomfield,Hartford,(860) 769-4211,no website,8,PK-12
Bolton School District,Bolton,Tolland,(860) 643-1569,no website,2,PK-12
Bozrah School District,Bozrah,New London,(860) 887-4873,no website,1,PK-8
Branford School District,Branford,New Haven,(203) 315-7800,no website,6,PK-12
Bridgeport Achievement First,Bridgeport,Fairfield,(203) 333-9128,no website,1,K-1, 5-9
Bridgeport School District,Bridgeport,Fairfield,(203) 576-7302,no website,39,PK-12
Bristol School District,Bristol,Hartford,(860) 584-7002,no website,18,PK-12
Brookfield School District,Brookfield,Fairfield,(203) 775-7620,no website,4,PK-12
Brooklyn School District,Brooklyn,Windham,(860) 774-9153,no website,2,PK-8
Canaan School District,Falls Village,Litchfield,(860) 824-7791,no website,1,K-8
Canterbury School District,Canterbury,Windham,(860) 546-6950,http://www.canterburypublicschools.org/,2,PK-8
Canton School District,Canton,Hartford,(860) 693-7704,no website,4,PK-12
Capitol Region Education Coun,Hartford,Hartford,(860) 524-4063,no website,22,PK-12
Chaplin School District,Chaplin,Windham,(860) 455-9306,no website,1,PK-6
Charter School For Young Chil,Hartford,Hartford,(860) 244-3111,no website,1,PK-2
Cheshire School District,Cheshire,New Haven,(203) 250-2400,no website,8,PK-12
Chester School District,Deep River,Middlesex,(860) 526-2417,no website,1,PK-6
Clinton School District,Clinton,Middlesex,(860) 664-6500,https://sites.google.com/a/clintonpublic.net/district/home,4,PK-12
Colchester School District,Colchester,New London,(860) 537-7267,http://www.colchesterct.org/,4,PK-12
Colebrook School District,Colebrook,Litchfield,(860) 379-2179,no website,1,K-6
Columbia School District,Columbia,Tolland,(860) 228-9493,no website,1,PK-8
Common Ground High School Dis,New Haven,New Haven,(203) 389-4333,no website,1,9-12
Connecticut Technical High School,Middletown,Middlesex,(860) 807-2200,no website,17,9-12
Cooperative Educational Servi,Trumbull,Fairfield,(203) 365-8803,no website,6,PK-12 & Ungraded
Cornwall School District,Falls Village,Litchfield,(860) 672-6617,no website,1,K-8
Coventry School District,Coventry,Tolland,(860) 742-7317,no website,5,PK-12
Cromwell School District,Cromwell,Middlesex,(860) 632-4830,no website,4,PK-12
Danbury School District,Danbury,Fairfield,(203) 797-4701,no website,18,PK-12
Darien School District,Darien,Fairfield,(203) 656-7400,no website,7,PK-12
Deep River School District,Deep River,Middlesex,(860) 526-2417,http://www.reg4.k12.ct.us/,1,K-6
Department Of Mental Health A,Hartford,Hartford,(860) 418-6691,no website,7,K-2, 10-12 & Ungraded
Derby School District,Derby,New Haven,(203) 736-5027,no website,4,PK-12
East Granby School District,East Granby,Hartford,(860) 653-6486,no website,4,PK-12
East Haddam School District,Moodus,Middlesex,(860) 873-5090,http://www.easthaddamschools.org/,3,PK-12
East Hampton School District,East Hampton,Middlesex,(860) 365-4000,http://www.easthamptonps.org/,5,PK-12
East Hartford School District,East Hartford,Hartford,(860) 622-5107,http://www.easthartford.org/,16,PK-12
East Haven School District,East Haven,New Haven,(203) 468-3261,no website,12,PK-12
East Lyme School District,East Lyme,New London,(860) 739-3966,http://www.eastlymeschools.org/,6,PK-12
East Windsor School District,East Windsor,Hartford,(860) 623-3346,no website,3,PK-12
Eastern Connecticut Regional School District,Hampton,Windham,(860) 455-0707,no website,3,1-12
Eastford School District,Eastford,Windham,(860) 974-1130,no website,1,PK-8
Easton School District,Monroe,Fairfield,(203) 261-2513,no website,2,PK-8
Education Connection,Danbury,Fairfield,(860) 567-0863,no website,2,PK, 4-6, 8-12
Ellington School District,Ellington,Tolland,(860) 896-2300,no website,6,PK-12
Elm City College Preparatory,New Haven,New Haven,(203) 773-0390,no website,1,K-12 & Ungraded
Elm City College School District,New Haven,New Haven,(203) 773-0390,no website,1,1-9
Enfield School District,Enfield,Hartford,(860) 253-6500,no website,14,PK-12
Essex School District,Deep River,Middlesex,(860) 526-2417,http://www.reg4.k12.ct.us/,1,PK-6
Explorations District,Winsted,Litchfield,(860) 738-9070,no website,1,9-12
Fairfield School District,Fairfield,Fairfield,(203) 255-8371,no website,17,PK-12
Farmington School District,Farmington,Hartford,(860) 673-8270,no website,8,PK-12
Franklin School District,North Franklin,New London,(860) 642-7063,http://www.franklinschoolct.org/,1,PK-8
Glastonbury School District,Glastonbury,Hartford,(860) 652-7961,no website,9,PK-12
Granby School District,Granby,Hartford,(860) 844-5250,no website,4,PK-12
Greenwich School District,Greenwich,Fairfield,(203) 625-7400,no website,15,PK-12
Griswold School District,Griswold,New London,(860) 376-7600,http://www.griswold.k12.ct.us/,3,PK-12
Groton School District,Mystic,New London,(860) 572-2100,http://www.groton.k12.ct.us/,11,PK-12
Guilford School District,Guilford,New Haven,(203) 453-8200,no website,7,PK-12
Hamden School District,Hamden,New Haven,(203) 407-2000,no website,12,PK-12 & Ungraded
Hampton School District,Chaplin,Windham,(860) 455-9306,no website,1,PK-6
Hartford School District,Hartford,Hartford,(860) 695-8000,no website,56,PK-12
Hartland School District,East Hartland,Hartford,(860) 653-7207,no website,1,PK-8
Hebron School District,Hebron,Tolland,(860) 228-2577,http://www.hebron.k12.ct.us/,2,PK-6
Highville Charter School,New Haven,New Haven,(203) 287-0528,http://www.HighvilleCharter.com,1,PK-12
Integrated Day Charter School,Norwich,New London,(860) 892-1900,no website,1,PK-8
Intrdist School For Arts And Com,New London,New London,(860) 447-1003,no website,1,6-8
Jumoke Academy District,Hartford,Hartford,(860) 527-0575,no website,1,PK-8
Kent School District,Falls Village,Litchfield,(860) 927-3537,no website,1,PK-8
Killingly School District,Danielson,Windham,(860) 779-6600,no website,5,PK-12
Learn School District,Old Lyme,New London,(860) 434-4800,no website,7,PK-12
Lebanon School District,Lebanon,New London,(860) 642-7795,http://www.lebanonct.org/,3,PK-12
Ledyard School District,Ledyard,New London,(860) 464-9255,http://www.ledyard.net/,6,PK-12
Lisbon School District,Lisbon,New London,(860) 376-5565,http://www.lisboncentralschool.com,2,PK-12
Litchfield School District,Litchfield,Litchfield,(860) 567-7500,no website,3,PK-12
Madison School District,Madison,New Haven,(203) 245-6300,no website,8,PK-12
Manchester School District,Manchester,Hartford,(860) 647-3441,no website,16,PK-12
Mansfield School District,Storrs,Tolland,(860) 429-3350,no website,5,PK-8
Marlborough School District,Marlborough,Hartford,(860) 295-6236,no website,1,PK-6
Meriden School District,Meriden,New Haven,(203) 630-4171,no website,12,PK-12
Middletown School District,Middletown,Middlesex,(860) 638-1401,no website,13,PK-12
Milford School District,Milford,New Haven,(203) 783-3402,http://www.milforded.org/,15,PK-12 & Ungraded
Monroe School District,Monroe,Fairfield,(203) 452-6501,no website,7,PK-12
Montville School District,Oakdale,New London,(860) 848-1228,http://www.montvilleschools.org/,6,PK-12
Naugatuck School District,Naugatuck,New Haven,(203) 720-5265,no website,14,PK-12 & Ungraded
New Beginnings Inc.,Bridgeport,Fairfield,(203) 384-2897,no website,1,K-8
New Britain School District,New Britain,Hartford,(860) 827-2200,no website,19,PK-12
New Canaan School District,New Canaan,Fairfield,(203) 594-4000,no website,5,PK-12
New Fairfield School District,New Fairfield,Fairfield,(203) 312-5770,no website,4,PK-12
New Hartford School District,New Hartford,Litchfield,(860) 379-8546,no website,4,PK-6
New Haven School District,New Haven,New Haven,(203) 946-8888,no website,52,PK-12 & Ungraded
New London School District,New London,New London,(860) 447-6000,http://www.newlondon.org/,9,PK-12 & Ungraded
New Milford School District,New Milford,Litchfield,(860) 355-8406,no website,7,PK-12
Newington School District,Newington,Hartford,(860) 665-8610,no website,7,PK-12
Newtown School District,Newtown,Fairfield,(203) 426-7620,no website,10,PK-12 & Ungraded
Norfolk School District,Norfolk,Litchfield,(860) 542-5553,no website,3,PK-6
North Branford School Distric,Northford,New Haven,(203) 484-1440,no website,5,PK-12 & Ungraded
North Canaan School District,Falls Village,Litchfield,(860) 824-5149,no website,1,PK-8
North Haven School District,North Haven,New Haven,(203) 239-2581,no website,6,PK-12
North Stonington School Distr,North Stonington,New London,(860) 535-2800,http://www.northstonington.k12.ct.us/,3,PK-12
Norwalk School District,Norwalk,Fairfield,(203) 854-4001,no website,19,PK-12
Norwich Free Academy,Norwich,New London,(860) 887-2004,no website,1,9-12
Norwich School District,Norwich,New London,(860) 823-4200,http://www.norwichpublicschools.org/,11,PK-9
Odyssey Community School Dist,Manchester,Hartford,(860) 645-1234,no website,1,K-8
Old Saybrook School District,Old Saybrook,Middlesex,(860) 395-3157,http://www.oldsaybrook.k12.ct.us/,3,PK-12
Orange School District,Orange,New Haven,(203) 891-8020,no website,4,PK-6
Oxford School District,Oxford,New Haven,(203) 888-7754,no website,4,PK-12
Park City Prep Charter School,Bridgeport,Fairfield,(203) 953-3766,no website,1,6-8
Plainfield School District,Plainfield,Windham,(860) 564-6403,http://www.plainfieldschools.org/,7,PK-12
Plainville School District,Plainville,Hartford,(860) 793-3200,no website,6,PK-12
Plymouth School District,Terryville,Litchfield,(860) 314-8005,no website,4,PK-12
Pomfret School District,Pomfret Center,Windham,(860) 928-2718,no website,1,PK-8
Portland School District,Portland,Middlesex,(860) 342-6790,no website,5,PK-12
Preston School District,Preston,New London,(860) 889-6098,http://www.prestonschools.org/,2,PK-8
Putnam School District,Putnam,Windham,(860) 963-6900,no website,4,PK-12
Redding School District,East0n,Fairfield,(203) 261-2513,http://www.er9.org,2,PK-8
Regional School District 01,Falls Village,Litchfield,(860) 824-0855,no website,1,9-12
Regional School District 04,Deep River,Middlesex,(860) 526-2417,no website,2,7-12
Regional School District 05,Woodbridge,New Haven,(203) 397-4811,no website,3,7-12
Regional School District 06,Litchfield,Litchfield,(860) 567-7400,no website,5,PK-12
Regional School District 07,Winsted,Litchfield,(860) 379-1084,no website,7,7-12
Regional School District 08,Hebron,Tolland,(860) 228-2115,no website,2,7-12
Regional School District 09,Monroe,Fairfield,(203) 261-2513,no website,1,9-12
Regional School District 10,Burlington,Hartford,(860) 673-2538,no website,4,PK-12
Regional School District 11,Chaplin,Windham,(860) 455-9306,no website,1,7-12
Regional School District 12,Washington Depot,Litchfield,(860) 868-6100,no website,5,PK-12
Regional School District 13,Durham,Middlesex,(860) 349-7200,no website,6,PK-12
Regional School District 14,Woodbury,Litchfield,(203) 263-4339,no website,5,PK-12
Regional School District 15,Middlebury,New Haven,(203) 758-8258,no website,7,PK-12
Regional School District 16,Prospect,New Haven,(203) 758-6671,no website,5,PK-12
Regional School District 17,Higganum,Middlesex,(860) 345-4534,no website,6,PK-12
Regional School District 18,Old Lyme,New London,(860) 434-7238,http://www.region18.org/,5,PK-12
Regional School District 19,Storrs,Tolland,(860) 487-1862,no website,1,9-12
Ridgefield School District,Ridgefield,Fairfield,(203) 431-2800,no website,10,PK-12
Rocky Hill School District,Rocky Hill,Hartford,(860) 258-7701,no website,5,PK-12
Salem School District,Salem,New London,(860) 859-0267,http://www.salemschools.org/,1,PK-8
Salisbury School District,Falls Village,Litchfield,(860) 435-9871,no website,1,PK-8
Scotland School District,Chaplin,Windham,(860) 455-9306,no website,1,PK-6
Seymour School District,Seymour,New Haven,(203) 888-4564,no website,4,PK-12
Sharon School District,Falls Village,Litchfield,(860) 364-5153,no website,1,PK-8
Shelton School District,Shelton,Fairfield,(203) 924-1023,no website,9,PK-12
Sherman School District,Sherman,Fairfield,(860) 355-3793,no website,1,PK-8
Side By Side Community School,Norwalk,Fairfield,(203) 857-0306,no website,1,PK-8
Simsbury School District,Simsbury,Hartford,(860) 651-3361,no website,7,PK-12
Somers School District,Somers,Tolland,(860) 749-2270,no website,3,PK-12
South Windsor School District,South Windsor,Hartford,(860) 291-1205,no website,8,PK-12
Southington School District,Southington,Hartford,(860) 628-3202,no website,11,PK-12
Sprague School District,Baltic,New London,(860) 822-8086,no website,1,PK-8
Stafford School District,Stafford Springs,Tolland,(860) 684-4211,no website,5,PK-12
Stamford Academy,Stamford,Fairfield,(203) 324-6300,no website,1,9-12
Stamford School District,Stamford,Fairfield,(203) 977-4543,no website,21,PK-12
Sterling School District,Oneco,Windham,(860) 564-4219,no website,1,PK-8
Stonington School District,Old Mystic,New London,(860) 572-0506,http://www.stoningtonschools.org/,7,PK-12
Stratford School District,Stratford,Fairfield,(203) 385-4210,no website,15,PK-12
Suffield School District,Suffield,Hartford,(860) 668-3800,no website,4,PK-12
The Bridge Academy District,Bridgeport,Fairfield,(203) 336-9999,no website,1,7-12
The Gilbert School,Winsted,Litchfield,(860) 379-6163,no website,1,7-12
Thomaston School District,Thomaston,Litchfield,(860) 283-6560,no website,3,PK-12
Thompson School District,North Grosvenordale,Windham,(860) 923-9581,no website,3,PK-12
Tolland School District,Tolland,Tolland,(860) 870-7737,no website,5,PK-12
Torrington School District,Torrington,Litchfield,(860) 489-2327,no website,7,PK-12
Trailblazers Academy District,Stamford,Fairfield,(203) 977-5690,no website,1,6-8
Trumbull School District,Trumbull,Fairfield,(203) 452-4301,no website,10,PK-12
Unified School District #2,Hartford,Hartford,(860) 550-6416,no website,3,3-12
Unified School District #3,Hartford,Hartford,(860) 418-6148,no website,1,K-2
Union School District,Union,Tolland,(860) 684-3146,no website,1,1-8
Vernon School District,Vernon,Tolland,(860) 870-6000,no website,8,PK-12
Voluntown School District,Voluntown,New London,(860) 376-9167,http://www.voluntownct.org/,1,PK-8
Wallingford School District,Wallingford,New Haven,(203) 949-6500,no website,15,PK-12
Waterbury School District,Waterbury,New Haven,(203) 574-8004,no website,32,PK-12
Waterford School District,Waterford,New London,(860) 444-5870,http://www.waterfordschools.org/,6,PK-12
Watertown School District,Watertown,Litchfield,(860) 945-4801,no website,5,PK-12
West Hartford School District,West Hartford,Hartford,(860) 523-3500,no website,19,PK-12
West Haven School District,West Haven,New Haven,(203) 937-4300,no website,11,PK-12
Westbrook School District,Westbrook,Middlesex,(860) 399-6432,http://www2.westbrookctschools.org/,3,PK-12
Weston School District,Weston,Fairfield,(203) 291-1401,http://www.westonk12-ct.org/,4,PK-12
Westport School District,Westport,Fairfield,(203) 341-1025,no website,9,PK-12
Wethersfield School District,Wethersfield,Hartford,(860) 571-8110,no website,7,PK-12
Willington School District,Willington,Tolland,(860) 487-3130,no website,2,PK-8
Wilton School District,Wilton,Fairfield,(203) 762-3381,no website,5,PK-12
Winchester School District,Winsted,Litchfield,(860) 379-0706,no website,7,PK-6, 11-12 & Ungraded
Windham School District,Willimantic,Windham,(860) 465-2310,http://www.windham.k12.ct.us/,10,PK-12
Windsor Locks School District,Windsor Locks,Hartford,(860) 292-5000,no website,4,PK-12
Windsor School District,Windsor,Hartford,(860) 687-2000,no website,7,PK-12
Wolcott School District,Wolcott,New Haven,(203) 879-8183,no website,5,PK-12
Woodbridge School District,Woodbridge,New Haven,(203) 387-6631,no website,2,PK-6
Woodstock Academy,Woodstock,Windham,(860) 928-6575,no website,1,9-12
Woodstock School District,Woodstock,Windham,(860) 928-7453,no website,2,PK-8
