Academy Of Dover Charter School,Dover,Kent,(302) 674-0684,http://www.aodcharter.org/,1,K-5
Appoquinimink School District,Odessa,New Castle,(302) 376-4128,http://www.apposchooldistrict.com,16,PK-12
Brandywine School District,Claymont,New Castle,(302) 793-5000,no website,16,PK-12
Caesar Rodney School District,Wyoming,Kent,(302) 697-2173,http://www.cr.k12.de.us/,13,PK-12
Campus Community Charter School,Dover,Kent,(302) 736-3300,no website,1,K-8
Cape Henlopen School District,Lewes,Sussex,(302) 645-6686,http://www.capehenlopenschools.com,8,PK-12
Capital School District,Dover,Kent,(302) 672-1500,http://www.capital.k12.de.us/,12,PK-12
Charter School Of Wilmington,Wilmington,New Castle,(302) 651-2727,no website,1,9-12
Christina School District,Wilmington,New Castle,(302) 552-2600,no website,28,PK-12
Colonial School District,New Castle,New Castle,(302) 323-2700,no website,14,PK-12
Delaware Academy Of Public Safety And Security,Newark,New Castle,(302) 377-1465,no website,1,9-12
Delaware College Preparatory Academy,Wilmington,New Castle,(302) 762-7424,no website,1,K-5
Delaware Military Academy,Wilmington,New Castle,(302) 998-0745,no website,1,9-12
Delmar School District,Delmar,Sussex,(302) 846-9544,no website,2,PK, 5-12
East Side Charter School,Wilmington,New Castle,(302) 762-5834,no website,1,K-8
Edison (Thomas A.) Charter School,Wilmington,New Castle,(302) 778-1101,no website,1,K-8
Family Foundations Academy,New Castle,New Castle,(302) 324-8901,no website,1,K-8
Gateway Lab School,Wilmington,New Castle,(302) 633-4091,no website,1,3-8
Indian River School District,Selbyville,Sussex,(302) 436-1000,no website,15,PK-12
Kuumba Academy Charter School,Wilmington,New Castle,(302) 472-6450,no website,1,K-8
Lake Forest School District,Felton,Kent,(302) 284-3020,http://www.lf.k12.de.us/,6,PK-12
Las Americas Aspira Academy,Wilmington,New Castle,(302) 731-3169,no website,1,K-8
Laurel School District,Laurel,Sussex,(302) 875-6100,no website,4,PK-12
Milford School District,Milford,Sussex,(302) 422-1600,http://www.milfordschooldistrict.org/,7,PK-12
Mot Charter School,Middletown,New Castle,(302) 376-5125,http://www.motcharter.com/,1,K-10
Moyer (Maurice J.) Academy,Wilmington,New Castle,(302) 428-9501,no website,1,Ungraded
New Castle County Vocational-Technical School District,Wilmington,New Castle,(302) 995-8000,no website,4,9-12
Newark Charter School,Newark,New Castle,(302) 369-2001,no website,1,K-11
Odyssey Charter School,Wilmington,New Castle,(302) 655-5760,no website,1,K-8
Polytech School District,Woodside,Kent,(302) 697-2170,http://www.polytech.k12.de.us/,1,9-12
Positive Outcomes Charter School,Camden,Kent,(302) 697-8805,no website,1,7-12
Prestige Academy,Wilmington,New Castle,(302) 762-3240,no website,1,5-8
Providence Creek Academy Charter School,Clayton,Kent,(302) 653-6276,no website,1,K-8
Reach Academy For Girls,Claymont,New Castle,(302) 792-6400,no website,1,Ungraded
Red Clay Consolidated School District,Wilmington,New Castle,(302) 552-3700,no website,27,PK-12
Seaford School District,Seaford,Sussex,(302) 629-4587,no website,6,PK-12
Smyrna School District,Smyrna,Kent,(302) 653-8585,http://www.smyrna.k12.de.us/,8,PK-12
Sussex Academy Of Arts & Sciences,Georgetown,Sussex,(302) 856-3636,no website,1,6-11
Sussex Technical School District,Georgetown,Sussex,(302) 856-2541,no website,1,9-12
Woodbridge School District,Bridgeville,Sussex,(302) 337-7990,http://www.wsd.k12.de.us/,4,PK-12
