Alachua,Gainesville,Alachua,(352) 955-7880,http://www.sbac.edu/pages/ACPS,61,PK-12
Baker,Macclenny,Baker,(904) 259-0401,http://www.baker.k12.fl.us/,10,PK-12
Bay,Panama City,Bay,(850) 767-4101,http://www.bay.k12.fl.us/,51,PK-12
Bradford,Starke,Bradford,(904) 966-6018,http://www.bradfordschools.org/,13,PK-12
Brevard,Melbourne,Brevard,(321) 633-1000,http://www.brevardschools.org,115,PK-12
Broward,Fort Lauderdale,Broward,(754) 321-2600,http://www.browardschools.com,331,PK-12
Calhoun,Blountstown,Calhoun,(850) 674-5927,http://www.calhounflschools.org,10,PK-12
Charlotte,Port Charlotte,Charlotte,(941) 255-0808,http://www.yourcharlotteschools.net/,26,PK-12
Citrus,Inverness,Citrus,(352) 726-1931,http://www.citrus.k12.fl.us/,25,PK-12
Clay,Green Cove Springs,Clay,(904) 284-6500,http://oneclay.net,50,PK-12
Collier,Naples,Collier,(239) 377-0212,http://www.CollierSchools.com,67,PK-12
Columbia,Lake City,Columbia,(386) 755-8003,http://www.columbia.k12.fl.us,22,PK-12
Deaf or Blind,St. Augustine,St. Johns,(904) 827-2210,http://www.fsdb.k12.fl.us/,5,PK-12
Desoto,Arcadia,DeSoto,(863) 494-4222,http://www.desotoschools.com/,11,PK-12
Dixie,Cross City,Dixie,(352) 498-6131,http://www.dixie.k12.fl.us,11,PK-12
Duval,Jacksonville,Duval,(904) 390-2115,http://www.duvalschools.org,200,PK-12
Escambia,Pensacola,Escambia,(850) 469-6130,http://www.escambia.k12.fl.us,66,PK-12
Famu Lab Sch,Tallahassee,Leon,(850) 412-5930,http://www.famudrs.org,2,K-12
Fau Lab Sch,Boca Raton,Palm Beach,(561) 297-3357,http://www.coe.fau.edu/SchoolAndK12Programs/,2,K-12
Fl Virtual,Orlando,Orange,(407) 513-3313,http://www.flvs.net,5,K-12
Flagler,Bunnell,Flagler,(386) 437-7526,http://www.flaglerschools.com,15,PK-12
Franklin,Eastpoint,Franklin,(850) 670-2810,http://www.franklincountyschools.org,5,PK-12
Fsu Lab Sch,Tallahassee,Leon,(850) 245-3700,http://www.fsus.fsu.edu/,3,K-12
Gadsden,Quincy,Gadsden,(850) 627-9651,http://www.gcps.k12.fl.us/,20,PK-12
Gilchrist,Trenton,Gilchrist,(352) 463-3200,http://gilchristschools.schoolfusion.us/,8,PK-12
Glades,Moore Haven,Glades,(863) 946-2083,http://www.gladesedu.org,11,PK-12
Gulf,Port St. Joe,Gulf,(850) 229-8256,http://www.gulf.k12.fl.us/,7,PK-12
Hamilton,Jasper,Hamilton,(386) 792-7800,http://www.hamiltonfl.com/,7,PK-12
Hardee,Wauchula,Hardee,(863) 773-9058,http://www.hardee.k12.fl.us,12,PK-12
Hendry,LaBelle,Hendry,(863) 674-4642,http://www.hendry-schools.org,18,PK-12
Hernando,Brooksville,Hernando,(352) 797-7000,http://www.hernandoschools.org,36,PK-12
Highlands,Sebring,Highlands,(863) 471-5564,http://www.highlands.k12.fl.us/,22,PK-12
Hillsborough,Tampa,Hillsborough,(813) 272-4050,http://www.sdhc.k12.fl.us/,301,PK-12
Holmes,Bonifay,Holmes,(850) 547-9341,http://www.hdsb.org/,11,PK-12
Indian River,Vero Beach,Indian River,(772) 564-3150,http://www.indianriverschools.org,29,PK-12
Jackson,Marianna,Jackson,(850) 482-1200,http://www.jcsb.org,22,PK-12
Jefferson,Monticello,Jefferson,(850) 342-0100,http://www.jeffersonschooldistrict.org/,10,PK-12
Lafayette,Mayo,Lafayette,(386) 294-4107,http://lafayette.schooldesk.net,7,PK-12
Lake,Tavares,Lake,(352) 253-6500,http://www.lake.k12.fl.us/,59,PK-12
Lee,Fort Myers,Lee,(239) 337-8301,http://www.leeschools.net/,119,PK-12
Leon,Tallahassee,Leon,(850) 487-7147,http://www.leonschools.net,54,PK-12
Levy,Bronson,Levy,(352) 486-5231,http://www.levy.k12.fl.us/,17,PK-12
Liberty,Bristol,Liberty,(850) 643-2275,http://www.lcsbonline.org/,8,PK-12
Madison,Madison,Madison,(850) 973-5022,http://www.madison.k12.fl.us/,13,PK-12
Manatee,Bradenton,Manatee,(941) 708-8770,http://www.manateeschools.net/,71,PK-12
Marion,Ocala,Marion,(352) 671-7702,http://www.marion.k12.fl.us/,62,PK-12
Martin,Stuart,Martin,(772) 219-1200,http://www.martinschools.org/,33,PK-12
Miami-Dade,Miami,Miami-Dade,(305) 995-2940,http://www.dadeschools.net,517,PK-12
Monroe,Key West,Monroe,(305) 293-1400,http://keysschools.schoolfusion.us/,22,PK-12
Nassau,Fernandina Beach,Nassau,(904) 491-9901,http://www.nassau.k12.fl.us/,22,PK-12
Okaloosa,Fort Walton Beach,Okaloosa,(850) 833-3110,http://www.okaloosaschools.com/,46,PK-12
Okeechobee,Okeechobee,Okeechobee,(863) 462-5000,http://www.okee.k12.fl.us,13,PK-12
Orange,Orlando,Orange,(407) 317-3209,http://www.ocps.net,255,PK-12
Osceola,Kissimmee,Osceola,(407) 870-4008,http://www.osceola.k12.fl.us,76,PK-12
Palm Beach,West Palm Beach,Palm Beach,(561) 649-6833,http://www.palmbeachschools.org,262,PK-12
Pasco,Land O' Lakes,Pasco,(813) 794-2651,http://WWW.PASCO.K12.FL.US,116,PK-12
Pinellas,Largo,Pinellas,(727) 588-6011,http://www.pcsb.org,158,PK-12
Polk,Bartow,Polk,(863) 680-4047,http://www.mckeelschools.com/about/staff/search,155,PK-12
Putnam,Palatka,Putnam,(386) 329-0602,http://www.putnamschools.org/,26,PK-12
Santa Rosa,Milton,Santa Rosa,(850) 983-5010,http://www.santarosa.k12.fl.us/,38,PK-12
Sarasota,Sarasota,Sarasota,(941) 927-9000,http://www.SarasotaCountySchools.net,60,PK-12
Seminole,Sanford,Seminole,(407) 320-0006,http://www.scps.k12.fl.us/,73,PK-12
St. Johns,St. Augustine,St. Johns,(904) 547-7502,http://www.stjohns.k12.fl.us/,45,PK-12
St. Lucie,Fort Pierce,St. Lucie,(772) 429-3925,http://www.stlucieschools.org,47,PK-12
Sumter,Bushnell,Sumter,(352) 793-2315,http://www.sumter.k12.fl.us/,12,PK-12
Suwannee,Live Oak,Suwannee,(386) 647-4600,http://www.suwannee.k12.fl.us,13,PK-12
Taylor,Perry,Taylor,(850) 838-2500,http://www.taylor.k12.fl.us/,10,PK-12
Uf Lab Sch,Gainesville,Alachua,(352) 392-1554,http://www.pkyonge.ufl.edu/,2,K-12
Union,Lake Butler,Union,(386) 496-2045,http://www.union.k12.fl.us/,9,PK-12
Volusia,DeLand,Volusia,(386) 734-7190,http://MyVolusiaSchools.org,84,PK-12
Wakulla,Crawfordville,Wakulla,(850) 926-0065,http://www.wakullaschooldistrict.org/,15,PK-12
Walton,DeFuniak Springs,Walton,(850) 892-1100,http://www.walton.k12.fl.us/,18,PK-12
Washington,Chipley,Washington,(850) 638-6222,http://www.wcsdschools.com,10,PK-12
