Aberdeen District,Aberdeen,Bingham,(208) 397-4113,no website,3,PK-12
Academy Charter School District #460,Chubbuck,Bannock,(208) 232-1447,http://www.academycharter.net,1,PK-8
American Falls Joint District,American Falls,Power,(208) 226-5173,no website,5,PK-12
American Heritage Charter District,Idaho Falls,Bonneville,(208) 539-7271,no website,1,PK-9
Another Choice Virtual Charter District,Nampa,Canyon,(208) 467-7524,no website,1,PK-12
Arbon Elementary District,Arbon,Power,(208) 335-2197,no website,1,K-6
Avery School District,Avery,Shoshone,(208) 245-2479,no website,1,K-8
Basin School District,Idaho City,Boise,(208) 392-4183,no website,2,PK-12
Bear Lake County District,Paris,Bear Lake,(208) 945-2891,no website,6,PK-12
Blackfoot Charter Community Learning Center,Blackfoot,Bingham,(208) 782-0744,no website,1,PK-5
Blackfoot District,Blackfoot,Bingham,(208) 785-8800,no website,13,PK-12
Blaine County District,Hailey,Blaine,(208) 578-5000,http://www.blaineschools.org/,8,PK-12
Bliss Joint District,Bliss,Gooding,(208) 352-4447,http://www.bliss234.org/,1,PK-12
Boise Independent District,Boise,Ada,(208) 854-4000,http://www.boiseschools.org/,51,PK-12
Bonneville Joint District,Idaho Falls,Bonneville,(208) 525-4400,no website,25,PK-12
Boundary County District,Bonners Ferry,Boundary,(208) 267-3146,no website,5,PK-12
Bruneau-Grand View Joint School District,Grand View,Owyhee,(208) 834-2253,http://www.sd365.us/,3,PK-12
Buhl Joint District,Buhl,Twin Falls,(208) 543-6436,no website,3,PK-12
Butte County Joint District,Arco,Butte,(208) 527-8235,no website,4,PK-12
Caldwell District,Caldwell,Canyon,(208) 455-3300,no website,10,PK-12
Camas County District,Fairfield,Camas,(208) 764-2625,no website,2,PK-12
Cambridge Joint District,Cambridge,Washington,(208) 257-3321,no website,2,PK-12
Canyon-Owyhee School Service Agency (COSSA),Wilder,Canyon,(208) 454-2087,no website,1,7-12
Cascade District,Cascade,Valley,(208) 382-4227,no website,2,PK-12
Cassia County Joint District,Burley,Cassia,(208) 878-6600,no website,18,PK-12
Castleford District,Castleford,Twin Falls,(208) 537-6511,no website,1,PK-12
Challis Joint District,Challis,Custer,(208) 879-4231,no website,5,PK-12
Chief Tahgee Elementary Academy District,Fort Hall,Bannock,(208) 478-4024,no website,1,K-6
Clark County District,Dubois,Clark,(208) 374-4175,no website,2,PK-12
Coeur D' Alene Tribal School,De Smet,Benewah,(208) 686-5510,no website,1,K-8
Coeur D'Alene District,Coeur d'Alene,Kootenai,(208) 664-8241,no website,18,PK-12
Compass Charter School,Meridian,Ada,(208) 855-2802,no website,1,PK-12
Cottonwood Joint District,Cottonwood,Idaho,(208) 962-3971,no website,3,PK-12
Council District,Council,Adams,(208) 253-4217,no website,2,PK-12
Culdesac Joint District,Culdesac,Nez Perce,(208) 843-5413,no website,1,PK-12
Dietrich District,Dietrich,Lincoln,(208) 544-2158,no website,1,PK-12
Emmett Independent District,Emmett,Gem,(208) 365-6301,no website,8,PK-12
Falcon Ridge Charter School,Kuna,Ada,(208) 922-9228,no website,1,PK-8
Filer District,Filer,Twin Falls,(208) 326-5981,no website,5,PK-12
Firth District,Firth,Bingham,(208) 346-6815,no website,3,PK-12
Fremont County Joint District,St Anthony,Fremont,(208) 624-7542,no website,7,PK-12
Fruitland District,Fruitland,Payette,(208) 452-3595,no website,4,PK-12
Garden Valley District,Garden Valley,Boise,(208) 462-3756,no website,2,PK-12
Genesee Joint District,Genesee,Latah,(208) 285-1161,no website,1,PK-12
Glenns Ferry Joint District,Glenns Ferry,Elmore,(208) 366-7436,http://www.glennsferryschools.org,3,PK-12
Gooding Joint District,Gooding,Gooding,(208) 934-4321,no website,3,PK-12
Grace Joint District,Grace,Caribou,(208) 425-3984,no website,3,PK-12
Hagerman Joint District,Hagerman,Gooding,(208) 837-4777,no website,1,PK-12
Hansen District,Hansen,Twin Falls,(208) 423-6387,no website,2,PK-12
Heritage Academy District,Jerome,Jerome,(208) 595-1617,no website,1,PK-8
Heritage Community Charter District,Caldwell,Canyon,(208) 453-8070,no website,1,K-8
Highland Joint District,Craigmont,Lewis,(208) 924-5211,no website,1,PK-12
Homedale Joint District,Homedale,Owyhee,(208) 337-4611,no website,4,PK-12
Horseshoe Bend School District,Horseshoe Bend,Boise,(208) 793-2225,no website,2,PK-12
Idaho College & Career Readiness Academy,Meridian,Ada,(877) 654-4845,no website,1,9-12
Idaho Connects Online Charter District,Boise,Ada,(208) 515-5796,no website,2,6-12
Idaho Distance Education Academy District,Deary,Latah,(208) 877-1513,no website,1,PK-12
Idaho Falls District,Idaho Falls,Bonneville,(208) 525-7500,no website,20,PK-12
Idaho School For The Deaf And Blind,Gooding,Gooding,(208) 934-4457,no website,1,PK-12
Idaho Science & Technology Charter,Blackfoot,Bingham,(208) 785-7827,no website,1,4-8
Idaho Virtual Academy,Meridian,Ada,(208) 322-3559,no website,2,PK-12
Inspire Virtual Charter,Boise,Ada,(208) 322-4002,no website,1,K-12
Isucceed Virtual High School,Boise,Ada,(208) 375-3116,no website,1,9-12
Jefferson County Jt District,Rigby,Jefferson,(208) 745-6693,no website,9,PK-12
Jerome Joint District,Jerome,Jerome,(208) 324-2392,no website,7,PK-12
Kamiah Joint District,Kamiah,Lewis,(208) 935-2991,no website,3,PK-12
Kellogg Joint District,Kellogg,Shoshone,(208) 784-1348,no website,5,PK-12
Kendrick Joint District,Kendrick,Nez Perce,(208) 289-4211,no website,2,PK-12
Kimberly District,Kimberly,Twin Falls,(208) 423-4170,no website,3,PK-12
Kootenai Bridge Academy,Post Falls,Kootenai,(208) 930-4515,no website,1,9-12
Kootenai District,Harrison,Kootenai,(208) 689-3631,no website,2,K-12
Ktec - Kootenai Technical Education Campus,Rathdrum,Kootenai,(208) 661-3921,no website,1,9-12
Kuna Joint District,Kuna,Ada,(208) 922-1000,no website,11,PK-12
Lake Pend Oreille School District,Ponderay,Bonner,(208) 263-2184,no website,12,PK-12
Lakeland District,Rathdrum,Kootenai,(208) 687-0431,no website,11,PK-12
Lapwai District,Lapwai,Nez Perce,(208) 843-2622,no website,2,PK-12
Legacy Charter School District,Nampa,Canyon,(208) 467-0947,no website,1,K-8
Lewiston Independent District,Lewiston,Nez Perce,(208) 748-3000,no website,11,PK-12
Liberty Charter,Nampa,Canyon,(208) 466-7952,no website,1,PK-12
Mackay Joint District,Mackay,Custer,(208) 588-2896,no website,2,PK-12
Madison District,Rexburg,Madison,(208) 359-3300,no website,10,PK-12
Marsh Valley Joint District,Arimo,Bannock,(208) 254-3306,no website,6,PK-12
Marsing Joint District,Marsing,Owyhee,(208) 896-4111,no website,4,PK-12
McCall-Donnelly Jt. School District,McCall,Valley,(208) 634-2161,no website,5,PK-12
Meadows Valley District,New Meadows,Adams,(208) 347-2411,no website,1,PK-12
Melba Joint District,Melba,Canyon,(208) 495-1141,http://www.melbaschools.org/,2,PK-12
Middleton District,Middleton,Canyon,(208) 585-3027,no website,6,PK-12
Midvale District,Midvale,Washington,(208) 355-2234,no website,2,PK-12
Minidoka County Joint District,Rupert,Minidoka,(208) 436-4727,no website,11,PK-12
Monticello Montessori Charter,Ammon,Bonneville,(208) 419-0742,http://www.joinourschool.com,1,K-6
Moscow District,Moscow,Latah,(208) 882-1120,no website,8,PK-12
Mountain Home District,Mountain Home,Elmore,(208) 587-2580,http://www.mtnhomesd.org,9,PK-12
Mountain View School District,Grangeville,Idaho,(208) 983-0990,no website,5,PK-12
Mullan District,Mullan,Shoshone,(208) 744-1118,no website,2,PK-12
Murtaugh Joint District,Murtaugh,Twin Falls,(208) 432-5451,no website,1,PK-12
Nampa School District,Nampa,Canyon,(208) 468-4600,no website,27,PK-12
New Plymouth District,New Plymouth,Payette,(208) 278-5740,no website,3,PK-12
Nezperce Joint District,Nezperce,Lewis,(208) 937-2551,no website,1,PK-12
North Gem District,Bancroft,Caribou,(208) 648-7848,no website,2,PK-12
North Idaho Stem Charter Academy District,Rathdrum,Kootenai,(208) 687-8002,http://www.stemcharter.org,1,K-12
North Valley Academy,Gooding,Gooding,(208) 934-4587,no website,1,PK-12
Notus District,Notus,Canyon,(208) 459-7442,no website,3,PK-12
Oneida County District,Malad City,Oneida,(208) 766-4701,no website,5,PK-12
Orofino Joint District,Orofino,Clearwater,(208) 476-5593,no website,8,PK-12
Palouse Prairie Charter,Moscow,Latah,(208) 669-0423,no website,1,PK-8
Parma District,Parma,Canyon,(208) 722-5115,no website,4,PK-12
Payette Joint District,Payette,Payette,(208) 642-9366,no website,4,PK-12
Plummer-Worley Joint District,Plummer,Benewah,(208) 686-1621,no website,3,PK-12
Pocatello District,Pocatello,Bannock,(208) 232-3563,http://sd25.us,25,PK-12
Post Falls District,Post Falls,Kootenai,(208) 773-1658,no website,10,PK-12
Potlatch District,Potlatch,Latah,(208) 875-0327,no website,2,PK-12
Prairie Elementary District,Prairie,Elmore,(208) 868-3243,http://www.prairie191k8.org/,1,K-8
Preston Joint District,Preston,Franklin,(208) 852-0283,no website,6,PK-12
Richard Mckenna Charter High School,Mountain Home,Elmore,(208) 580-2449,no website,2,9-12
Richfield District,Richfield,Lincoln,(208) 487-2241,no website,1,PK-12
Ririe Joint District,Ririe,Jefferson,(208) 538-7482,no website,2,PK-12
Rockland District,Rockland,Power,(208) 548-2231,no website,1,PK-12
Rolling Hills Charter School,Boise,Ada,(208) 939-5400,no website,1,PK-8
Sage International School Of Boise,Boise,Ada,(208) 343-7243,no website,1,K-12
Salmon District,Salmon,Lemhi,(208) 756-4271,no website,4,PK-12
Salmon River Joint School District,Riggins,Idaho,(208) 628-3431,no website,2,PK-12
Shelley Joint District,Shelley,Bingham,(208) 357-3411,no website,5,K-12
Shoshone Joint District,Shoshone,Lincoln,(208) 886-2338,no website,4,PK-12
Shoshone-Bannock School District No 512,Fort Hall,Bannock,(208) 238-4200,no website,1,K-8
Snake River District,Blackfoot,Bingham,(208) 684-3001,no website,6,PK-12
Soda Springs Joint District,Soda Springs,Caribou,(208) 547-3371,no website,3,PK-12
South Lemhi District,Leadore,Lemhi,(208) 768-2441,no website,2,PK-12
St Maries Joint District,St Maries,Benewah,(208) 245-2579,no website,5,PK-12
Sugar-Salem Joint District,Sugar City,Madison,(208) 356-8802,no website,5,PK-12
Swan Valley Elementary District,Irwin,Bonneville,(208) 483-2405,no website,1,PK-8
Syringa Mountain Charter District,Hailey,Blaine,(208) 720-6327,no website,1,K-5
Taylors Crossing Charter School,Idaho Falls,Bonneville,(208) 552-0397,no website,1,PK-12
Teton County District,Driggs,Teton,(208) 354-2207,no website,7,PK-12
The Village Charter School District,Boise,Ada,(208) 336-2000,no website,1,PK-8
Three Creek Jt Elem District,Rogerson,Twin Falls,(208) 857-2281,no website,1,PK-8
Troy School District,Troy,Latah,(208) 835-3791,no website,2,PK-12
Twin Falls District,Twin Falls,Twin Falls,(208) 733-6900,no website,14,PK-12
Valley District,Hazelton,Jerome,(208) 829-5333,no website,1,PK-12
Vallivue School District,Caldwell,Canyon,(208) 454-0445,no website,14,PK-12
Victory Charter School,Nampa,Canyon,(208) 442-9400,no website,1,PK-12
Vision Charter School,Caldwell,Canyon,(208) 455-9220,no website,1,K-12
Wallace District,Wallace,Shoshone,(208) 753-4515,no website,2,PK-12
Weiser District,Weiser,Washington,(208) 414-0616,no website,5,PK-12
Wendell District,Wendell,Gooding,(208) 536-2418,no website,4,PK-12
West Ada School District,Meridian,Ada,(208) 855-4500,http://www.meridianschools.org,57,PK-12
West Bonner County District,Priest River,Bonner,(208) 448-4439,http://www.sd83.k12.id.us/,6,PK-12
West Jefferson District,Terreton,Jefferson,(208) 663-4542,no website,4,PK-12
West Side Joint District,Dayton,Franklin,(208) 747-3502,no website,3,PK-12
White Pine Charter School,Ammon,Bonneville,(208) 522-4432,no website,1,PK-8
Whitepine Jt School District,Deary,Latah,(208) 877-1408,no website,3,PK-12
Wilder District,Wilder,Canyon,(208) 482-6228,no website,3,PK-12
Xavier Charter School,Twin Falls,Twin Falls,(208) 933-9287,no website,1,PK-12
