{
    "svgIdSource": "sid",
    "defaultNodeFill": "#d3d3d3", 
    "hoverNodeFill": "#346733", 
    "nodeMetadata": {
        "id": {
            "digits": 2, 
            "dsc": "2-digit FIPS State Code"
        }, 
        "n": {
            "dsc:": "Neighboring State IDs"
        }, 
        "s": {
            "dsc": "State Name"
        }
    }, 
    "nodes": [
        {
            "id": 1, 
            "n": [
                28, 
                47, 
                13, 
                12
            ], 
            "s": "Alabama", 
            "sid": "AL"
        }, 
        {
            "id": 2, 
            "n": [], 
            "s": "Alaska", 
            "sid": "AK"
        }, 
        {
            "id": 4, 
            "n": [
                6, 
                32, 
                49, 
                8, 
                35
            ], 
            "s": "Arizona", 
            "sid": "AZ"
        }, 
        {
            "id": 5, 
            "n": [
                29, 
                47, 
                28, 
                22, 
                48, 
                40
            ], 
            "s": "Arkansas", 
            "sid": "AR"
        }, 
        {
            "id": 6, 
            "n": [
                41, 
                32, 
                4
            ], 
            "s": "California", 
            "sid": "CA"
        }, 
        {
            "id": 8, 
            "n": [
                56, 
                31, 
                20, 
                40, 
                35, 
                4, 
                49
            ], 
            "s": "Colorado", 
            "sid": "CO"
        }, 
        {
            "id": 9, 
            "n": [
                36, 
                25, 
                44
            ], 
            "s": "Connecticut", 
            "sid": "CT"
        }, 
        {
            "id": 10, 
            "n": [
                24, 
                42, 
                34
            ], 
            "s": "Delaware", 
            "sid": "DE"
        }, 
        {
            "id": 11, 
            "n": [], 
            "s": "District of Columbia", 
            "sid": "DC"
        }, 
        {
            "id": 12, 
            "n": [
                1, 
                13
            ], 
            "s": "Florida", 
            "sid": "FL"
        }, 
        {
            "id": 13, 
            "n": [
                12, 
                1, 
                47, 
                37, 
                45
            ], 
            "s": "Georgia", 
            "sid": "GA"
        }, 
        {
            "id": 15, 
            "n": [], 
            "s": "Hawaii", 
            "sid": "HI"
        }, 
        {
            "id": 16, 
            "n": [
                30, 
                56, 
                49, 
                32, 
                41, 
                53
            ], 
            "s": "Idaho", 
            "sid": "ID"
        }, 
        {
            "id": 17, 
            "n": [
                18, 
                21, 
                29, 
                19, 
                55
            ], 
            "s": "Illinois", 
            "sid": "IL"
        }, 
        {
            "id": 18, 
            "n": [
                26, 
                39, 
                21, 
                17
            ], 
            "s": "Indiana", 
            "sid": "IN"
        }, 
        {
            "id": 19, 
            "n": [
                27, 
                55, 
                17, 
                29, 
                31, 
                46
            ], 
            "s": "Iowa", 
            "sid": "IA"
        }, 
        {
            "id": 20, 
            "n": [
                31, 
                29, 
                40, 
                8
            ], 
            "s": "Kansas", 
            "sid": "KS"
        }, 
        {
            "id": 21, 
            "n": [
                18, 
                39, 
                54, 
                51, 
                47, 
                29, 
                17
            ], 
            "s": "Kentucky", 
            "sid": "KY"
        }, 
        {
            "id": 22, 
            "n": [
                48, 
                5, 
                28
            ], 
            "s": "Louisiana", 
            "sid": "LA"
        }, 
        {
            "id": 23, 
            "n": [
                33
            ], 
            "s": "Maine", 
            "sid": "ME"
        }, 
        {
            "id": 24, 
            "n": [
                51, 
                54, 
                42, 
                10
            ], 
            "s": "Maryland", 
            "sid": "MD"
        }, 
        {
            "id": 25, 
            "n": [
                44, 
                9, 
                36, 
                33, 
                50
            ], 
            "s": "Massachusetts", 
            "sid": "MA"
        }, 
        {
            "id": 26, 
            "n": [
                55, 
                18, 
                39
            ], 
            "s": "Michigan", 
            "sid": "MI"
        }, 
        {
            "id": 27, 
            "n": [
                55, 
                19, 
                46, 
                38
            ], 
            "s": "Minnesota", 
            "sid": "MN"
        }, 
        {
            "id": 28, 
            "n": [
                22, 
                5, 
                47, 
                1
            ], 
            "s": "Mississippi", 
            "sid": "MS"
        }, 
        {
            "id": 29, 
            "n": [
                19, 
                17, 
                21, 
                47, 
                5, 
                40, 
                20, 
                31
            ], 
            "s": "Missouri", 
            "sid": "MO"
        }, 
        {
            "id": 30, 
            "n": [
                38, 
                46, 
                56, 
                16
            ], 
            "s": "Montana", 
            "sid": "MT"
        }, 
        {
            "id": 31, 
            "n": [
                46, 
                19, 
                29, 
                20, 
                8, 
                56
            ], 
            "s": "Nebraska", 
            "sid": "NE"
        }, 
        {
            "id": 32, 
            "n": [
                16, 
                49, 
                4, 
                6, 
                41
            ], 
            "s": "Nevada", 
            "sid": "NV"
        }, 
        {
            "id": 33, 
            "n": [
                50, 
                23, 
                25
            ], 
            "s": "New Hampshire", 
            "sid": "NH"
        }, 
        {
            "id": 34, 
            "n": [
                10, 
                42, 
                36
            ], 
            "s": "New Jersey", 
            "sid": "NJ"
        }, 
        {
            "id": 35, 
            "n": [
                4, 
                49, 
                8, 
                40, 
                48
            ], 
            "s": "New Mexico", 
            "sid": "NM"
        }, 
        {
            "id": 36, 
            "n": [
                34, 
                42, 
                50, 
                25, 
                9
            ], 
            "s": "New York", 
            "sid": "NY"
        }, 
        {
            "id": 37, 
            "n": [
                51, 
                47, 
                13, 
                45
            ], 
            "s": "North Carolina", 
            "sid": "NC"
        }, 
        {
            "id": 38, 
            "n": [
                27, 
                46, 
                30
            ], 
            "s": "North Dakota", 
            "sid": "ND"
        }, 
        {
            "id": 39, 
            "n": [
                42, 
                54, 
                21, 
                18, 
                26
            ], 
            "s": "Ohio", 
            "sid": "OH"
        }, 
        {
            "id": 40, 
            "n": [
                20, 
                29, 
                5, 
                48, 
                35, 
                8
            ], 
            "s": "Oklahoma", 
            "sid": "OK"
        }, 
        {
            "id": 41, 
            "n": [
                6, 
                32, 
                16, 
                53
            ], 
            "s": "Oregon", 
            "sid": "OR"
        }, 
        {
            "id": 42, 
            "n": [
                36, 
                34, 
                10, 
                24, 
                54, 
                39
            ], 
            "s": "Pennsylvania", 
            "sid": "PA"
        }, 
        {
            "id": 44, 
            "n": [
                9, 
                25
            ], 
            "s": "Rhode Island", 
            "sid": "RI"
        }, 
        {
            "id": 45, 
            "n": [
                13, 
                37
            ], 
            "s": "South Carolina", 
            "sid": "SC"
        }, 
        {
            "id": 46, 
            "n": [
                38, 
                27, 
                19, 
                31, 
                56, 
                30
            ], 
            "s": "South Dakota", 
            "sid": "SD"
        }, 
        {
            "id": 47, 
            "n": [
                21, 
                51, 
                37, 
                13, 
                1, 
                28, 
                5, 
                29
            ], 
            "s": "Tennessee", 
            "sid": "TN"
        }, 
        {
            "id": 48, 
            "n": [
                35, 
                40, 
                5, 
                22
            ], 
            "s": "Texas", 
            "sid": "TX"
        }, 
        {
            "id": 49, 
            "n": [
                16, 
                56, 
                8, 
                35, 
                4, 
                32
            ], 
            "s": "Utah", 
            "sid": "UT"
        }, 
        {
            "id": 50, 
            "n": [
                36, 
                33, 
                25
            ], 
            "s": "Vermont", 
            "sid": "VT"
        }, 
        {
            "id": 51, 
            "n": [
                37, 
                47, 
                21, 
                54, 
                24
            ], 
            "s": "Virginia", 
            "sid": "VA"
        }, 
        {
            "id": 53, 
            "n": [
                16, 
                41
            ], 
            "s": "Washington", 
            "sid": "WA"
        }, 
        {
            "id": 54, 
            "n": [
                39, 
                42, 
                24, 
                51, 
                21
            ], 
            "s": "West Virginia", 
            "sid": "WV"
        }, 
        {
            "id": 55, 
            "n": [
                26, 
                27, 
                19, 
                17
            ], 
            "s": "Wisconsin", 
            "sid": "WI"
        }, 
        {
            "id": 56, 
            "n": [
                30, 
                46, 
                31, 
                8, 
                49, 
                16
            ], 
            "s": "Wyoming", 
            "sid": "WY"
        }
    ]
}
