{
    "sourceUrl": "http://data.worldbank.org/data-catalog/world-development-indicators",
    "name": "World Development Indicators (2012) - Energy & Mining",
    "nodeIdSource": "id",
    "data": [
        {
            "EP.PMP.SGAS.CD": 1.15,
            "id": 4,
            "EP.PMP.DESL.CD": 1.0
        },
        {
            "EP.PMP.SGAS.CD": 1.46,
            "EG.USE.COMM.CL.ZS": 31.6998731049994,
            "EG.EGY.PROD.KT.OE": 1622.319,
            "EG.USE.PCAP.KG.OE": 648.290850623728,
            "EP.PMP.DESL.CD": 1.4,
            "EG.USE.COMM.KT.OE": 2077.308,
            "EG.IMP.CONS.ZS": 21.902818455424,
            "EG.USE.COMM.FO.ZS": 62.3622977430405,
            "EG.GDP.PUSE.KO.PP.KD": 11.8158114991505,
            "EG.USE.CRNW.ZS": 9.86671211009634,
            "id": 8
        },
        {
            "EP.PMP.SGAS.CD": 0.32,
            "EG.USE.COMM.CL.ZS": 0.0370659281091413,
            "EG.EGY.PROD.KT.OE": 150518.996,
            "EG.USE.PCAP.KG.OE": 1138.23929305929,
            "EP.PMP.DESL.CD": 0.19,
            "EG.USE.COMM.KT.OE": 40371.308,
            "EG.IMP.CONS.ZS": -272.836560063895,
            "EG.USE.COMM.FO.ZS": 99.7939601065192,
            "EG.GDP.PUSE.KO.PP.KD": 6.64569496690937,
            "EG.USE.CRNW.ZS": 0.183248954926107,
            "id": 12
        },
        {
            "EP.PMP.SGAS.CD": 1.49,
            "id": 20,
            "EP.PMP.DESL.CD": 1.32
        },
        {
            "EP.PMP.SGAS.CD": 0.65,
            "EG.USE.COMM.CL.ZS": 2.22358493588314,
            "EG.EGY.PROD.KT.OE": 98915.343,
            "EG.USE.PCAP.KG.OE": 716.493504424504,
            "EP.PMP.DESL.CD": 0.43,
            "EG.USE.COMM.KT.OE": 13672.066,
            "EG.IMP.CONS.ZS": -623.484972936789,
            "EG.USE.COMM.FO.ZS": 41.5800874571553,
            "EG.GDP.PUSE.KO.PP.KD": 7.21808909186075,
            "EG.USE.CRNW.ZS": 56.1963276069615,
            "id": 24
        },
        {
            "EP.PMP.SGAS.CD": 0.99,
            "EG.USE.PCAP.KG.OE": 1698.9585151568,
            "EP.PMP.DESL.CD": 0.96,
            "EG.USE.COMM.KT.OE": 146.0,
            "EG.USE.COMM.FO.ZS": 0.0,
            "EG.GDP.PUSE.KO.PP.KD": 12.9995795224119,
            "id": 29
        },
        {
            "EP.PMP.SGAS.CD": 0.55,
            "EG.USE.COMM.CL.ZS": 0.491775840567239,
            "EG.EGY.PROD.KT.OE": 1678365.96632569,
            "EG.USE.PCAP.KG.OE": 1727.23950752159,
            "EP.PMP.DESL.CD": 0.44,
            "EG.USE.COMM.KT.OE": 579742.651593283,
            "EG.IMP.CONS.ZS": -189.499806838945,
            "EG.USE.COMM.FO.ZS": 96.8332535959872,
            "EG.GDP.PUSE.KO.PP.KD": 4.69570207728524,
            "EG.USE.CRNW.ZS": 2.62466850544695,
            "id": 533
        },
        {
            "EP.PMP.SGAS.CD": 0.96,
            "EG.USE.COMM.CL.ZS": 6.37699147751116,
            "EG.EGY.PROD.KT.OE": 78849.335,
            "EG.USE.PCAP.KG.OE": 1846.82375517836,
            "EP.PMP.DESL.CD": 1.05,
            "EG.USE.COMM.KT.OE": 74634.536,
            "EG.IMP.CONS.ZS": -5.64725022206879,
            "EG.USE.COMM.FO.ZS": 89.2986324722378,
            "EG.GDP.PUSE.KO.PP.KD": 7.77692823836077,
            "EG.USE.CRNW.ZS": 3.33364302016964,
            "id": 32
        },
        {
            "EP.PMP.SGAS.CD": 1.08,
            "EG.USE.COMM.CL.ZS": 35.5502075367534,
            "EG.EGY.PROD.KT.OE": 870.33,
            "EG.USE.PCAP.KG.OE": 790.845103218812,
            "EP.PMP.DESL.CD": 0.99,
            "EG.USE.COMM.KT.OE": 2445.35,
            "EG.IMP.CONS.ZS": 64.4087758398593,
            "EG.USE.COMM.FO.ZS": 67.2012186394586,
            "EG.GDP.PUSE.KO.PP.KD": 6.19650335221248,
            "EG.USE.CRNW.ZS": 0.0410166233872452,
            "id": 51
        },
        {
            "EP.PMP.SGAS.CD": 1.27,
            "EG.USE.COMM.CL.ZS": 1.76049228603933,
            "EG.EGY.PROD.KT.OE": 308334.859,
            "EG.USE.PCAP.KG.OE": 5295.94016073844,
            "EP.PMP.DESL.CD": 1.23,
            "EG.USE.COMM.KT.OE": 119797.344,
            "EG.IMP.CONS.ZS": -157.380379818771,
            "EG.USE.COMM.FO.ZS": 93.7506494300909,
            "EG.GDP.PUSE.KO.PP.KD": 6.49469609201505,
            "EG.USE.CRNW.ZS": 4.4888582838698,
            "id": 36
        },
        {
            "EP.PMP.SGAS.CD": 1.63,
            "EG.USE.COMM.CL.ZS": 10.1315679003419,
            "EG.EGY.PROD.KT.OE": 10746.991,
            "EG.USE.PCAP.KG.OE": 3875.00736429505,
            "EP.PMP.DESL.CD": 1.55,
            "EG.USE.COMM.KT.OE": 32623.687,
            "EG.IMP.CONS.ZS": 67.0577056480465,
            "EG.USE.COMM.FO.ZS": 71.0194405678304,
            "EG.GDP.PUSE.KO.PP.KD": 9.32625069564106,
            "EG.USE.CRNW.ZS": 16.6677420611594,
            "id": 40
        },
        {
            "EP.PMP.SGAS.CD": 0.75,
            "EG.USE.COMM.CL.ZS": 2.50411908930219,
            "EG.EGY.PROD.KT.OE": 65436.394,
            "EG.USE.PCAP.KG.OE": 1307.45978830907,
            "EP.PMP.DESL.CD": 0.56,
            "EG.USE.COMM.KT.OE": 11838.175,
            "EG.IMP.CONS.ZS": -452.757447832964,
            "EG.USE.COMM.FO.ZS": 97.3868691753585,
            "EG.GDP.PUSE.KO.PP.KD": 6.81655418913782,
            "EG.USE.CRNW.ZS": 0.0,
            "id": 31
        },
        {
            "EG.USE.PCAP.KG.OE": 2155.9260599463,
            "EG.USE.COMM.KT.OE": 709.0,
            "EG.USE.COMM.FO.ZS": 0.0,
            "id": 44,
            "EG.GDP.PUSE.KO.PP.KD": 14.6153660456666
        },
        {
            "EP.PMP.SGAS.CD": 0.21,
            "EG.USE.COMM.CL.ZS": 0.0,
            "EG.EGY.PROD.KT.OE": 17724.563,
            "EG.USE.PCAP.KG.OE": 7753.67460880385,
            "EP.PMP.DESL.CD": 0.13,
            "EG.USE.COMM.KT.OE": 9783.858,
            "EG.IMP.CONS.ZS": -81.1612862737787,
            "EG.USE.COMM.FO.ZS": 99.8479229768053,
            "EG.GDP.PUSE.KO.PP.KD": 2.7529129269624,
            "EG.USE.CRNW.ZS": 0.0,
            "id": 48
        },
        {
            "EP.PMP.SGAS.CD": 1.09,
            "EG.USE.COMM.CL.ZS": 0.460280458326395,
            "EG.EGY.PROD.KT.OE": 25811.615,
            "EG.USE.PCAP.KG.OE": 208.842531149143,
            "EP.PMP.DESL.CD": 0.63,
            "EG.USE.COMM.KT.OE": 31053.241,
            "EG.IMP.CONS.ZS": 16.8794812754005,
            "EG.USE.COMM.FO.ZS": 71.4270146552497,
            "EG.GDP.PUSE.KO.PP.KD": 7.12635880724471,
            "EG.USE.CRNW.ZS": 28.1127081066997,
            "id": 50
        },
        {
            "EP.PMP.SGAS.CD": 1.25,
            "EG.USE.PCAP.KG.OE": 1476.3380924681,
            "EP.PMP.DESL.CD": 1.14,
            "EG.USE.COMM.KT.OE": 401.0,
            "EG.USE.COMM.FO.ZS": 0.0,
            "EG.GDP.PUSE.KO.PP.KD": 12.5927871441062,
            "id": 52
        },
        {
            "EP.PMP.SGAS.CD": 1.08,
            "EG.USE.COMM.CL.ZS": 0.0142661094613768,
            "EG.EGY.PROD.KT.OE": 4188.763,
            "EG.USE.PCAP.KG.OE": 2922.02897787144,
            "EP.PMP.DESL.CD": 0.86,
            "EG.USE.COMM.KT.OE": 27730.055,
            "EG.IMP.CONS.ZS": 84.8945016517277,
            "EG.USE.COMM.FO.ZS": 90.6726618465055,
            "EG.GDP.PUSE.KO.PP.KD": 4.27949426120769,
            "EG.USE.CRNW.ZS": 6.23192417036317,
            "id": 112
        },
        {
            "EP.PMP.SGAS.CD": 1.87,
            "EG.USE.COMM.CL.ZS": 23.1176569955905,
            "EG.EGY.PROD.KT.OE": 15776.411,
            "EG.USE.PCAP.KG.OE": 5082.47574491279,
            "EP.PMP.DESL.CD": 1.62,
            "EG.USE.COMM.KT.OE": 55947.893,
            "EG.IMP.CONS.ZS": 71.8015993917769,
            "EG.USE.COMM.FO.ZS": 70.8524018947416,
            "EG.GDP.PUSE.KO.PP.KD": 6.51782319525813,
            "EG.USE.CRNW.ZS": 5.5384659436594,
            "id": 56
        },
        {
            "EP.PMP.SGAS.CD": 1.13,
            "EG.USE.PCAP.KG.OE": 571.428571428571,
            "EP.PMP.DESL.CD": 0.98,
            "EG.USE.COMM.KT.OE": 178.0,
            "EG.USE.COMM.FO.ZS": 0.0,
            "EG.GDP.PUSE.KO.PP.KD": 10.8737976960241,
            "id": 84
        },
        {
            "EP.PMP.SGAS.CD": 1.04,
            "EG.USE.COMM.CL.ZS": 0.0,
            "EG.EGY.PROD.KT.OE": 2054.826,
            "EG.USE.PCAP.KG.OE": 412.814077279135,
            "EP.PMP.DESL.CD": 1.21,
            "EG.USE.COMM.KT.OE": 3653.36,
            "EG.IMP.CONS.ZS": 43.7551733199028,
            "EG.USE.COMM.FO.ZS": 41.5541857358705,
            "EG.GDP.PUSE.KO.PP.KD": 3.4492266735023,
            "EG.USE.CRNW.ZS": 56.2448266800972,
            "id": 204
        },
        {
            "EP.PMP.SGAS.CD": 1.08,
            "EG.USE.PCAP.KG.OE": 354.351920834295,
            "EP.PMP.DESL.CD": 0.82,
            "EG.USE.COMM.KT.OE": 244.0,
            "EG.USE.COMM.FO.ZS": 0.0,
            "EG.GDP.PUSE.KO.PP.KD": 11.8487133663232,
            "id": 64
        },
        {
            "EP.PMP.SGAS.CD": 0.7,
            "EG.USE.COMM.CL.ZS": 2.56641070847877,
            "EG.EGY.PROD.KT.OE": 16742.5,
            "EG.USE.PCAP.KG.OE": 737.362572180101,
            "EP.PMP.DESL.CD": 0.54,
            "EG.USE.COMM.KT.OE": 7321.899,
            "EG.IMP.CONS.ZS": -128.663356323271,
            "EG.USE.COMM.FO.ZS": 73.0731877071781,
            "EG.GDP.PUSE.KO.PP.KD": 5.89879516983878,
            "EG.USE.CRNW.ZS": 24.3604152420021,
            "id": 68
        },
        {
            "EP.PMP.SGAS.CD": 1.42,
            "EG.USE.COMM.CL.ZS": 10.7766563131644,
            "EG.EGY.PROD.KT.OE": 4373.598,
            "EG.USE.PCAP.KG.OE": 1703.36813780518,
            "EP.PMP.DESL.CD": 1.42,
            "EG.USE.COMM.KT.OE": 6404.918,
            "EG.IMP.CONS.ZS": 31.7150040016125,
            "EG.USE.COMM.FO.ZS": 91.5105548580013,
            "EG.GDP.PUSE.KO.PP.KD": 4.38177967472808,
            "EG.USE.CRNW.ZS": 2.8540724487027,
            "id": 70
        },
        {
            "EP.PMP.SGAS.CD": 0.93,
            "EG.USE.COMM.CL.ZS": 0.00631778363314088,
            "EG.EGY.PROD.KT.OE": 1096.505,
            "EG.USE.PCAP.KG.OE": 1127.80968088313,
            "EP.PMP.DESL.CD": 0.97,
            "EG.USE.COMM.KT.OE": 2263.452,
            "EG.IMP.CONS.ZS": 51.5560745268731,
            "EG.USE.COMM.FO.ZS": 67.1127552075326,
            "EG.GDP.PUSE.KO.PP.KD": 11.0502811539048,
            "EG.USE.CRNW.ZS": 21.5394008797182,
            "id": 72
        },
        {
            "EP.PMP.SGAS.CD": 1.58,
            "EG.USE.COMM.CL.ZS": 14.6911570440317,
            "EG.EGY.PROD.KT.OE": 246373.274,
            "EG.USE.PCAP.KG.OE": 1362.54895510547,
            "EP.PMP.DESL.CD": 1.14,
            "EG.USE.COMM.KT.OE": 265624.109,
            "EG.IMP.CONS.ZS": 7.24739748679966,
            "EG.USE.COMM.FO.ZS": 53.5434887802297,
            "EG.GDP.PUSE.KO.PP.KD": 7.40738153091363,
            "EG.USE.CRNW.ZS": 30.6178713619704,
            "id": 76
        },
        {
            "EP.PMP.SGAS.CD": 0.39,
            "EG.USE.COMM.CL.ZS": 0.0,
            "EG.EGY.PROD.KT.OE": 18559.0,
            "EG.USE.PCAP.KG.OE": 8308.44279554798,
            "EP.PMP.DESL.CD": 0.24,
            "EG.USE.COMM.KT.OE": 3314.404,
            "EG.IMP.CONS.ZS": -459.94984316939,
            "EG.USE.COMM.FO.ZS": 100.000030171337,
            "EG.GDP.PUSE.KO.PP.KD": 5.47715019302482,
            "EG.USE.CRNW.ZS": 0.0,
            "id": 96
        },
        {
            "EP.PMP.SGAS.CD": 1.51,
            "EG.USE.COMM.CL.ZS": 25.3908788121265,
            "EG.EGY.PROD.KT.OE": 10568.519,
            "EG.USE.PCAP.KG.OE": 2370.14919390536,
            "EP.PMP.DESL.CD": 1.58,
            "EG.USE.COMM.KT.OE": 17857.389,
            "EG.IMP.CONS.ZS": 40.8171093769643,
            "EG.USE.COMM.FO.ZS": 73.2573726203758,
            "EG.GDP.PUSE.KO.PP.KD": 4.85445272972002,
            "EG.USE.CRNW.ZS": 5.11399510869142,
            "id": 100
        },
        {
            "EP.PMP.SGAS.CD": 1.44,
            "id": 854,
            "EP.PMP.DESL.CD": 1.28
        },
        {
            "EP.PMP.SGAS.CD": 1.43,
            "id": 108,
            "EP.PMP.DESL.CD": 1.42
        },
        {
            "EP.PMP.SGAS.CD": 1.15,
            "EG.USE.COMM.CL.ZS": 0.0496383110634321,
            "EG.EGY.PROD.KT.OE": 3621.102,
            "EG.USE.PCAP.KG.OE": 355.372356772459,
            "EP.PMP.DESL.CD": 0.98,
            "EG.USE.COMM.KT.OE": 5024.345,
            "EG.IMP.CONS.ZS": 27.9288743109798,
            "EG.USE.COMM.FO.ZS": 25.606143686391,
            "EG.GDP.PUSE.KO.PP.KD": 5.53822392558343,
            "EG.USE.CRNW.ZS": 72.0214873779567,
            "id": 116
        },
        {
            "EP.PMP.SGAS.CD": 1.2,
            "EG.USE.COMM.CL.ZS": 5.15355442770169,
            "EG.EGY.PROD.KT.OE": 8405.274,
            "EG.USE.PCAP.KG.OE": 362.718519401789,
            "EP.PMP.DESL.CD": 1.1,
            "EG.USE.COMM.KT.OE": 7108.88,
            "EG.IMP.CONS.ZS": -18.2362622522816,
            "EG.USE.COMM.FO.ZS": 32.5400625696312,
            "EG.GDP.PUSE.KO.PP.KD": 5.63249092349266,
            "EG.USE.CRNW.ZS": 62.3063830026671,
            "id": 120
        },
        {
            "EP.PMP.SGAS.CD": 1.21,
            "EG.USE.COMM.CL.ZS": 22.5707580320695,
            "EG.EGY.PROD.KT.OE": 408871.132,
            "EG.USE.PCAP.KG.OE": 7426.20419311332,
            "EP.PMP.DESL.CD": 1.08,
            "EG.USE.COMM.KT.OE": 256076.158,
            "EG.IMP.CONS.ZS": -59.6677860185641,
            "EG.USE.COMM.FO.ZS": 73.9573806789151,
            "EG.GDP.PUSE.KO.PP.KD": 4.80945941016775,
            "EG.USE.CRNW.ZS": 4.7293383712825,
            "id": 124
        },
        {
            "EP.PMP.SGAS.CD": 1.84,
            "EG.USE.PCAP.KG.OE": 213.24036329533,
            "EP.PMP.DESL.CD": 1.33,
            "EG.USE.COMM.KT.OE": 103.0,
            "EG.USE.COMM.FO.ZS": 0.0,
            "EG.GDP.PUSE.KO.PP.KD": 14.4365838608775,
            "id": 132
        },
        {
            "EP.PMP.SGAS.CD": 1.71,
            "id": 140,
            "EP.PMP.DESL.CD": 1.69
        },
        {
            "EP.PMP.SGAS.CD": 1.32,
            "id": 148,
            "EP.PMP.DESL.CD": 1.31
        },
        {
            "EP.PMP.SGAS.CD": 1.38,
            "EG.USE.COMM.CL.ZS": 5.66304481310952,
            "EG.EGY.PROD.KT.OE": 9028.012,
            "EG.USE.PCAP.KG.OE": 1876.64802593007,
            "EP.PMP.DESL.CD": 1.02,
            "EG.USE.COMM.KT.OE": 32408.82,
            "EG.IMP.CONS.ZS": 72.1433486316379,
            "EG.USE.COMM.FO.ZS": 78.4274527736585,
            "EG.GDP.PUSE.KO.PP.KD": 8.12659540693657,
            "EG.USE.CRNW.ZS": 15.7147344457466,
            "id": 152
        },
        {
            "EP.PMP.SGAS.CD": 1.11,
            "EG.USE.COMM.CL.ZS": 4.03015928761338,
            "EG.EGY.PROD.KT.OE": 2208962.143,
            "EG.USE.PCAP.KG.OE": 1806.7579287276,
            "EP.PMP.DESL.CD": 1.04,
            "EG.USE.COMM.KT.OE": 2417125.926,
            "EG.IMP.CONS.ZS": 8.61203716202247,
            "EG.USE.COMM.FO.ZS": 87.5030534921332,
            "EG.GDP.PUSE.KO.PP.KD": 3.7740017008313,
            "EG.USE.CRNW.ZS": 8.51486928281783,
            "id": 156
        },
        {
            "EP.PMP.SGAS.CD": 1.41,
            "EG.USE.COMM.CL.ZS": 10.789000074267,
            "EG.EGY.PROD.KT.OE": 105460.257,
            "EG.USE.PCAP.KG.OE": 696.299054142988,
            "EP.PMP.DESL.CD": 0.95,
            "EG.USE.COMM.KT.OE": 32235.054,
            "EG.IMP.CONS.ZS": -227.160168554394,
            "EG.USE.COMM.FO.ZS": 79.1526330311096,
            "EG.GDP.PUSE.KO.PP.KD": 12.1777443524723,
            "EG.USE.CRNW.ZS": 10.2685976576928,
            "id": 170
        },
        {
            "EG.USE.PCAP.KG.OE": 60.4183306267886,
            "EG.USE.COMM.KT.OE": 41.0,
            "EG.USE.COMM.FO.ZS": 0.0,
            "id": 174,
            "EG.GDP.PUSE.KO.PP.KD": 16.7970009707187
        },
        {
            "EP.PMP.SGAS.CD": 1.28,
            "EG.USE.COMM.CL.ZS": 2.84106618330541,
            "EG.EGY.PROD.KT.OE": 24081.249,
            "EG.USE.PCAP.KG.OE": 360.174223626047,
            "EP.PMP.DESL.CD": 1.27,
            "EG.USE.COMM.KT.OE": 23759.179,
            "EG.IMP.CONS.ZS": -1.35556030787091,
            "EG.USE.COMM.FO.ZS": 3.99627865929206,
            "EG.GDP.PUSE.KO.PP.KD": 0.87866233439121,
            "EG.USE.CRNW.ZS": 93.4359390111923,
            "id": 180
        },
        {
            "EP.PMP.SGAS.CD": 1.27,
            "EG.USE.COMM.CL.ZS": 2.51664093087132,
            "EG.EGY.PROD.KT.OE": 17315.044,
            "EG.USE.PCAP.KG.OE": 363.456767037712,
            "EP.PMP.DESL.CD": 0.84,
            "EG.USE.COMM.KT.OE": 1469.419,
            "EG.IMP.CONS.ZS": -1078.35988237528,
            "EG.USE.COMM.FO.ZS": 42.8713661658111,
            "EG.GDP.PUSE.KO.PP.KD": 10.488244019554,
            "EG.USE.CRNW.ZS": 51.7149295061518,
            "id": 178
        },
        {
            "EP.PMP.SGAS.CD": 1.14,
            "EG.USE.COMM.CL.ZS": 35.1607797483298,
            "EG.EGY.PROD.KT.OE": 2437.609,
            "EG.USE.PCAP.KG.OE": 997.831027024266,
            "EP.PMP.DESL.CD": 0.97,
            "EG.USE.COMM.KT.OE": 4648.782,
            "EG.IMP.CONS.ZS": 47.5645663745902,
            "EG.USE.COMM.FO.ZS": 47.5109609355741,
            "EG.GDP.PUSE.KO.PP.KD": 10.4752903740652,
            "EG.USE.CRNW.ZS": 17.2746538770801,
            "id": 188
        },
        {
            "EP.PMP.SGAS.CD": 1.68,
            "EG.USE.COMM.CL.ZS": 1.45376830204631,
            "EG.EGY.PROD.KT.OE": 10448.81,
            "EG.USE.PCAP.KG.OE": 484.934440515154,
            "EP.PMP.DESL.CD": 1.3,
            "EG.USE.COMM.KT.OE": 9571.539,
            "EG.IMP.CONS.ZS": -9.16541216621484,
            "EG.USE.COMM.FO.ZS": 23.250043697257,
            "EG.GDP.PUSE.KO.PP.KD": 3.4920819984298,
            "EG.USE.CRNW.ZS": 75.7193592378404,
            "id": 384
        },
        {
            "EP.PMP.SGAS.CD": 1.59,
            "EG.USE.COMM.CL.ZS": 8.67290677931549,
            "EG.EGY.PROD.KT.OE": 4218.424,
            "EG.USE.PCAP.KG.OE": 1931.94114984156,
            "EP.PMP.DESL.CD": 1.49,
            "EG.USE.COMM.KT.OE": 8535.316,
            "EG.IMP.CONS.ZS": 50.5768269153714,
            "EG.USE.COMM.FO.ZS": 81.8485220699503,
            "EG.GDP.PUSE.KO.PP.KD": 8.23862753921704,
            "EG.USE.CRNW.ZS": 4.67747181240859,
            "id": 191
        },
        {
            "EP.PMP.SGAS.CD": 1.72,
            "EG.USE.COMM.CL.ZS": 0.0853749301900107,
            "EG.EGY.PROD.KT.OE": 5284.211,
            "EG.USE.PCAP.KG.OE": 975.290858154914,
            "EP.PMP.DESL.CD": 1.24,
            "EG.USE.COMM.KT.OE": 10979.804,
            "EG.IMP.CONS.ZS": 51.8733576664939,
            "EG.USE.COMM.FO.ZS": 88.3166584758708,
            "EG.USE.CRNW.ZS": 11.5979574863085,
            "id": 192
        },
        {
            "EP.PMP.SGAS.CD": 1.47,
            "EG.USE.COMM.CL.ZS": 2.8583676205739,
            "EG.EGY.PROD.KT.OE": 91.584,
            "EG.USE.PCAP.KG.OE": 2215.18927700614,
            "EP.PMP.DESL.CD": 1.47,
            "EG.USE.COMM.KT.OE": 2444.787,
            "EG.IMP.CONS.ZS": 96.2539067820632,
            "EG.USE.COMM.FO.ZS": 95.2947639201288,
            "EG.GDP.PUSE.KO.PP.KD": 8.53544441181819,
            "EG.USE.CRNW.ZS": 1.84686845929727,
            "id": 196
        },
        {
            "EP.PMP.SGAS.CD": 1.75,
            "EG.USE.COMM.CL.ZS": 18.1901138677832,
            "EG.EGY.PROD.KT.OE": 31713.916,
            "EG.USE.PCAP.KG.OE": 4067.96140716859,
            "EP.PMP.DESL.CD": 1.69,
            "EG.USE.COMM.KT.OE": 42900.721,
            "EG.IMP.CONS.ZS": 26.0760302839665,
            "EG.USE.COMM.FO.ZS": 78.3918643232127,
            "EG.GDP.PUSE.KO.PP.KD": 5.90246922425569,
            "EG.USE.CRNW.ZS": 6.76207283322814,
            "id": 203
        },
        {
            "EP.PMP.SGAS.CD": 2.0,
            "EG.USE.COMM.CL.ZS": 4.97182505505761,
            "EG.EGY.PROD.KT.OE": 21457.445,
            "EG.USE.PCAP.KG.OE": 3141.66810190169,
            "EP.PMP.DESL.CD": 1.79,
            "EG.USE.COMM.KT.OE": 17511.658,
            "EG.IMP.CONS.ZS": -22.5323438820014,
            "EG.USE.COMM.FO.ZS": 73.779804288092,
            "EG.GDP.PUSE.KO.PP.KD": 10.3707996161536,
            "EG.USE.CRNW.ZS": 20.5550154074503,
            "id": 208
        },
        {
            "EP.PMP.SGAS.CD": 1.63,
            "EG.USE.PCAP.KG.OE": 170.349024900739,
            "EP.PMP.DESL.CD": 1.07,
            "EG.USE.COMM.KT.OE": 143.0,
            "EG.USE.COMM.FO.ZS": 0.0,
            "EG.GDP.PUSE.KO.PP.KD": 11.4580382115853,
            "id": 262
        },
        {
            "EG.USE.PCAP.KG.OE": 628.342636701055,
            "EG.USE.COMM.KT.OE": 43.0,
            "EG.USE.COMM.FO.ZS": 0.0,
            "id": 212,
            "EG.GDP.PUSE.KO.PP.KD": 16.0330659453612
        },
        {
            "EP.PMP.SGAS.CD": 1.23,
            "EG.USE.COMM.CL.ZS": 1.84914033046557,
            "EG.EGY.PROD.KT.OE": 1937.986,
            "EG.USE.PCAP.KG.OE": 839.995285736735,
            "EP.PMP.DESL.CD": 1.03,
            "EG.USE.COMM.KT.OE": 8338.902,
            "EG.IMP.CONS.ZS": 76.7596980993421,
            "EG.USE.COMM.FO.ZS": 76.7596980993421,
            "EG.GDP.PUSE.KO.PP.KD": 9.98448625319141,
            "EG.USE.CRNW.ZS": 21.3911615701923,
            "id": 214
        },
        {
            "EP.PMP.SGAS.CD": 0.53,
            "EG.USE.COMM.CL.ZS": 6.14169020851461,
            "EG.EGY.PROD.KT.OE": 27366.085,
            "EG.USE.PCAP.KG.OE": 836.302542341068,
            "EP.PMP.DESL.CD": 0.28,
            "EG.USE.COMM.KT.OE": 12096.898,
            "EG.IMP.CONS.ZS": -126.223987339564,
            "EG.USE.COMM.FO.ZS": 87.8992201141152,
            "EG.GDP.PUSE.KO.PP.KD": 8.6105091210243,
            "EG.USE.CRNW.ZS": 5.34556048997024,
            "id": 218
        },
        {
            "EP.PMP.SGAS.CD": 0.48,
            "EG.USE.COMM.CL.ZS": 1.70569933507582,
            "EG.EGY.PROD.KT.OE": 88377.901,
            "EG.USE.PCAP.KG.OE": 903.145590633615,
            "EP.PMP.DESL.CD": 0.32,
            "EG.USE.COMM.KT.OE": 73264.143,
            "EG.IMP.CONS.ZS": -20.6291336813972,
            "EG.USE.COMM.FO.ZS": 96.3249894290035,
            "EG.GDP.PUSE.KO.PP.KD": 6.13803276583133,
            "EG.USE.CRNW.ZS": 2.13822469744852,
            "id": 818
        },
        {
            "EP.PMP.SGAS.CD": 0.92,
            "EG.USE.COMM.CL.ZS": 35.5483780937398,
            "EG.EGY.PROD.KT.OE": 2261.202,
            "EG.USE.PCAP.KG.OE": 676.915830520073,
            "EP.PMP.DESL.CD": 0.89,
            "EG.USE.COMM.KT.OE": 4192.135,
            "EG.IMP.CONS.ZS": 46.0608496625228,
            "EG.USE.COMM.FO.ZS": 45.8864755071103,
            "EG.GDP.PUSE.KO.PP.KD": 8.83058156979529,
            "EG.USE.CRNW.ZS": 18.3907722437374,
            "id": 222
        },
        {
            "EG.USE.PCAP.KG.OE": 2731.63792675048,
            "EG.USE.COMM.KT.OE": 1759.0,
            "EG.USE.COMM.FO.ZS": 0.0,
            "id": 226,
            "EG.GDP.PUSE.KO.PP.KD": 10.5417014743099
        },
        {
            "EP.PMP.SGAS.CD": 2.54,
            "EG.USE.COMM.CL.ZS": 0.0231018536551296,
            "EG.EGY.PROD.KT.OE": 580.957,
            "EG.USE.PCAP.KG.OE": 141.715819551872,
            "EP.PMP.DESL.CD": 1.07,
            "EG.USE.COMM.KT.OE": 744.529,
            "EG.IMP.CONS.ZS": 21.9698628260283,
            "EG.USE.COMM.FO.ZS": 21.9701314522336,
            "EG.GDP.PUSE.KO.PP.KD": 3.45549742190602,
            "EG.USE.CRNW.ZS": 78.0070353203166,
            "id": 232
        },
        {
            "EP.PMP.SGAS.CD": 1.54,
            "EG.USE.COMM.CL.ZS": 0.616953161993104,
            "EG.EGY.PROD.KT.OE": 5006.586,
            "EG.USE.PCAP.KG.OE": 4140.23059701493,
            "EP.PMP.DESL.CD": 1.57,
            "EG.USE.COMM.KT.OE": 5547.909,
            "EG.IMP.CONS.ZS": 9.75724367504945,
            "EG.USE.COMM.FO.ZS": 90.5710421710234,
            "EG.GDP.PUSE.KO.PP.KD": 4.37874528605361,
            "EG.USE.CRNW.ZS": 13.1419783561699,
            "id": 233
        },
        {
            "EP.PMP.SGAS.CD": 0.91,
            "EG.USE.COMM.CL.ZS": 1.32384500441723,
            "EG.EGY.PROD.KT.OE": 31431.314,
            "EG.USE.PCAP.KG.OE": 400.264686214478,
            "EP.PMP.DESL.CD": 0.78,
            "EG.USE.COMM.KT.OE": 33201.772,
            "EG.IMP.CONS.ZS": 5.33242020937918,
            "EG.USE.COMM.FO.ZS": 5.33241719749175,
            "EG.GDP.PUSE.KO.PP.KD": 2.32904691471362,
            "EG.USE.CRNW.ZS": 93.3437347862036,
            "id": 231
        },
        {
            "EG.USE.PCAP.KG.OE": 627.344310262467,
            "EG.USE.COMM.KT.OE": 524.0,
            "EG.USE.COMM.FO.ZS": 0.0,
            "id": 242,
            "EG.GDP.PUSE.KO.PP.KD": 6.85345443946826
        },
        {
            "EP.PMP.SGAS.CD": 1.94,
            "EG.USE.COMM.CL.ZS": 20.8982795850602,
            "EG.EGY.PROD.KT.OE": 16959.523,
            "EG.USE.PCAP.KG.OE": 6358.82532021533,
            "EP.PMP.DESL.CD": 1.6,
            "EG.USE.COMM.KT.OE": 34254.992,
            "EG.IMP.CONS.ZS": 50.4903606458294,
            "EG.USE.COMM.FO.ZS": 45.6451164840441,
            "EG.GDP.PUSE.KO.PP.KD": 5.03661298760677,
            "EG.USE.CRNW.ZS": 23.5643318789857,
            "id": 246
        },
        {
            "EP.PMP.SGAS.CD": 1.98,
            "EG.USE.COMM.CL.ZS": 47.9603183305757,
            "EG.EGY.PROD.KT.OE": 136205.472,
            "EG.USE.PCAP.KG.OE": 3842.63516818551,
            "EP.PMP.DESL.CD": 1.72,
            "EG.USE.COMM.KT.OE": 251448.796,
            "EG.IMP.CONS.ZS": 45.8317263129786,
            "EG.USE.COMM.FO.ZS": 48.2821301717428,
            "EG.GDP.PUSE.KO.PP.KD": 7.75998744002424,
            "EG.USE.CRNW.ZS": 5.68697851311247,
            "id": 249
        },
        {
            "EP.PMP.SGAS.CD": 1.7,
            "id": 258,
            "EP.PMP.DESL.CD": 1.56
        },
        {
            "EG.USE.COMM.CL.ZS": 3.26004090631143,
            "EG.EGY.PROD.KT.OE": 14302.962,
            "EG.USE.PCAP.KG.OE": 1417.60043255796,
            "EG.USE.COMM.KT.OE": 2134.145,
            "EG.IMP.CONS.ZS": -570.196354980566,
            "EG.USE.COMM.FO.ZS": 43.8237326892034,
            "EG.GDP.PUSE.KO.PP.KD": 9.60112767218873,
            "EG.USE.CRNW.ZS": 52.9162264044852,
            "id": 266
        },
        {
            "EG.USE.PCAP.KG.OE": 83.5764696419471,
            "EG.USE.COMM.KT.OE": 133.0,
            "EG.USE.COMM.FO.ZS": 0.0,
            "id": 270,
            "EG.GDP.PUSE.KO.PP.KD": 18.5886948771676
        },
        {
            "EP.PMP.SGAS.CD": 1.13,
            "EG.USE.COMM.CL.ZS": 27.3039595955838,
            "EG.EGY.PROD.KT.OE": 1312.217,
            "EG.USE.PCAP.KG.OE": 700.294870643191,
            "EP.PMP.DESL.CD": 1.13,
            "EG.USE.COMM.KT.OE": 3118.273,
            "EG.IMP.CONS.ZS": 57.9184696144308,
            "EG.USE.COMM.FO.ZS": 64.6578410549686,
            "EG.GDP.PUSE.KO.PP.KD": 6.49141334330235,
            "EG.USE.CRNW.ZS": 11.5131677053292,
            "id": 268
        },
        {
            "EP.PMP.SGAS.CD": 1.9,
            "EG.USE.COMM.CL.ZS": 11.8575320389164,
            "EG.EGY.PROD.KT.OE": 125489.454,
            "EG.USE.PCAP.KG.OE": 3758.4099429802,
            "EP.PMP.DESL.CD": 1.68,
            "EG.USE.COMM.KT.OE": 307159.811,
            "EG.IMP.CONS.ZS": 59.1452235917673,
            "EG.USE.COMM.FO.ZS": 78.3363966843957,
            "EG.GDP.PUSE.KO.PP.KD": 9.20688703988131,
            "EG.USE.CRNW.ZS": 9.91340042203633,
            "id": 276
        },
        {
            "EP.PMP.SGAS.CD": 0.82,
            "EG.USE.COMM.CL.ZS": 6.45292641827453,
            "EG.EGY.PROD.KT.OE": 6726.902,
            "EG.USE.PCAP.KG.OE": 382.195172537944,
            "EP.PMP.DESL.CD": 0.83,
            "EG.USE.COMM.KT.OE": 9322.437,
            "EG.IMP.CONS.ZS": 27.8418078877873,
            "EG.USE.COMM.FO.ZS": 30.5998206263019,
            "EG.GDP.PUSE.KO.PP.KD": 3.86839255038543,
            "EG.USE.CRNW.ZS": 63.8051831296902,
            "id": 288
        },
        {
            "EP.PMP.SGAS.CD": 2.05,
            "EG.USE.COMM.CL.ZS": 3.30724896534979,
            "EG.EGY.PROD.KT.OE": 9472.19,
            "EG.USE.PCAP.KG.OE": 2348.19488676575,
            "EP.PMP.DESL.CD": 1.78,
            "EG.USE.COMM.KT.OE": 26543.995,
            "EG.IMP.CONS.ZS": 64.3151304089682,
            "EG.USE.COMM.FO.ZS": 91.6830115436655,
            "EG.GDP.PUSE.KO.PP.KD": 9.49689305810762,
            "EG.USE.CRNW.ZS": 3.96227470657676,
            "id": 300
        },
        {
            "EP.PMP.SGAS.CD": 1.02,
            "EG.USE.PCAP.KG.OE": 783.608079869979,
            "EP.PMP.DESL.CD": 1.02,
            "EG.USE.COMM.KT.OE": 81.0,
            "EG.USE.COMM.FO.ZS": 0.0,
            "EG.GDP.PUSE.KO.PP.KD": 13.0128448465285,
            "id": 308
        },
        {
            "EP.PMP.SGAS.CD": 0.95,
            "EG.USE.COMM.CL.ZS": 5.03376108753117,
            "EG.EGY.PROD.KT.OE": 7535.852,
            "EG.USE.PCAP.KG.OE": 712.762569055696,
            "EP.PMP.DESL.CD": 0.85,
            "EG.USE.COMM.KT.OE": 10255.89,
            "EG.IMP.CONS.ZS": 26.5217158140347,
            "EG.USE.COMM.FO.ZS": 32.7711393160418,
            "EG.GDP.PUSE.KO.PP.KD": 6.02803968171568,
            "EG.USE.CRNW.ZS": 62.0081046111064,
            "id": 320
        },
        {
            "EP.PMP.SGAS.CD": 0.95,
            "id": 324,
            "EP.PMP.DESL.CD": 0.95
        },
        {
            "EG.USE.PCAP.KG.OE": 66.704536119102,
            "EG.USE.COMM.KT.OE": 95.0,
            "EG.USE.COMM.FO.ZS": 0.0,
            "id": 624,
            "EG.GDP.PUSE.KO.PP.KD": 15.4285461956679
        },
        {
            "EP.PMP.SGAS.CD": 0.93,
            "EG.USE.PCAP.KG.OE": 666.606227702022,
            "EP.PMP.DESL.CD": 0.85,
            "EG.USE.COMM.KT.OE": 500.0,
            "EG.USE.COMM.FO.ZS": 0.0,
            "EG.GDP.PUSE.KO.PP.KD": 4.25903654736201,
            "id": 328
        },
        {
            "EG.USE.COMM.CL.ZS": 0.665213178929759,
            "EG.EGY.PROD.KT.OE": 1613.463,
            "EG.USE.PCAP.KG.OE": 228.983532579551,
            "EG.USE.COMM.KT.OE": 2288.289,
            "EG.IMP.CONS.ZS": 29.4904183868384,
            "EG.USE.COMM.FO.ZS": 29.4904183868384,
            "EG.GDP.PUSE.KO.PP.KD": 4.33405791512784,
            "EG.USE.CRNW.ZS": 69.8443684342319,
            "id": 332
        },
        {
            "EP.PMP.SGAS.CD": 1.04,
            "EG.USE.COMM.CL.ZS": 5.58460998524132,
            "EG.EGY.PROD.KT.OE": 2219.779,
            "EG.USE.PCAP.KG.OE": 600.942908673139,
            "EP.PMP.DESL.CD": 0.92,
            "EG.USE.COMM.KT.OE": 4567.481,
            "EG.IMP.CONS.ZS": 51.4003670732292,
            "EG.USE.COMM.FO.ZS": 51.4003670732292,
            "EG.GDP.PUSE.KO.PP.KD": 5.85528557913205,
            "EG.USE.CRNW.ZS": 43.0150229415295,
            "id": 340
        },
        {
            "EP.PMP.SGAS.CD": 1.92,
            "EG.USE.COMM.CL.ZS": 0.000623563628432645,
            "EG.EGY.PROD.KT.OE": 52.861,
            "EG.USE.PCAP.KG.OE": 1951.34214324118,
            "EP.PMP.DESL.CD": 1.32,
            "EG.USE.COMM.KT.OE": 13791.696,
            "EG.IMP.CONS.ZS": 99.61671863997,
            "EG.USE.COMM.FO.ZS": 94.3337570665711,
            "EG.GDP.PUSE.KO.PP.KD": 21.8214064835522,
            "EG.USE.CRNW.ZS": 0.403989473085834,
            "id": 344
        },
        {
            "EP.PMP.SGAS.CD": 1.67,
            "EG.USE.COMM.CL.ZS": 17.0608055947176,
            "EG.EGY.PROD.KT.OE": 10834.406,
            "EG.USE.PCAP.KG.OE": 2513.82589509578,
            "EP.PMP.DESL.CD": 1.61,
            "EG.USE.COMM.KT.OE": 25065.358,
            "EG.IMP.CONS.ZS": 56.7753789911957,
            "EG.USE.COMM.FO.ZS": 73.2518681759901,
            "EG.GDP.PUSE.KO.PP.KD": 6.88010501376611,
            "EG.USE.CRNW.ZS": 7.4084359776549,
            "id": 348
        },
        {
            "EP.PMP.SGAS.CD": 1.71,
            "EG.USE.COMM.CL.ZS": 84.3718731892824,
            "EG.EGY.PROD.KT.OE": 4841.526,
            "EG.USE.PCAP.KG.OE": 17983.3103448276,
            "EP.PMP.DESL.CD": 1.71,
            "EG.USE.COMM.KT.OE": 5736.676,
            "EG.IMP.CONS.ZS": 15.6039839098461,
            "EG.USE.COMM.FO.ZS": 15.6039490464513,
            "EG.GDP.PUSE.KO.PP.KD": 1.86370478866891,
            "EG.USE.CRNW.ZS": 0.0241429008715151,
            "id": 352
        },
        {
            "EP.PMP.SGAS.CD": 1.15,
            "EG.USE.COMM.CL.ZS": 2.69845424961839,
            "EG.EGY.PROD.KT.OE": 518670.542,
            "EG.USE.PCAP.KG.OE": 565.638498364555,
            "EP.PMP.DESL.CD": 0.82,
            "EG.USE.COMM.KT.OE": 692689.009,
            "EG.IMP.CONS.ZS": 25.122163732787,
            "EG.USE.COMM.FO.ZS": 72.6650106267241,
            "EG.GDP.PUSE.KO.PP.KD": 5.37235005615716,
            "EG.USE.CRNW.ZS": 24.5676548622702,
            "id": 356
        },
        {
            "EP.PMP.SGAS.CD": 0.79,
            "EG.USE.COMM.CL.ZS": 8.4716404807341,
            "EG.EGY.PROD.KT.OE": 381445.704,
            "EG.USE.PCAP.KG.OE": 866.501897226507,
            "EP.PMP.DESL.CD": 0.51,
            "EG.USE.COMM.KT.OE": 207848.622,
            "EG.IMP.CONS.ZS": -83.5209203359549,
            "EG.USE.COMM.FO.ZS": 65.5291392790663,
            "EG.GDP.PUSE.KO.PP.KD": 4.48365829586746,
            "EG.USE.CRNW.ZS": 25.9992197590802,
            "id": 360
        },
        {
            "EP.PMP.SGAS.CD": 0.097,
            "EG.USE.COMM.CL.ZS": 0.399898192863822,
            "EG.EGY.PROD.KT.OE": 349118.688,
            "EG.USE.PCAP.KG.OE": 2816.76771844237,
            "EP.PMP.DESL.CD": 0.016,
            "EG.USE.COMM.KT.OE": 208366.533,
            "EG.IMP.CONS.ZS": -67.5502696971015,
            "EG.USE.COMM.FO.ZS": 99.6045842928144,
            "EG.GDP.PUSE.KO.PP.KD": 3.59431205881556,
            "EG.USE.CRNW.ZS": 0.147898511129904,
            "id": 364
        },
        {
            "EP.PMP.SGAS.CD": 0.78,
            "EG.USE.COMM.CL.ZS": 1.08418873268057,
            "EG.EGY.PROD.KT.OE": 126045.304,
            "EG.USE.PCAP.KG.OE": 1180.26492794144,
            "EP.PMP.DESL.CD": 0.56,
            "EG.USE.COMM.KT.OE": 37804.857,
            "EG.IMP.CONS.ZS": -233.410344602018,
            "EG.USE.COMM.FO.ZS": 97.4466217396352,
            "EG.GDP.PUSE.KO.PP.KD": 2.70697584545749,
            "EG.USE.CRNW.ZS": 0.0694831354606103,
            "id": 368
        },
        {
            "EP.PMP.SGAS.CD": 1.78,
            "EG.USE.COMM.CL.ZS": 3.28370695002444,
            "EG.EGY.PROD.KT.OE": 1828.997,
            "EG.USE.PCAP.KG.OE": 3011.98729663472,
            "EP.PMP.DESL.CD": 1.69,
            "EG.USE.COMM.KT.OE": 13514.787,
            "EG.IMP.CONS.ZS": 86.4666975513562,
            "EG.USE.COMM.FO.ZS": 88.0176653912489,
            "EG.GDP.PUSE.KO.PP.KD": 12.0002718011447,
            "EG.USE.CRNW.ZS": 2.75894100291777,
            "id": 372
        },
        {
            "EP.PMP.SGAS.CD": 1.85,
            "EG.USE.COMM.CL.ZS": 4.60202946937331,
            "EG.EGY.PROD.KT.OE": 4683.891,
            "EG.USE.PCAP.KG.OE": 3133.00861480614,
            "EP.PMP.DESL.CD": 1.87,
            "EG.USE.COMM.KT.OE": 24330.005,
            "EG.IMP.CONS.ZS": 80.74849964067,
            "EG.USE.COMM.FO.ZS": 96.8299102281319,
            "EG.GDP.PUSE.KO.PP.KD": 8.5285328077841,
            "EG.USE.CRNW.ZS": 0.0611302792580602,
            "id": 376
        },
        {
            "EP.PMP.SGAS.CD": 1.87,
            "EG.USE.COMM.CL.ZS": 6.63052015909348,
            "EG.EGY.PROD.KT.OE": 31068.51,
            "EG.USE.PCAP.KG.OE": 2717.42850090505,
            "EP.PMP.DESL.CD": 1.69,
            "EG.USE.COMM.KT.OE": 165138.13,
            "EG.IMP.CONS.ZS": 81.1863498757071,
            "EG.USE.COMM.FO.ZS": 85.3285192220597,
            "EG.GDP.PUSE.KO.PP.KD": 9.96246746079384,
            "EG.USE.CRNW.ZS": 5.66486673913529,
            "id": 380
        },
        {
            "EP.PMP.SGAS.CD": 0.98,
            "EG.USE.COMM.CL.ZS": 0.577271923563041,
            "EG.EGY.PROD.KT.OE": 463.804,
            "EG.USE.PCAP.KG.OE": 1130.15579321319,
            "EP.PMP.DESL.CD": 0.98,
            "EG.USE.COMM.KT.OE": 3054.02,
            "EG.IMP.CONS.ZS": 84.8133280070202,
            "EG.USE.COMM.FO.ZS": 84.8133280070203,
            "EG.GDP.PUSE.KO.PP.KD": 4.99101745174021,
            "EG.USE.CRNW.ZS": 14.6094000694167,
            "id": 388
        },
        {
            "EP.PMP.SGAS.CD": 1.6,
            "EG.USE.COMM.CL.ZS": 8.12031719963039,
            "EG.EGY.PROD.KT.OE": 47538.941,
            "EG.USE.PCAP.KG.OE": 3584.39075493683,
            "EP.PMP.DESL.CD": 1.37,
            "EG.USE.COMM.KT.OE": 458147.066,
            "EG.IMP.CONS.ZS": 89.6236504546337,
            "EG.USE.COMM.FO.ZS": 90.4715439124956,
            "EG.GDP.PUSE.KO.PP.KD": 8.55386745789678,
            "EG.USE.CRNW.ZS": 1.4081393244151,
            "id": 392
        },
        {
            "EP.PMP.SGAS.CD": 1.04,
            "EG.USE.COMM.CL.ZS": 1.79771278931075,
            "EG.EGY.PROD.KT.OE": 271.83,
            "EG.USE.PCAP.KG.OE": 1191.38763022987,
            "EP.PMP.DESL.CD": 0.73,
            "EG.USE.COMM.KT.OE": 7204.321,
            "EG.IMP.CONS.ZS": 96.226847748733,
            "EG.USE.COMM.FO.ZS": 95.996236147723,
            "EG.GDP.PUSE.KO.PP.KD": 4.40620370870762,
            "EG.USE.CRNW.ZS": 0.0788276924362476,
            "id": 400
        },
        {
            "EP.PMP.SGAS.CD": 0.71,
            "EG.USE.COMM.CL.ZS": 0.919758615957742,
            "EG.EGY.PROD.KT.OE": 156750.313,
            "EG.USE.PCAP.KG.OE": 4595.14931030742,
            "EP.PMP.DESL.CD": 0.51,
            "EG.USE.COMM.KT.OE": 75007.941,
            "EG.IMP.CONS.ZS": -108.978290711913,
            "EG.USE.COMM.FO.ZS": 98.880411875324,
            "EG.GDP.PUSE.KO.PP.KD": 2.37547517912799,
            "EG.USE.CRNW.ZS": 0.0671755541189965,
            "id": 398
        },
        {
            "EP.PMP.SGAS.CD": 1.33,
            "EG.USE.COMM.CL.ZS": 7.89999775583494,
            "EG.EGY.PROD.KT.OE": 15778.605,
            "EG.USE.PCAP.KG.OE": 482.857219870064,
            "EP.PMP.DESL.CD": 1.27,
            "EG.USE.COMM.KT.OE": 19561.841,
            "EG.IMP.CONS.ZS": 19.3398770596285,
            "EG.USE.COMM.FO.ZS": 19.3398821716218,
            "EG.GDP.PUSE.KO.PP.KD": 3.07644043460398,
            "EG.USE.CRNW.ZS": 72.7601251845366,
            "id": 404
        },
        {
            "EG.USE.PCAP.KG.OE": 115.737087423587,
            "EG.USE.COMM.KT.OE": 11.0,
            "EG.USE.COMM.FO.ZS": 0.0,
            "id": 296,
            "EG.GDP.PUSE.KO.PP.KD": 19.267047164751
        },
        {
            "EG.USE.COMM.CL.ZS": 6.22235130052597,
            "EG.EGY.PROD.KT.OE": 20702.496,
            "EG.USE.PCAP.KG.OE": 761.160465548895,
            "EG.USE.COMM.KT.OE": 18531.387,
            "EG.IMP.CONS.ZS": -11.715847281156,
            "EG.USE.COMM.FO.ZS": 88.0303832627315,
            "EG.USE.CRNW.ZS": 5.74726543674254,
            "id": 408
        },
        {
            "EP.PMP.SGAS.CD": 1.52,
            "EG.USE.COMM.CL.ZS": 15.4423278331444,
            "EG.EGY.PROD.KT.OE": 45445.064,
            "EG.USE.PCAP.KG.OE": 5174.6708451355,
            "EP.PMP.DESL.CD": 1.35,
            "EG.USE.COMM.KT.OE": 257589.94,
            "EG.IMP.CONS.ZS": 82.3575936234156,
            "EG.USE.COMM.FO.ZS": 83.1552423980533,
            "EG.GDP.PUSE.KO.PP.KD": 5.32233726572839,
            "EG.USE.CRNW.ZS": 1.3469644816098,
            "id": 410
        },
        {
            "EP.PMP.SGAS.CD": 1.63,
            "EG.USE.COMM.CL.ZS": 0.579646261049725,
            "EG.EGY.PROD.KT.OE": 1860.925,
            "EG.USE.PCAP.KG.OE": 1372.14250315372,
            "EP.PMP.DESL.CD": 1.6,
            "EG.USE.COMM.KT.OE": 2436.486,
            "EG.IMP.CONS.ZS": 23.6225859701225,
            "EG.USE.COMM.FO.ZS": 88.0573087635225,
            "EG.USE.CRNW.ZS": 9.69905018949422,
            "id": 689
        },
        {
            "EP.PMP.SGAS.CD": 0.23,
            "EG.USE.COMM.CL.ZS": 0.0,
            "EG.EGY.PROD.KT.OE": 133930.143,
            "EG.USE.PCAP.KG.OE": 12204.3214315468,
            "EP.PMP.DESL.CD": 0.21,
            "EG.USE.COMM.KT.OE": 33399.957,
            "EG.IMP.CONS.ZS": -300.988968339091,
            "EG.USE.COMM.FO.ZS": 100.000002994016,
            "EG.GDP.PUSE.KO.PP.KD": 3.73824297511666,
            "EG.USE.CRNW.ZS": 0.0,
            "id": 414
        },
        {
            "EP.PMP.SGAS.CD": 0.85,
            "EG.USE.COMM.CL.ZS": 30.4431455289821,
            "EG.EGY.PROD.KT.OE": 1182.189,
            "EG.USE.PCAP.KG.OE": 535.648782099525,
            "EP.PMP.DESL.CD": 0.79,
            "EG.USE.COMM.KT.OE": 2918.161,
            "EG.IMP.CONS.ZS": 59.488561460454,
            "EG.USE.COMM.FO.ZS": 71.4381420353435,
            "EG.GDP.PUSE.KO.PP.KD": 3.78302114823166,
            "EG.USE.CRNW.ZS": 0.122748539234127,
            "id": 417
        },
        {
            "EP.PMP.SGAS.CD": 1.26,
            "id": 418,
            "EP.PMP.DESL.CD": 0.97
        },
        {
            "EP.PMP.SGAS.CD": 1.48,
            "EG.USE.COMM.CL.ZS": 6.95405710349953,
            "EG.EGY.PROD.KT.OE": 2113.458,
            "EG.USE.PCAP.KG.OE": 1971.29264388515,
            "EP.PMP.DESL.CD": 1.49,
            "EG.USE.COMM.KT.OE": 4413.74,
            "EG.IMP.CONS.ZS": 52.1163910878303,
            "EG.USE.COMM.FO.ZS": 62.0282119019244,
            "EG.GDP.PUSE.KO.PP.KD": 6.56842711993898,
            "EG.USE.CRNW.ZS": 29.2623489376357,
            "id": 428
        },
        {
            "EP.PMP.SGAS.CD": 1.55,
            "EG.USE.COMM.CL.ZS": 0.323273836746712,
            "EG.EGY.PROD.KT.OE": 113.617,
            "EG.USE.PCAP.KG.OE": 8027.16054158607,
            "EP.PMP.DESL.CD": 1.36,
            "EG.USE.COMM.KT.OE": 4150.042,
            "EG.IMP.CONS.ZS": 97.2622686710158,
            "EG.USE.COMM.FO.ZS": 86.9072650349081,
            "EG.GDP.PUSE.KO.PP.KD": 8.5284835226092,
            "EG.USE.CRNW.ZS": 3.48155512643004,
            "id": 442
        },
        {
            "EP.PMP.SGAS.CD": 0.97,
            "EG.USE.PCAP.KG.OE": 9.02129405240327,
            "EP.PMP.DESL.CD": 1.07,
            "EG.USE.COMM.KT.OE": 19.0,
            "EG.USE.COMM.FO.ZS": 0.0,
            "EG.GDP.PUSE.KO.PP.KD": 143.362589117313,
            "id": 426
        },
        {
            "EP.PMP.SGAS.CD": 0.98,
            "id": 430,
            "EP.PMP.DESL.CD": 0.96
        },
        {
            "EP.PMP.SGAS.CD": 0.17,
            "EG.USE.COMM.CL.ZS": 0.0,
            "EG.EGY.PROD.KT.OE": 88554.583,
            "EG.USE.PCAP.KG.OE": 3012.96924428712,
            "EP.PMP.DESL.CD": 0.13,
            "EG.USE.COMM.KT.OE": 19147.757,
            "EG.IMP.CONS.ZS": -362.48019023847,
            "EG.USE.COMM.FO.ZS": 99.1349691768075,
            "EG.GDP.PUSE.KO.PP.KD": 4.12057845936584,
            "EG.USE.CRNW.ZS": 0.888840400470927,
            "id": 434
        },
        {
            "EP.PMP.SGAS.CD": 1.66,
            "id": 438,
            "EP.PMP.DESL.CD": 1.77
        },
        {
            "EP.PMP.SGAS.CD": 1.59,
            "EG.USE.COMM.CL.ZS": 1.01428205476987,
            "EG.EGY.PROD.KT.OE": 1519.061,
            "EG.USE.PCAP.KG.OE": 2106.95870172385,
            "EP.PMP.DESL.CD": 1.42,
            "EG.USE.COMM.KT.OE": 6925.194,
            "EG.IMP.CONS.ZS": 78.0647155877511,
            "EG.USE.COMM.FO.ZS": 74.0584307096668,
            "EG.GDP.PUSE.KO.PP.KD": 7.37292396971299,
            "EG.USE.CRNW.ZS": 14.3446234141599,
            "id": 440
        },
        {
            "EP.PMP.SGAS.CD": 1.52,
            "EG.USE.COMM.CL.ZS": 7.64166373080413,
            "EG.EGY.PROD.KT.OE": 1615.757,
            "EG.USE.PCAP.KG.OE": 1402.31286303792,
            "EP.PMP.DESL.CD": 1.27,
            "EG.USE.COMM.KT.OE": 2889.554,
            "EG.IMP.CONS.ZS": 44.0828238544772,
            "EG.USE.COMM.FO.ZS": 80.9782755401007,
            "EG.GDP.PUSE.KO.PP.KD": 6.55159997499606,
            "EG.USE.CRNW.ZS": 7.1159078529074,
            "id": 807
        },
        {
            "EP.PMP.SGAS.CD": 1.52,
            "id": 450,
            "EP.PMP.DESL.CD": 1.26
        },
        {
            "EP.PMP.SGAS.CD": 1.71,
            "id": 454,
            "EP.PMP.DESL.CD": 1.54
        },
        {
            "EP.PMP.SGAS.CD": 0.59,
            "EG.USE.COMM.CL.ZS": 0.766176322831864,
            "EG.EGY.PROD.KT.OE": 85877.637,
            "EG.USE.PCAP.KG.OE": 2557.8456926384,
            "EP.PMP.DESL.CD": 0.56,
            "EG.USE.COMM.KT.OE": 72645.419,
            "EG.IMP.CONS.ZS": -18.2148003028243,
            "EG.USE.COMM.FO.ZS": 94.5524589788655,
            "EG.GDP.PUSE.KO.PP.KD": 5.35837475397352,
            "EG.USE.CRNW.ZS": 4.69924194394143,
            "id": 458
        },
        {
            "EP.PMP.SGAS.CD": 0.84,
            "EG.USE.PCAP.KG.OE": 985.046402603949,
            "EP.PMP.DESL.CD": 0.83,
            "EG.USE.COMM.KT.OE": 299.0,
            "EG.USE.COMM.FO.ZS": 0.0,
            "EG.GDP.PUSE.KO.PP.KD": 6.90608227704996,
            "id": 462
        },
        {
            "EP.PMP.SGAS.CD": 1.42,
            "id": 466,
            "EP.PMP.DESL.CD": 1.25
        },
        {
            "EP.PMP.SGAS.CD": 1.63,
            "EG.USE.COMM.CL.ZS": 0.108315449939035,
            "EG.EGY.PROD.KT.OE": 0.907,
            "EG.USE.PCAP.KG.OE": 2012.93044387553,
            "EP.PMP.DESL.CD": 1.66,
            "EG.USE.COMM.KT.OE": 837.369,
            "EG.IMP.CONS.ZS": 99.891684550061,
            "EG.USE.COMM.FO.ZS": 99.891684550061,
            "EG.GDP.PUSE.KO.PP.KD": 11.2754899267548,
            "EG.USE.CRNW.ZS": 0.0,
            "id": 470
        },
        {
            "EG.USE.PCAP.KG.OE": 609.674776611351,
            "EG.USE.COMM.KT.OE": 32.0,
            "EG.USE.COMM.FO.ZS": 0.0,
            "id": 584
        },
        {
            "EP.PMP.SGAS.CD": 1.16,
            "id": 478,
            "EP.PMP.DESL.CD": 0.99
        },
        {
            "EP.PMP.SGAS.CD": 1.55,
            "EG.USE.PCAP.KG.OE": 947.316056848484,
            "EP.PMP.DESL.CD": 1.23,
            "EG.USE.COMM.KT.OE": 1194.0,
            "EG.USE.COMM.FO.ZS": 0.0,
            "EG.GDP.PUSE.KO.PP.KD": 11.6399570097943,
            "id": 480
        },
        {
            "EP.PMP.SGAS.CD": 0.81,
            "EG.USE.COMM.CL.ZS": 6.18364044887811,
            "EG.EGY.PROD.KT.OE": 227703.402,
            "EG.USE.PCAP.KG.OE": 1628.73476258523,
            "EP.PMP.DESL.CD": 0.72,
            "EG.USE.COMM.KT.OE": 186967.905,
            "EG.IMP.CONS.ZS": -21.7874276336358,
            "EG.USE.COMM.FO.ZS": 89.3392665441697,
            "EG.GDP.PUSE.KO.PP.KD": 7.86733036311866,
            "EG.USE.CRNW.ZS": 4.50915198520302,
            "id": 484
        },
        {
            "EP.PMP.SGAS.CD": 1.21,
            "EG.USE.COMM.CL.ZS": 0.261042533334409,
            "EG.EGY.PROD.KT.OE": 101.716,
            "EG.USE.PCAP.KG.OE": 730.655726935691,
            "EP.PMP.DESL.CD": 1.08,
            "EG.USE.COMM.KT.OE": 2602.641,
            "EG.IMP.CONS.ZS": 96.0918159669351,
            "EG.USE.COMM.FO.ZS": 91.6790675317879,
            "EG.GDP.PUSE.KO.PP.KD": 3.82311426680789,
            "EG.USE.CRNW.ZS": 3.22238065103869,
            "id": 498
        },
        {
            "EP.PMP.SGAS.CD": 1.92,
            "id": 492,
            "EP.PMP.DESL.CD": 1.69
        },
        {
            "EP.PMP.SGAS.CD": 1.11,
            "EG.USE.COMM.CL.ZS": 0.0,
            "EG.EGY.PROD.KT.OE": 14974.334,
            "EG.USE.PCAP.KG.OE": 1188.68425664577,
            "EP.PMP.DESL.CD": 1.04,
            "EG.USE.COMM.KT.OE": 3276.015,
            "EG.IMP.CONS.ZS": -357.089909539486,
            "EG.USE.COMM.FO.ZS": 94.9084787462817,
            "EG.GDP.PUSE.KO.PP.KD": 3.04558971721217,
            "EG.USE.CRNW.ZS": 4.45889289273706,
            "id": 496
        },
        {
            "EP.PMP.SGAS.CD": 1.62,
            "EG.USE.COMM.CL.ZS": 30.2672692373108,
            "EG.EGY.PROD.KT.OE": 702.323,
            "EG.USE.PCAP.KG.OE": 1303.48857464093,
            "EP.PMP.DESL.CD": 1.49,
            "EG.USE.COMM.KT.OE": 823.14,
            "EG.IMP.CONS.ZS": 14.6775761109896,
            "EG.USE.COMM.FO.ZS": 66.6366596204777,
            "EG.GDP.PUSE.KO.PP.KD": 7.79195242021863,
            "EG.USE.CRNW.ZS": 3.07517554729451,
            "id": 499
        },
        {
            "EP.PMP.SGAS.CD": 1.23,
            "EG.USE.COMM.CL.ZS": 2.14997317091875,
            "EG.EGY.PROD.KT.OE": 894.043,
            "EG.USE.PCAP.KG.OE": 516.665930131664,
            "EP.PMP.DESL.CD": 0.88,
            "EG.USE.COMM.KT.OE": 16508.206,
            "EG.IMP.CONS.ZS": 94.5842510082561,
            "EG.USE.COMM.FO.ZS": 92.8601024242125,
            "EG.GDP.PUSE.KO.PP.KD": 8.31666376216087,
            "EG.USE.CRNW.ZS": 2.93736945128986,
            "id": 504
        },
        {
            "EP.PMP.SGAS.CD": 1.11,
            "EG.USE.COMM.CL.ZS": 14.0389059270863,
            "EG.EGY.PROD.KT.OE": 12488.576,
            "EG.USE.PCAP.KG.OE": 435.970136077208,
            "EP.PMP.DESL.CD": 0.86,
            "EG.USE.COMM.KT.OE": 10197.675,
            "EG.IMP.CONS.ZS": -22.4649344090687,
            "EG.USE.COMM.FO.ZS": 8.38814729828123,
            "EG.GDP.PUSE.KO.PP.KD": 1.88707307458463,
            "EG.USE.CRNW.ZS": 81.6074350280824,
            "id": 508
        },
        {
            "EP.PMP.SGAS.CD": 0.8,
            "EG.USE.COMM.CL.ZS": 3.13652832045099,
            "EG.EGY.PROD.KT.OE": 22530.015,
            "EG.USE.PCAP.KG.OE": 291.83577962118,
            "EP.PMP.DESL.CD": 0.8,
            "EG.USE.COMM.KT.OE": 13997.323,
            "EG.IMP.CONS.ZS": -60.9594563188975,
            "EG.USE.COMM.FO.ZS": 21.5989300239767,
            "EG.USE.CRNW.ZS": 75.2645345113491,
            "id": 104
        },
        {
            "EP.PMP.SGAS.CD": 1.06,
            "EG.USE.COMM.CL.ZS": 6.77862545924739,
            "EG.EGY.PROD.KT.OE": 316.651,
            "EG.USE.PCAP.KG.OE": 702.487946116326,
            "EP.PMP.DESL.CD": 1.09,
            "EG.USE.COMM.KT.OE": 1603.983,
            "EG.IMP.CONS.ZS": 80.25845660459,
            "EG.USE.COMM.FO.ZS": 68.1679918053994,
            "EG.GDP.PUSE.KO.PP.KD": 8.35621950548219,
            "EG.USE.CRNW.ZS": 12.9629179361627,
            "id": 516
        },
        {
            "EP.PMP.SGAS.CD": 1.18,
            "EG.USE.COMM.CL.ZS": 2.69665877143208,
            "EG.EGY.PROD.KT.OE": 8984.103,
            "EG.USE.PCAP.KG.OE": 341.061245492394,
            "EP.PMP.DESL.CD": 0.91,
            "EG.USE.COMM.KT.OE": 10217.978,
            "EG.IMP.CONS.ZS": 12.0755300119065,
            "EG.USE.COMM.FO.ZS": 11.6106337281212,
            "EG.GDP.PUSE.KO.PP.KD": 3.17561820385924,
            "EG.USE.CRNW.ZS": 85.1338591646997,
            "id": 524
        },
        {
            "EP.PMP.SGAS.CD": 2.13,
            "EG.USE.COMM.CL.ZS": 2.02968267667626,
            "EG.EGY.PROD.KT.OE": 64512.711,
            "EG.USE.PCAP.KG.OE": 4644.8017489219,
            "EP.PMP.DESL.CD": 1.71,
            "EG.USE.COMM.KT.OE": 77549.61,
            "EG.IMP.CONS.ZS": 16.811043924012,
            "EG.USE.COMM.FO.ZS": 92.3020257613159,
            "EG.GDP.PUSE.KO.PP.KD": 7.9899280342606,
            "EG.USE.CRNW.ZS": 4.66013175308038,
            "id": 528
        },
        {
            "EP.PMP.SGAS.CD": 1.47,
            "EG.USE.COMM.CL.ZS": 33.7450587752624,
            "EG.EGY.PROD.KT.OE": 15964.74,
            "EG.USE.PCAP.KG.OE": 4086.15840370471,
            "EP.PMP.DESL.CD": 0.97,
            "EG.USE.COMM.KT.OE": 18000.345,
            "EG.IMP.CONS.ZS": 11.3086999165849,
            "EG.USE.COMM.FO.ZS": 59.5183981195916,
            "EG.GDP.PUSE.KO.PP.KD": 5.97847496954912,
            "EG.USE.CRNW.ZS": 6.53516363158595,
            "id": 554
        },
        {
            "EP.PMP.SGAS.CD": 1.09,
            "EG.USE.COMM.CL.ZS": 10.1041928646997,
            "EG.EGY.PROD.KT.OE": 1734.335,
            "EG.USE.PCAP.KG.OE": 541.996312128736,
            "EP.PMP.DESL.CD": 0.99,
            "EG.USE.COMM.KT.OE": 3137.163,
            "EG.IMP.CONS.ZS": 44.7164524125779,
            "EG.USE.COMM.FO.ZS": 44.8069163126047,
            "EG.GDP.PUSE.KO.PP.KD": 5.99510858445731,
            "EG.USE.CRNW.ZS": 45.1793547227224,
            "id": 558
        },
        {
            "EP.PMP.SGAS.CD": 1.07,
            "id": 562,
            "EP.PMP.DESL.CD": 1.16
        },
        {
            "EP.PMP.SGAS.CD": 0.44,
            "EG.USE.COMM.CL.ZS": 0.484873183359751,
            "EG.EGY.PROD.KT.OE": 258358.636,
            "EG.USE.PCAP.KG.OE": 713.614412819962,
            "EP.PMP.DESL.CD": 0.77,
            "EG.USE.COMM.KT.OE": 113053.066,
            "EG.IMP.CONS.ZS": -128.528641585006,
            "EG.USE.COMM.FO.ZS": 15.6324437941382,
            "EG.GDP.PUSE.KO.PP.KD": 2.99436872009771,
            "EG.USE.CRNW.ZS": 83.8826839070424,
            "id": 566
        },
        {
            "EP.PMP.SGAS.CD": 2.12,
            "EG.USE.COMM.CL.ZS": 35.1516976512023,
            "EG.EGY.PROD.KT.OE": 196052.513,
            "EG.USE.PCAP.KG.OE": 6032.85298869144,
            "EP.PMP.DESL.CD": 2.01,
            "EG.USE.COMM.KT.OE": 29874.688,
            "EG.IMP.CONS.ZS": -556.249574890958,
            "EG.USE.COMM.FO.ZS": 60.0288980423829,
            "EG.GDP.PUSE.KO.PP.KD": 7.7876185113811,
            "EG.USE.CRNW.ZS": 5.49281050232223,
            "id": 578
        },
        {
            "EP.PMP.SGAS.CD": 0.31,
            "EG.USE.COMM.CL.ZS": 0.0,
            "EG.EGY.PROD.KT.OE": 72139.697,
            "EG.USE.PCAP.KG.OE": 7187.67051162022,
            "EP.PMP.DESL.CD": 0.38,
            "EG.USE.COMM.KT.OE": 19999.226,
            "EG.IMP.CONS.ZS": -260.712444571605,
            "EG.USE.COMM.FO.ZS": 100.000005000194,
            "EG.GDP.PUSE.KO.PP.KD": 3.41682375048754,
            "EG.USE.CRNW.ZS": 0.0,
            "id": 512
        },
        {
            "EP.PMP.SGAS.CD": 0.86,
            "EG.USE.COMM.CL.ZS": 4.28752196264823,
            "EG.EGY.PROD.KT.OE": 64303.23,
            "EG.USE.PCAP.KG.OE": 487.315590825256,
            "EP.PMP.DESL.CD": 0.92,
            "EG.USE.COMM.KT.OE": 84594.762,
            "EG.IMP.CONS.ZS": 23.9867475482702,
            "EG.USE.COMM.FO.ZS": 61.6302484543901,
            "EG.GDP.PUSE.KO.PP.KD": 4.91883039523842,
            "EG.USE.CRNW.ZS": 34.0822295829616,
            "id": 586
        },
        {
            "EG.USE.PCAP.KG.OE": 4868.62456093843,
            "EG.USE.COMM.KT.OE": 73.462676,
            "EG.USE.COMM.FO.ZS": 0.0,
            "id": 585
        },
        {
            "EP.PMP.SGAS.CD": 0.85,
            "EG.USE.COMM.CL.ZS": 9.56059851418475,
            "EG.EGY.PROD.KT.OE": 842.893,
            "EG.USE.PCAP.KG.OE": 1072.7330372325,
            "EP.PMP.DESL.CD": 0.77,
            "EG.USE.COMM.KT.OE": 3772.609,
            "EG.IMP.CONS.ZS": 77.6575574092094,
            "EG.USE.COMM.FO.ZS": 77.5846370509109,
            "EG.GDP.PUSE.KO.PP.KD": 11.781822453731,
            "EG.USE.CRNW.ZS": 12.7818440766059,
            "id": 591
        },
        {
            "EP.PMP.SGAS.CD": 1.28,
            "EG.USE.COMM.CL.ZS": 97.0981790919789,
            "EG.EGY.PROD.KT.OE": 7100.92,
            "EG.USE.PCAP.KG.OE": 741.886960945987,
            "EP.PMP.DESL.CD": 1.01,
            "EG.USE.COMM.KT.OE": 4788.545,
            "EG.IMP.CONS.ZS": -48.2897205727418,
            "EG.USE.COMM.FO.ZS": 32.7099985486197,
            "EG.GDP.PUSE.KO.PP.KD": 6.23567741221014,
            "EG.USE.CRNW.ZS": 48.0966974310568,
            "id": 600
        },
        {
            "EP.PMP.SGAS.CD": 1.41,
            "EG.USE.COMM.CL.ZS": 8.91234521606162,
            "EG.EGY.PROD.KT.OE": 19397.926,
            "EG.USE.PCAP.KG.OE": 667.131119441011,
            "EP.PMP.DESL.CD": 1.1,
            "EG.USE.COMM.KT.OE": 19397.846,
            "EG.IMP.CONS.ZS": -0.00041241692504471,
            "EG.USE.COMM.FO.ZS": 74.8812883657288,
            "EG.GDP.PUSE.KO.PP.KD": 12.8240704124409,
            "EG.USE.CRNW.ZS": 16.2560214159861,
            "id": 604
        },
        {
            "EP.PMP.SGAS.CD": 1.05,
            "EG.USE.COMM.CL.ZS": 22.7593588579229,
            "EG.EGY.PROD.KT.OE": 23416.515,
            "EG.USE.PCAP.KG.OE": 434.016305543515,
            "EP.PMP.DESL.CD": 0.84,
            "EG.USE.COMM.KT.OE": 40476.707,
            "EG.IMP.CONS.ZS": 42.1481717868007,
            "EG.USE.COMM.FO.ZS": 60.1999095430367,
            "EG.GDP.PUSE.KO.PP.KD": 8.20359738712469,
            "EG.USE.CRNW.ZS": 17.0407291284837,
            "id": 608
        },
        {
            "EP.PMP.SGAS.CD": 1.57,
            "EG.USE.COMM.CL.ZS": 0.435964587826275,
            "EG.EGY.PROD.KT.OE": 69224.759,
            "EG.USE.PCAP.KG.OE": 2685.34158467658,
            "EP.PMP.DESL.CD": 1.5,
            "EG.USE.COMM.KT.OE": 102623.014,
            "EG.IMP.CONS.ZS": 32.5446054429857,
            "EG.USE.COMM.FO.ZS": 91.9202451021366,
            "EG.GDP.PUSE.KO.PP.KD": 6.73562083465781,
            "EG.USE.CRNW.ZS": 8.08307871370841,
            "id": 616
        },
        {
            "EP.PMP.SGAS.CD": 1.85,
            "EG.USE.COMM.CL.ZS": 8.79962016003221,
            "EG.EGY.PROD.KT.OE": 5276.821,
            "EG.USE.PCAP.KG.OE": 2176.04493748237,
            "EP.PMP.DESL.CD": 1.58,
            "EG.USE.COMM.KT.OE": 23146.59,
            "EG.IMP.CONS.ZS": 77.2025987413265,
            "EG.USE.COMM.FO.ZS": 76.2376229068731,
            "EG.GDP.PUSE.KO.PP.KD": 9.79038783367783,
            "EG.USE.CRNW.ZS": 13.9176051418373,
            "id": 620
        },
        {
            "EP.PMP.SGAS.CD": 0.19,
            "EG.USE.COMM.CL.ZS": 0.0,
            "EG.EGY.PROD.KT.OE": 174097.39,
            "EG.USE.PCAP.KG.OE": 12799.4329065444,
            "EP.PMP.DESL.CD": 0.19,
            "EG.USE.COMM.KT.OE": 22511.553,
            "EG.IMP.CONS.ZS": -673.369078534919,
            "EG.USE.COMM.FO.ZS": 100.000004442164,
            "EG.GDP.PUSE.KO.PP.KD": 5.45320572178436,
            "EG.USE.CRNW.ZS": 0.0,
            "id": 634
        },
        {
            "EP.PMP.SGAS.CD": 1.46,
            "EG.USE.COMM.CL.ZS": 13.5963599129264,
            "EG.EGY.PROD.KT.OE": 27441.871,
            "EG.USE.PCAP.KG.OE": 1632.15553539717,
            "EP.PMP.DESL.CD": 1.46,
            "EG.USE.COMM.KT.OE": 34990.152,
            "EG.IMP.CONS.ZS": 21.5725870524941,
            "EG.USE.COMM.FO.ZS": 75.1274272829681,
            "EG.GDP.PUSE.KO.PP.KD": 6.69117309138211,
            "EG.USE.CRNW.ZS": 11.8117206235629,
            "id": 642
        },
        {
            "EP.PMP.SGAS.CD": 0.84,
            "EG.USE.COMM.CL.ZS": 8.48270456676976,
            "EG.EGY.PROD.KT.OE": 1293048.656,
            "EG.USE.PCAP.KG.OE": 4943.08777480271,
            "EP.PMP.DESL.CD": 0.72,
            "EG.USE.COMM.KT.OE": 701523.017,
            "EG.IMP.CONS.ZS": -84.320203994105,
            "EG.USE.COMM.FO.ZS": 90.7070572995896,
            "EG.GDP.PUSE.KO.PP.KD": 2.87394059610452,
            "EG.USE.CRNW.ZS": 0.989685417549172,
            "id": 643
        },
        {
            "EP.PMP.SGAS.CD": 1.63,
            "id": 646,
            "EP.PMP.DESL.CD": 1.62
        },
        {
            "EP.PMP.SGAS.CD": 1.03,
            "EG.USE.PCAP.KG.OE": 319.952338134457,
            "EP.PMP.DESL.CD": 1.06,
            "EG.USE.COMM.KT.OE": 58.0,
            "EG.USE.COMM.FO.ZS": 0.0,
            "EG.GDP.PUSE.KO.PP.KD": 12.360474261323,
            "id": 882
        },
        {
            "EG.USE.PCAP.KG.OE": 279.611847916574,
            "EG.USE.COMM.KT.OE": 44.0,
            "EG.USE.COMM.FO.ZS": 0.0,
            "id": 678,
            "EG.GDP.PUSE.KO.PP.KD": 5.64499404556499
        },
        {
            "EP.PMP.SGAS.CD": 0.16,
            "EG.USE.COMM.CL.ZS": 0.0,
            "EG.EGY.PROD.KT.OE": 538054.111,
            "EG.USE.PCAP.KG.OE": 6167.94384133014,
            "EP.PMP.DESL.CD": 0.067,
            "EG.USE.COMM.KT.OE": 169298.253,
            "EG.IMP.CONS.ZS": -217.814331492245,
            "EG.USE.COMM.FO.ZS": 99.997349647784,
            "EG.GDP.PUSE.KO.PP.KD": 3.32922450505899,
            "EG.USE.CRNW.ZS": 0.00264976154243009,
            "id": 682
        },
        {
            "EP.PMP.SGAS.CD": 1.57,
            "EG.USE.COMM.CL.ZS": 0.640871528501661,
            "EG.EGY.PROD.KT.OE": 1616.436,
            "EG.USE.PCAP.KG.OE": 271.973538427091,
            "EP.PMP.DESL.CD": 1.34,
            "EG.USE.COMM.KT.OE": 3381.645,
            "EG.IMP.CONS.ZS": 52.199713453068,
            "EG.USE.COMM.FO.ZS": 52.6476906949133,
            "EG.GDP.PUSE.KO.PP.KD": 6.39033775977791,
            "EG.USE.CRNW.ZS": 46.3336039117057,
            "id": 686
        },
        {
            "EP.PMP.SGAS.CD": 1.5,
            "EG.USE.COMM.CL.ZS": 6.8552968532233,
            "EG.EGY.PROD.KT.OE": 10595.052,
            "EG.USE.PCAP.KG.OE": 2140.98608285117,
            "EP.PMP.DESL.CD": 1.48,
            "EG.USE.COMM.KT.OE": 15610.863,
            "EG.IMP.CONS.ZS": 32.1302608318323,
            "EG.USE.COMM.FO.ZS": 86.6779754584996,
            "EG.GDP.PUSE.KO.PP.KD": 4.48259632150173,
            "EG.USE.CRNW.ZS": 6.63035092934965,
            "id": 688
        },
        {
            "EG.USE.PCAP.KG.OE": 2410.82873707855,
            "EG.USE.COMM.KT.OE": 205.0,
            "EG.USE.COMM.FO.ZS": 0.0,
            "id": 690,
            "EG.GDP.PUSE.KO.PP.KD": 8.72149913879011
        },
        {
            "EP.PMP.SGAS.CD": 0.94,
            "id": 694,
            "EP.PMP.DESL.CD": 0.94
        },
        {
            "EP.PMP.SGAS.CD": 1.42,
            "EG.USE.COMM.CL.ZS": 0.0,
            "EG.EGY.PROD.KT.OE": 403.715,
            "EG.USE.PCAP.KG.OE": 6455.72694860835,
            "EP.PMP.DESL.CD": 1.04,
            "EG.USE.COMM.KT.OE": 32773.789,
            "EG.IMP.CONS.ZS": 98.7681772162505,
            "EG.USE.COMM.FO.ZS": 98.7681802674692,
            "EG.GDP.PUSE.KO.PP.KD": 8.08119046731943,
            "EG.USE.CRNW.ZS": 1.23182278374954,
            "id": 702
        },
        {
            "EP.PMP.SGAS.CD": 1.7,
            "EG.USE.COMM.CL.ZS": 24.4384574118486,
            "EG.EGY.PROD.KT.OE": 5996.394,
            "EG.USE.PCAP.KG.OE": 3113.75569852941,
            "EP.PMP.DESL.CD": 1.53,
            "EG.USE.COMM.KT.OE": 16938.831,
            "EG.IMP.CONS.ZS": 64.5997176546599,
            "EG.USE.COMM.FO.ZS": 69.4609681152141,
            "EG.GDP.PUSE.KO.PP.KD": 6.6661393886757,
            "EG.USE.CRNW.ZS": 5.73155254928749,
            "id": 703
        },
        {
            "EP.PMP.SGAS.CD": 1.67,
            "EG.USE.COMM.CL.ZS": 27.1331276481416,
            "EG.EGY.PROD.KT.OE": 3775.896,
            "EG.USE.PCAP.KG.OE": 3528.83187134503,
            "EP.PMP.DESL.CD": 1.62,
            "EG.USE.COMM.KT.OE": 7241.163,
            "EG.IMP.CONS.ZS": 47.8551166435557,
            "EG.USE.COMM.FO.ZS": 65.2873578456941,
            "EG.GDP.PUSE.KO.PP.KD": 7.07527892276426,
            "EG.USE.CRNW.ZS": 9.08783575235083,
            "id": 705
        },
        {
            "EG.USE.PCAP.KG.OE": 128.904912485649,
            "EG.USE.COMM.KT.OE": 64.0,
            "EG.USE.COMM.FO.ZS": 0.0,
            "id": 90,
            "EG.GDP.PUSE.KO.PP.KD": 18.0137725191022
        },
        {
            "EP.PMP.SGAS.CD": 1.19,
            "EG.USE.COMM.CL.ZS": 2.48971681844755,
            "EG.EGY.PROD.KT.OE": 162414.555,
            "EG.USE.PCAP.KG.OE": 2737.81499980997,
            "EP.PMP.DESL.CD": 1.14,
            "EG.USE.COMM.KT.OE": 136866.931,
            "EG.IMP.CONS.ZS": -18.6660311686246,
            "EG.USE.COMM.FO.ZS": 86.7109141213958,
            "EG.GDP.PUSE.KO.PP.KD": 3.46878030292873,
            "EG.USE.CRNW.ZS": 10.4882120868188,
            "id": 710
        },
        {
            "EP.PMP.SGAS.CD": 1.56,
            "EG.USE.COMM.CL.ZS": 17.6526618088802,
            "EG.EGY.PROD.KT.OE": 31121.995,
            "EG.USE.PCAP.KG.OE": 2723.00681302044,
            "EP.PMP.DESL.CD": 1.47,
            "EG.USE.COMM.KT.OE": 125898.22,
            "EG.IMP.CONS.ZS": 75.2800357304496,
            "EG.USE.COMM.FO.ZS": 76.9330559240631,
            "EG.GDP.PUSE.KO.PP.KD": 9.88507848461891,
            "EG.USE.CRNW.ZS": 5.83035248631792,
            "id": 724
        },
        {
            "EP.PMP.SGAS.CD": 1.19,
            "EG.USE.COMM.CL.ZS": 4.92653371092577,
            "EG.EGY.PROD.KT.OE": 5539.682,
            "EG.USE.PCAP.KG.OE": 477.891880114269,
            "EP.PMP.DESL.CD": 0.66,
            "EG.USE.COMM.KT.OE": 9869.901,
            "EG.IMP.CONS.ZS": 43.8729729913198,
            "EG.USE.COMM.FO.ZS": 43.8729831231337,
            "EG.GDP.PUSE.KO.PP.KD": 9.62743503541523,
            "EG.USE.CRNW.ZS": 51.2004932977545,
            "id": 144
        },
        {
            "EG.USE.PCAP.KG.OE": 1645.03022495293,
            "EG.USE.COMM.KT.OE": 83.0,
            "EG.USE.COMM.FO.ZS": 0.0,
            "id": 659,
            "EG.GDP.PUSE.KO.PP.KD": 10.0069797462013
        },
        {
            "EG.USE.PCAP.KG.OE": 760.374959902102,
            "EG.USE.COMM.KT.OE": 128.0,
            "EG.USE.COMM.FO.ZS": 0.0,
            "id": 662,
            "EG.GDP.PUSE.KO.PP.KD": 13.1303784161443
        },
        {
            "EG.USE.PCAP.KG.OE": 641.848523748395,
            "EG.USE.COMM.KT.OE": 70.0,
            "EG.USE.COMM.FO.ZS": 0.0,
            "id": 670,
            "EG.GDP.PUSE.KO.PP.KD": 15.310457126717
        },
        {
            "EP.PMP.SGAS.CD": 0.62,
            "EG.USE.COMM.CL.ZS": 2.0452877359679,
            "EG.EGY.PROD.KT.OE": 34941.653,
            "EG.USE.PCAP.KG.OE": 370.93164229,
            "EP.PMP.DESL.CD": 0.43,
            "EG.USE.COMM.KT.OE": 16154.793,
            "EG.IMP.CONS.ZS": -116.292793104808,
            "EG.USE.COMM.FO.ZS": 29.2991621743466,
            "EG.GDP.PUSE.KO.PP.KD": 5.41781596539877,
            "EG.USE.CRNW.ZS": 68.6555500896855,
            "id": 729
        },
        {
            "EP.PMP.SGAS.CD": 1.14,
            "EG.USE.PCAP.KG.OE": 1399.62676619568,
            "EP.PMP.DESL.CD": 1.12,
            "EG.USE.COMM.KT.OE": 714.0,
            "EG.USE.COMM.FO.ZS": 0.0,
            "EG.GDP.PUSE.KO.PP.KD": 4.677848246453,
            "id": 740
        },
        {
            "EP.PMP.SGAS.CD": 1.07,
            "EG.USE.PCAP.KG.OE": 414.66441591135,
            "EP.PMP.DESL.CD": 1.1,
            "EG.USE.COMM.KT.OE": 423.0,
            "EG.USE.COMM.FO.ZS": 0.0,
            "EG.GDP.PUSE.KO.PP.KD": 12.613920532491,
            "id": 748
        },
        {
            "EP.PMP.SGAS.CD": 1.87,
            "EG.USE.COMM.CL.ZS": 44.3000794733946,
            "EG.EGY.PROD.KT.OE": 33143.247,
            "EG.USE.PCAP.KG.OE": 5225.87326774569,
            "EP.PMP.DESL.CD": 1.82,
            "EG.USE.COMM.KT.OE": 49400.18,
            "EG.IMP.CONS.ZS": 32.9086513449951,
            "EG.USE.COMM.FO.ZS": 33.9394694513259,
            "EG.GDP.PUSE.KO.PP.KD": 6.73000410048721,
            "EG.USE.CRNW.ZS": 21.9363350497913,
            "id": 752
        },
        {
            "EP.PMP.SGAS.CD": 1.66,
            "EG.USE.COMM.CL.ZS": 39.7218545646919,
            "EG.EGY.PROD.KT.OE": 12402.196,
            "EG.USE.PCAP.KG.OE": 3227.09637030479,
            "EP.PMP.DESL.CD": 1.77,
            "EG.USE.COMM.KT.OE": 25516.651,
            "EG.IMP.CONS.ZS": 51.3956749261492,
            "EG.USE.COMM.FO.ZS": 50.3760152537259,
            "EG.GDP.PUSE.KO.PP.KD": 12.2127050845105,
            "EG.USE.CRNW.ZS": 9.02225374325181,
            "id": 756
        },
        {
            "EP.PMP.SGAS.CD": 0.96,
            "EG.USE.COMM.CL.ZS": 1.02563456054247,
            "EG.EGY.PROD.KT.OE": 27669.524,
            "EG.USE.PCAP.KG.OE": 1062.96633343945,
            "EP.PMP.DESL.CD": 0.45,
            "EG.USE.COMM.KT.OE": 21734.057,
            "EG.IMP.CONS.ZS": -27.3095216415417,
            "EG.USE.COMM.FO.ZS": 99.084487539533,
            "EG.GDP.PUSE.KO.PP.KD": 4.46001874546287,
            "EG.USE.CRNW.ZS": 0.029557298023098,
            "id": 760
        },
        {
            "EP.PMP.SGAS.CD": 1.02,
            "EG.USE.COMM.CL.ZS": 59.0434891497022,
            "EG.EGY.PROD.KT.OE": 1509.889,
            "EG.USE.PCAP.KG.OE": 335.518359233086,
            "EP.PMP.DESL.CD": 0.91,
            "EG.USE.COMM.KT.OE": 2307.909,
            "EG.IMP.CONS.ZS": 34.5776198281648,
            "EG.USE.COMM.FO.ZS": 40.3640698138445,
            "EG.GDP.PUSE.KO.PP.KD": 5.77724836455118,
            "EG.USE.CRNW.ZS": 0.0,
            "id": 762
        },
        {
            "EP.PMP.SGAS.CD": 1.22,
            "EG.USE.COMM.CL.ZS": 1.10251682171899,
            "EG.EGY.PROD.KT.OE": 18684.532,
            "EG.USE.PCAP.KG.OE": 447.75896626912,
            "EP.PMP.DESL.CD": 1.19,
            "EG.USE.COMM.KT.OE": 20078.061,
            "EG.IMP.CONS.ZS": 6.9405556642148,
            "EG.USE.COMM.FO.ZS": 10.4646858080569,
            "EG.GDP.PUSE.KO.PP.KD": 2.8027055262245,
            "EG.USE.CRNW.ZS": 88.4328023507848,
            "id": 834
        },
        {
            "EP.PMP.SGAS.CD": 1.41,
            "EG.USE.COMM.CL.ZS": 0.408435802289484,
            "EG.EGY.PROD.KT.OE": 70559.471,
            "EG.USE.PCAP.KG.OE": 1698.85620305617,
            "EP.PMP.DESL.CD": 0.95,
            "EG.USE.COMM.KT.OE": 117428.736,
            "EG.IMP.CONS.ZS": 39.9129434553396,
            "EG.USE.COMM.FO.ZS": 79.9264091542295,
            "EG.GDP.PUSE.KO.PP.KD": 4.51650170920267,
            "EG.USE.CRNW.ZS": 19.2497626815978,
            "id": 764
        },
        {
            "EP.PMP.SGAS.CD": 1.4,
            "EG.USE.PCAP.KG.OE": 58.3157270823973,
            "EP.PMP.DESL.CD": 0.9,
            "EG.USE.COMM.KT.OE": 61.0,
            "EG.USE.COMM.FO.ZS": 0.0,
            "EG.GDP.PUSE.KO.PP.KD": 17.158696906792,
            "id": 626
        },
        {
            "EP.PMP.SGAS.CD": 1.18,
            "EG.USE.COMM.CL.ZS": 0.310231234208591,
            "EG.EGY.PROD.KT.OE": 2231.26,
            "EG.USE.PCAP.KG.OE": 446.093581768998,
            "EP.PMP.DESL.CD": 1.17,
            "EG.USE.COMM.KT.OE": 2688.962,
            "EG.IMP.CONS.ZS": 17.0215123902829,
            "EG.USE.COMM.FO.ZS": 14.7507476862819,
            "EG.GDP.PUSE.KO.PP.KD": 2.02250855347485,
            "EG.USE.CRNW.ZS": 82.6682563755085,
            "id": 768
        },
        {
            "EG.USE.PCAP.KG.OE": 567.214974475326,
            "EG.USE.COMM.KT.OE": 58.0,
            "EG.USE.COMM.FO.ZS": 0.0,
            "id": 776,
            "EG.GDP.PUSE.KO.PP.KD": 6.92787364467733
        },
        {
            "EG.USE.COMM.CL.ZS": 0.0,
            "EG.EGY.PROD.KT.OE": 44955.577,
            "EG.USE.PCAP.KG.OE": 15913.2985206472,
            "EG.USE.COMM.KT.OE": 21347.133,
            "EG.IMP.CONS.ZS": -110.593043103259,
            "EG.USE.COMM.FO.ZS": 99.933105771159,
            "EG.GDP.PUSE.KO.PP.KD": 1.45616652495895,
            "EG.USE.CRNW.ZS": 0.0668942288409408,
            "id": 780
        },
        {
            "EP.PMP.SGAS.CD": 0.94,
            "EG.USE.COMM.CL.ZS": 0.168797141228188,
            "EG.EGY.PROD.KT.OE": 8075.997,
            "EG.USE.PCAP.KG.OE": 912.808675621617,
            "EP.PMP.DESL.CD": 0.82,
            "EG.USE.COMM.KT.OE": 9629.31,
            "EG.IMP.CONS.ZS": 16.1310935051421,
            "EG.USE.COMM.FO.ZS": 85.8105720970662,
            "EG.GDP.PUSE.KO.PP.KD": 9.32119309553283,
            "EG.USE.CRNW.ZS": 14.0036617369261,
            "id": 788
        },
        {
            "EP.PMP.SGAS.CD": 2.52,
            "EG.USE.COMM.CL.ZS": 6.28697694455048,
            "EG.EGY.PROD.KT.OE": 33263.558,
            "EG.USE.PCAP.KG.OE": 1550.56032626795,
            "EP.PMP.DESL.CD": 2.03,
            "EG.USE.COMM.KT.OE": 114182.636,
            "EG.IMP.CONS.ZS": 70.8681116803084,
            "EG.USE.COMM.FO.ZS": 89.6522296087121,
            "EG.GDP.PUSE.KO.PP.KD": 8.68597551039845,
            "EG.USE.CRNW.ZS": 3.99225412872759,
            "id": 792
        },
        {
            "EP.PMP.SGAS.CD": 0.22,
            "EG.USE.COMM.CL.ZS": 0.00121088245405511,
            "EG.EGY.PROD.KT.OE": 46293.187,
            "EG.USE.PCAP.KG.OE": 4225.86198518642,
            "EP.PMP.DESL.CD": 0.2,
            "EG.USE.COMM.KT.OE": 21306.775,
            "EG.IMP.CONS.ZS": -117.269797986791,
            "EG.USE.COMM.FO.ZS": 100.97153604898,
            "EG.GDP.PUSE.KO.PP.KD": 1.7377874777537,
            "EG.USE.CRNW.ZS": 0.0,
            "id": 795
        },
        {
            "EP.PMP.SGAS.CD": 1.42,
            "id": 800,
            "EP.PMP.DESL.CD": 1.11
        },
        {
            "EP.PMP.SGAS.CD": 1.01,
            "EG.USE.COMM.CL.ZS": 18.7940890175968,
            "EG.EGY.PROD.KT.OE": 75997.826,
            "EG.USE.PCAP.KG.OE": 2844.93264763782,
            "EP.PMP.DESL.CD": 0.92,
            "EG.USE.COMM.KT.OE": 130499.052,
            "EG.IMP.CONS.ZS": 41.7636949577228,
            "EG.USE.COMM.FO.ZS": 80.3423177357641,
            "EG.GDP.PUSE.KO.PP.KD": 2.11916039828908,
            "EG.USE.CRNW.ZS": 1.13082200781045,
            "id": 804
        },
        {
            "EP.PMP.SGAS.CD": 0.47,
            "EG.USE.COMM.CL.ZS": 0.0,
            "EG.EGY.PROD.KT.OE": 176291.41,
            "EG.USE.PCAP.KG.OE": 8271.47392930219,
            "EP.PMP.DESL.CD": 0.71,
            "EG.USE.COMM.KT.OE": 62132.748,
            "EG.IMP.CONS.ZS": -183.733483025731,
            "EG.USE.COMM.FO.ZS": 101.074111513626,
            "EG.GDP.PUSE.KO.PP.KD": 5.12036432030659,
            "EG.USE.CRNW.ZS": 0.0402557440401638,
            "id": 784
        },
        {
            "EP.PMP.SGAS.CD": 1.92,
            "EG.USE.COMM.CL.ZS": 10.5418245325227,
            "EG.EGY.PROD.KT.OE": 129796.039,
            "EG.USE.PCAP.KG.OE": 3017.25842499322,
            "EP.PMP.DESL.CD": 1.98,
            "EG.USE.COMM.KT.OE": 189004.085,
            "EG.IMP.CONS.ZS": 31.3263313859063,
            "EG.USE.COMM.FO.ZS": 85.8603717480498,
            "EG.GDP.PUSE.KO.PP.KD": 10.8916036110186,
            "EG.USE.CRNW.ZS": 3.3146929072988,
            "id": 826
        },
        {
            "EP.PMP.SGAS.CD": 0.76,
            "EG.USE.COMM.CL.ZS": 11.9596298078562,
            "EG.EGY.PROD.KT.OE": 1792189.666,
            "EG.USE.PCAP.KG.OE": 7069.23311171772,
            "EP.PMP.DESL.CD": 0.84,
            "EG.USE.COMM.KT.OE": 2202715.897,
            "EG.IMP.CONS.ZS": 18.637275536038,
            "EG.USE.COMM.FO.ZS": 83.8648918145071,
            "EG.GDP.PUSE.KO.PP.KD": 6.00998477290238,
            "EG.USE.CRNW.ZS": 4.02998966507209,
            "id": 840
        },
        {
            "EP.PMP.SGAS.CD": 1.49,
            "EG.USE.COMM.CL.ZS": 18.0340467890651,
            "EG.EGY.PROD.KT.OE": 2038.065,
            "EG.USE.PCAP.KG.OE": 1240.85469036377,
            "EP.PMP.DESL.CD": 1.44,
            "EG.USE.COMM.KT.OE": 4165.033,
            "EG.IMP.CONS.ZS": 51.0672544491244,
            "EG.USE.COMM.FO.ZS": 51.7002386295619,
            "EG.GDP.PUSE.KO.PP.KD": 10.1880913270352,
            "EG.USE.CRNW.ZS": 30.9347128822269,
            "id": 858
        },
        {
            "EP.PMP.SGAS.CD": 0.92,
            "EG.USE.COMM.CL.ZS": 2.1290185613586,
            "EG.EGY.PROD.KT.OE": 55147.366,
            "EG.USE.PCAP.KG.OE": 1533.040360754,
            "EP.PMP.DESL.CD": 0.83,
            "EG.USE.COMM.KT.OE": 43787.312,
            "EG.IMP.CONS.ZS": -25.9437117309233,
            "EG.USE.COMM.FO.ZS": 97.8875250437844,
            "EG.GDP.PUSE.KO.PP.KD": 1.79614346213516,
            "EG.USE.CRNW.ZS": 0.000545820213855557,
            "id": 860
        },
        {
            "EG.USE.PCAP.KG.OE": 157.390377602,
            "EG.USE.COMM.KT.OE": 35.0,
            "EG.USE.COMM.FO.ZS": 0.0,
            "id": 548,
            "EG.GDP.PUSE.KO.PP.KD": 24.1465241391807
        },
        {
            "EP.PMP.SGAS.CD": 0.023,
            "EG.USE.COMM.CL.ZS": 8.58125357093046,
            "EG.EGY.PROD.KT.OE": 192707.652,
            "EG.USE.PCAP.KG.OE": 2668.64576541583,
            "EP.PMP.DESL.CD": 0.011,
            "EG.USE.COMM.KT.OE": 76947.732,
            "EG.IMP.CONS.ZS": -150.43967767627,
            "EG.USE.COMM.FO.ZS": 90.2446494459382,
            "EG.GDP.PUSE.KO.PP.KD": 4.11183790622536,
            "EG.USE.CRNW.ZS": 1.2440626580131,
            "id": 862
        },
        {
            "EP.PMP.SGAS.CD": 0.88,
            "EG.USE.COMM.CL.ZS": 4.00014600625781,
            "EG.EGY.PROD.KT.OE": 65874.48,
            "EG.USE.PCAP.KG.OE": 681.374728653812,
            "EP.PMP.DESL.CD": 0.77,
            "EG.USE.COMM.KT.OE": 59230.338,
            "EG.IMP.CONS.ZS": -11.2174642663697,
            "EG.USE.COMM.FO.ZS": 70.4949463567133,
            "EG.GDP.PUSE.KO.PP.KD": 4.21951743894918,
            "EG.USE.CRNW.ZS": 24.8307446768242,
            "id": 704
        },
        {
            "EP.PMP.SGAS.CD": 1.71,
            "id": 275,
            "EP.PMP.DESL.CD": 1.54
        },
        {
            "EP.PMP.SGAS.CD": 0.35,
            "EG.USE.COMM.CL.ZS": 0.0,
            "EG.EGY.PROD.KT.OE": 19769.082,
            "EG.USE.PCAP.KG.OE": 297.891313980734,
            "EP.PMP.DESL.CD": 0.23,
            "EG.USE.COMM.KT.OE": 7165.035,
            "EG.IMP.CONS.ZS": -175.910473570611,
            "EG.USE.COMM.FO.ZS": 98.5351920821043,
            "EG.GDP.PUSE.KO.PP.KD": 7.96593059254613,
            "EG.USE.CRNW.ZS": 1.46479396122978,
            "id": 887
        },
        {
            "EP.PMP.SGAS.CD": 1.66,
            "EG.USE.COMM.CL.ZS": 11.9463254634897,
            "EG.EGY.PROD.KT.OE": 7482.144,
            "EG.USE.PCAP.KG.OE": 627.806376852226,
            "EP.PMP.DESL.CD": 1.52,
            "EG.USE.COMM.KT.OE": 8115.282,
            "EG.IMP.CONS.ZS": 7.80179912417091,
            "EG.USE.COMM.FO.ZS": 8.40781626565781,
            "EG.GDP.PUSE.KO.PP.KD": 2.23202578897677,
            "EG.USE.CRNW.ZS": 80.2446051782304,
            "id": 894
        },
        {
            "EP.PMP.SGAS.CD": 1.29,
            "EG.USE.COMM.CL.ZS": 3.638860881954,
            "EG.EGY.PROD.KT.OE": 8597.862,
            "EG.USE.PCAP.KG.OE": 764.013772790323,
            "EP.PMP.DESL.CD": 1.15,
            "EG.USE.COMM.KT.OE": 9604.764,
            "EG.IMP.CONS.ZS": 10.4833601325342,
            "EG.USE.COMM.FO.ZS": 26.4507384044002,
            "EG.USE.CRNW.ZS": 65.1809456224016,
            "id": 716
        }
    ],
    "id": "energy-and-mining",
    "metadata": [
        {
            "Data_Item": "id",
            "Item_Description": "ISO 3166-1 numeric country code"
        },
        {
            "Data_Item": "EG.USE.COMM.CL.ZS",
            "Item_Description": "Alternative and nuclear energy (% of total energy use)"
        },
        {
            "Data_Item": "EG.USE.CRNW.ZS",
            "Item_Description": "Combustible renewables and waste (% of total energy)"
        },
        {
            "Data_Item": "EG.IMP.CONS.ZS",
            "Item_Description": "Energy imports, net (% of energy use)"
        },
        {
            "Data_Item": "EG.EGY.PROD.KT.OE",
            "Item_Description": "Energy production (kt of oil equivalent)"
        },
        {
            "Data_Item": "EG.USE.PCAP.KG.OE",
            "Item_Description": "Energy use (kg of oil equivalent per capita)"
        },
        {
            "Data_Item": "EG.USE.COMM.KT.OE",
            "Item_Description": "Energy use (kt of oil equivalent)"
        },
        {
            "Data_Item": "EG.USE.COMM.FO.ZS",
            "Item_Description": "Fossil fuel energy consumption (% of total)"
        },
        {
            "Data_Item": "EG.GDP.PUSE.KO.PP.KD",
            "Item_Description": "GDP per unit of energy use (constant 2005 PPP $ per kg of oil equivalent)"
        },
        {
            "Data_Item": "EP.PMP.DESL.CD",
            "Item_Description": "Pump price for diesel fuel (US$ per liter)"
        },
        {
            "Data_Item": "EP.PMP.SGAS.CD",
            "Item_Description": "Pump price for gasoline (US$ per liter)"
        }
    ]
}