{
    "sourceUrl": "http://data.worldbank.org/data-catalog/world-development-indicators",
    "name": "World Development Indicators (2012) - Poverty",
    "nodeIdSource": "id",
    "data": [
        {
            "SI.DST.05TH.20": 37.48,
            "SI.POV.URHC": 29.0,
            "SI.DST.10TH.10": 23.21,
            "SI.POV.NAGP": 7.9,
            "SI.POV.RUHC": 37.5,
            "SI.POV.NAHC": 36.0,
            "SI.DST.02ND.20": 13.61,
            "SI.DST.FRST.20": 9.4,
            "SI.POV.RUGP": 8.3,
            "SI.DST.03RD.20": 17.37,
            "SI.DST.FRST.10": 4.08,
            "SI.DST.04TH.20": 22.14,
            "id": 4,
            "SI.POV.URGP": 6.2
        },
        {
            "SI.DST.05TH.20": 43.02,
            "SI.POV.URHC": 10.1,
            "SI.DST.10TH.10": 28.99,
            "SI.POV.NAGP": 2.3,
            "SI.POV.RUHC": 14.6,
            "SI.POV.NAHC": 12.4,
            "SI.POV.2DAY": 4.25,
            "SI.POV.GAPS": 0.19,
            "SI.DST.02ND.20": 12.05,
            "SI.DST.FRST.20": 8.14,
            "SI.POV.RUGP": 2.6,
            "SI.POV.DDAY": 0.62,
            "SI.DST.03RD.20": 15.85,
            "SI.DST.FRST.10": 3.53,
            "SI.DST.04TH.20": 20.94,
            "SI.POV.GAP2": 0.85,
            "id": 8,
            "SI.POV.URGP": 1.9
        },
        {
            "SI.DST.05TH.20": 42.62,
            "SI.DST.10TH.10": 26.89,
            "SI.POV.DDAY": 6.79,
            "SI.POV.GAPS": 1.36,
            "SI.DST.02ND.20": 11.55,
            "SI.DST.FRST.20": 6.97,
            "SI.DST.03RD.20": 16.23,
            "SI.DST.FRST.10": 2.87,
            "SI.DST.04TH.20": 22.63,
            "SI.POV.GAP2": 6.45,
            "id": 12,
            "SI.POV.2DAY": 23.61
        },
        {
            "SI.DST.05TH.20": 61.86,
            "SI.POV.URHC": 62.3,
            "SI.DST.10TH.10": 44.74,
            "SI.POV.DDAY": 54.31,
            "SI.POV.GAPS": 29.94,
            "SI.DST.02ND.20": 5.66,
            "SI.DST.FRST.20": 2.0,
            "SI.DST.03RD.20": 10.79,
            "SI.DST.FRST.10": 0.6,
            "SI.DST.04TH.20": 19.69,
            "SI.POV.GAP2": 42.35,
            "id": 24,
            "SI.POV.2DAY": 70.21
        },
        {
            "SI.DST.05TH.20": 49.36,
            "SI.POV.URHC": 6.5,
            "SI.DST.10TH.10": 32.3,
            "SI.POV.DDAY": 0.92,
            "SI.POV.GAPS": 0.65,
            "SI.DST.02ND.20": 9.31,
            "SI.DST.FRST.20": 4.38,
            "SI.DST.03RD.20": 14.78,
            "SI.DST.FRST.10": 1.46,
            "SI.DST.04TH.20": 22.17,
            "SI.POV.GAP2": 0.92,
            "id": 32,
            "SI.POV.2DAY": 1.87
        },
        {
            "SI.DST.05TH.20": 39.8,
            "SI.POV.URHC": 36.0,
            "SI.DST.10TH.10": 25.4,
            "SI.POV.NAGP": 7.8,
            "SI.POV.RUHC": 36.0,
            "SI.POV.NAHC": 35.8,
            "SI.POV.2DAY": 12.43,
            "SI.POV.GAPS": 0.25,
            "SI.DST.02ND.20": 12.81,
            "SI.DST.FRST.20": 8.78,
            "SI.POV.RUGP": 7.3,
            "SI.POV.DDAY": 1.28,
            "SI.DST.03RD.20": 16.68,
            "SI.DST.FRST.10": 3.74,
            "SI.DST.04TH.20": 21.93,
            "SI.POV.GAP2": 2.27,
            "id": 51,
            "SI.POV.URGP": 8.0
        },
        {
            "SI.DST.05TH.20": 41.32,
            "SI.DST.10TH.10": 25.4,
            "SI.DST.02ND.20": 12.01,
            "SI.DST.FRST.20": 5.9,
            "SI.DST.03RD.20": 17.2,
            "SI.DST.FRST.10": 2.03,
            "SI.DST.04TH.20": 23.57,
            "id": 36
        },
        {
            "SI.DST.05TH.20": 37.79,
            "SI.DST.10TH.10": 23.05,
            "SI.DST.02ND.20": 13.33,
            "SI.DST.FRST.20": 8.56,
            "SI.DST.03RD.20": 17.44,
            "SI.DST.FRST.10": 3.34,
            "SI.DST.04TH.20": 22.88,
            "id": 40
        },
        {
            "SI.DST.05TH.20": 42.08,
            "SI.POV.URHC": 14.8,
            "SI.DST.10TH.10": 27.37,
            "SI.POV.NAGP": 2.0,
            "SI.POV.RUHC": 18.5,
            "SI.POV.NAHC": 15.8,
            "SI.POV.GAPS": 0.14,
            "SI.DST.02ND.20": 12.09,
            "SI.DST.FRST.20": 7.99,
            "SI.POV.DDAY": 0.43,
            "SI.DST.03RD.20": 16.16,
            "SI.DST.FRST.10": 3.43,
            "SI.DST.04TH.20": 21.68,
            "SI.POV.GAP2": 0.57,
            "id": 31,
            "SI.POV.2DAY": 2.81
        },
        {
            "id": 44,
            "SI.POV.NAHC": 9.3
        },
        {
            "SI.DST.05TH.20": 41.41,
            "SI.POV.URHC": 21.28,
            "SI.DST.10TH.10": 27.03,
            "SI.POV.NAGP": 6.54,
            "SI.POV.RUHC": 35.16,
            "SI.POV.NAHC": 31.51,
            "SI.POV.2DAY": 76.54,
            "SI.POV.GAPS": 11.17,
            "SI.DST.02ND.20": 12.37,
            "SI.DST.FRST.20": 8.88,
            "SI.POV.RUGP": 7.35,
            "SI.POV.DDAY": 43.25,
            "SI.DST.03RD.20": 16.07,
            "SI.DST.FRST.10": 3.99,
            "SI.DST.04TH.20": 21.27,
            "SI.POV.GAP2": 30.35,
            "id": 50,
            "SI.POV.URGP": 4.28
        },
        {
            "SI.DST.05TH.20": 36.35,
            "SI.DST.10TH.10": 21.9,
            "SI.POV.DDAY": 0.1,
            "SI.POV.NAHC": 5.4,
            "SI.POV.GAPS": 0.1,
            "SI.DST.02ND.20": 13.77,
            "SI.DST.FRST.20": 9.17,
            "SI.DST.03RD.20": 17.82,
            "SI.DST.FRST.10": 3.8,
            "SI.DST.04TH.20": 22.89,
            "SI.POV.GAP2": 0.12,
            "id": 112,
            "SI.POV.2DAY": 0.19
        },
        {
            "SI.DST.05TH.20": 41.38,
            "SI.DST.10TH.10": 28.06,
            "SI.DST.02ND.20": 12.98,
            "SI.DST.FRST.20": 8.5,
            "SI.DST.03RD.20": 16.31,
            "SI.DST.FRST.10": 3.42,
            "SI.DST.04TH.20": 20.83,
            "id": 56
        },
        {
            "SI.DST.05TH.20": 57.52,
            "SI.POV.URHC": 23.7,
            "SI.DST.10TH.10": 42.2,
            "SI.POV.DDAY": 12.21,
            "SI.POV.RUHC": 44.2,
            "SI.POV.NAHC": 33.5,
            "SI.POV.GAPS": 5.52,
            "SI.DST.02ND.20": 8.59,
            "SI.DST.FRST.20": 3.27,
            "SI.DST.03RD.20": 11.24,
            "SI.DST.FRST.10": 0.94,
            "SI.DST.04TH.20": 19.38,
            "SI.POV.GAP2": 9.89,
            "id": 84,
            "SI.POV.2DAY": 22.0
        },
        {
            "SI.DST.05TH.20": 46.11,
            "SI.POV.URHC": 28.3,
            "SI.DST.10TH.10": 31.24,
            "SI.POV.NAGP": 9.5,
            "SI.POV.RUHC": 36.1,
            "SI.POV.NAHC": 33.3,
            "SI.POV.2DAY": 75.32,
            "SI.POV.GAPS": 15.73,
            "SI.DST.02ND.20": 10.84,
            "SI.DST.FRST.20": 6.99,
            "SI.POV.RUGP": 10.1,
            "SI.POV.DDAY": 47.33,
            "SI.DST.03RD.20": 15.03,
            "SI.DST.FRST.10": 3.0,
            "SI.DST.04TH.20": 21.03,
            "SI.POV.GAP2": 33.5,
            "id": 204,
            "SI.POV.URGP": 8.5
        },
        {
            "SI.DST.05TH.20": 45.15,
            "SI.POV.URHC": 1.7,
            "SI.DST.10TH.10": 29.36,
            "SI.POV.NAGP": 6.1,
            "SI.POV.RUHC": 30.9,
            "SI.POV.NAHC": 23.2,
            "SI.POV.2DAY": 29.76,
            "SI.POV.GAPS": 1.81,
            "SI.DST.02ND.20": 10.79,
            "SI.DST.FRST.20": 6.64,
            "SI.POV.RUGP": 8.1,
            "SI.POV.DDAY": 10.22,
            "SI.DST.03RD.20": 15.38,
            "SI.DST.FRST.10": 2.8,
            "SI.DST.04TH.20": 22.04,
            "SI.POV.GAP2": 8.53,
            "id": 64,
            "SI.POV.URGP": 0.4
        },
        {
            "SI.DST.05TH.20": 59.31,
            "SI.POV.URHC": 43.5,
            "SI.DST.10TH.10": 43.28,
            "SI.POV.NAGP": 24.59632,
            "SI.POV.RUHC": 66.4,
            "SI.POV.NAHC": 51.3,
            "SI.POV.2DAY": 24.89,
            "SI.POV.GAPS": 8.64,
            "SI.DST.02ND.20": 6.8,
            "SI.DST.FRST.20": 2.13,
            "SI.POV.RUGP": 39.33736,
            "SI.POV.DDAY": 15.61,
            "SI.DST.03RD.20": 11.91,
            "SI.DST.FRST.10": 0.45,
            "SI.DST.04TH.20": 19.85,
            "SI.POV.GAP2": 13.05,
            "id": 68,
            "SI.POV.URGP": 17.02839
        },
        {
            "SI.DST.05TH.20": 43.18,
            "SI.POV.URHC": 8.2,
            "SI.DST.10TH.10": 27.25,
            "SI.POV.DDAY": 0.04,
            "SI.POV.RUHC": 17.8,
            "SI.POV.NAHC": 14.0,
            "SI.POV.GAPS": 0.02,
            "SI.DST.02ND.20": 11.31,
            "SI.DST.FRST.20": 6.65,
            "SI.DST.03RD.20": 16.12,
            "SI.DST.FRST.10": 2.71,
            "SI.DST.04TH.20": 22.74,
            "SI.POV.GAP2": 0.05,
            "id": 70,
            "SI.POV.2DAY": 0.19
        },
        {
            "SI.DST.05TH.20": 65.0,
            "SI.POV.URHC": 19.4,
            "SI.DST.10TH.10": 51.19,
            "SI.POV.NAGP": 11.7,
            "SI.POV.RUHC": 44.8,
            "SI.POV.NAHC": 30.6,
            "SI.POV.2DAY": 49.4,
            "SI.POV.GAPS": 11.04,
            "SI.DST.02ND.20": 5.81,
            "SI.DST.FRST.20": 3.13,
            "SI.POV.RUGP": 18.4,
            "SI.POV.DDAY": 31.23,
            "SI.DST.03RD.20": 9.64,
            "SI.DST.FRST.10": 1.28,
            "SI.DST.04TH.20": 16.42,
            "SI.POV.GAP2": 22.29,
            "id": 72,
            "SI.POV.URGP": 6.5
        },
        {
            "SI.DST.05TH.20": 58.57,
            "SI.DST.10TH.10": 42.93,
            "SI.POV.DDAY": 6.14,
            "SI.POV.NAHC": 21.4,
            "SI.POV.GAPS": 3.62,
            "SI.DST.02ND.20": 7.13,
            "SI.DST.FRST.20": 2.85,
            "SI.DST.03RD.20": 12.41,
            "SI.DST.FRST.10": 0.77,
            "SI.DST.04TH.20": 19.04,
            "SI.POV.GAP2": 5.4,
            "id": 76,
            "SI.POV.2DAY": 10.82
        },
        {
            "SI.DST.05TH.20": 36.74,
            "SI.DST.10TH.10": 22.17,
            "SI.POV.NAGP": 3.0,
            "SI.POV.NAHC": 10.6,
            "SI.POV.GAPS": 0.0,
            "SI.DST.02ND.20": 13.74,
            "SI.DST.FRST.20": 8.5,
            "SI.POV.DDAY": 0.0,
            "SI.DST.03RD.20": 17.94,
            "SI.DST.FRST.10": 3.28,
            "SI.DST.04TH.20": 23.08,
            "SI.POV.GAP2": 0.01,
            "id": 100,
            "SI.POV.2DAY": 0.41
        },
        {
            "SI.DST.05TH.20": 47.04,
            "SI.POV.URHC": 27.9,
            "SI.DST.10TH.10": 32.16,
            "SI.POV.NAGP": 15.1,
            "SI.POV.RUHC": 52.6,
            "SI.POV.NAHC": 46.7,
            "SI.POV.2DAY": 72.56,
            "SI.POV.GAPS": 14.66,
            "SI.DST.02ND.20": 10.58,
            "SI.DST.FRST.20": 6.72,
            "SI.POV.RUGP": 17.4,
            "SI.POV.DDAY": 44.6,
            "SI.DST.03RD.20": 14.79,
            "SI.DST.FRST.10": 2.87,
            "SI.DST.04TH.20": 20.87,
            "SI.POV.GAP2": 31.73,
            "id": 854,
            "SI.POV.URGP": 7.8
        },
        {
            "SI.DST.05TH.20": 42.75,
            "SI.POV.URHC": 34.0,
            "SI.DST.10TH.10": 28.04,
            "SI.POV.NAGP": 23.4,
            "SI.POV.RUHC": 68.9,
            "SI.POV.NAHC": 66.9,
            "SI.POV.2DAY": 93.45,
            "SI.POV.GAPS": 36.39,
            "SI.DST.02ND.20": 11.86,
            "SI.DST.FRST.20": 8.96,
            "SI.POV.RUGP": 24.2,
            "SI.POV.DDAY": 81.32,
            "SI.DST.03RD.20": 15.43,
            "SI.DST.FRST.10": 4.14,
            "SI.DST.04TH.20": 21.0,
            "SI.POV.GAP2": 56.06,
            "id": 108,
            "SI.POV.URGP": 10.3
        },
        {
            "SI.DST.05TH.20": 45.92,
            "SI.POV.URHC": 11.8,
            "SI.DST.10TH.10": 31.36,
            "SI.POV.NAGP": 7.2,
            "SI.POV.RUHC": 34.5,
            "SI.POV.NAHC": 30.1,
            "SI.POV.2DAY": 53.27,
            "SI.POV.GAPS": 4.87,
            "SI.DST.02ND.20": 11.0,
            "SI.DST.FRST.20": 7.54,
            "SI.POV.RUGP": 8.3,
            "SI.POV.DDAY": 22.75,
            "SI.DST.03RD.20": 14.9,
            "SI.DST.FRST.10": 3.34,
            "SI.DST.04TH.20": 20.64,
            "SI.POV.GAP2": 17.41,
            "id": 116,
            "SI.POV.URGP": 2.8
        },
        {
            "SI.DST.05TH.20": 46.17,
            "SI.POV.URHC": 12.2,
            "SI.DST.10TH.10": 30.36,
            "SI.POV.NAGP": 12.3,
            "SI.POV.RUHC": 55.0,
            "SI.POV.NAHC": 39.9,
            "SI.POV.2DAY": 30.36,
            "SI.POV.GAPS": 1.2,
            "SI.DST.02ND.20": 10.49,
            "SI.DST.FRST.20": 6.73,
            "SI.POV.RUGP": 17.5,
            "SI.POV.DDAY": 9.56,
            "SI.DST.03RD.20": 14.94,
            "SI.DST.FRST.10": 2.91,
            "SI.DST.04TH.20": 21.67,
            "SI.POV.GAP2": 8.21,
            "id": 120,
            "SI.POV.URGP": 2.8
        },
        {
            "SI.DST.05TH.20": 39.94,
            "SI.DST.10TH.10": 24.79,
            "SI.DST.02ND.20": 12.73,
            "SI.DST.FRST.20": 7.2,
            "SI.DST.03RD.20": 17.18,
            "SI.DST.FRST.10": 2.63,
            "SI.DST.04TH.20": 22.95,
            "id": 124
        },
        {
            "SI.DST.05TH.20": 55.9,
            "SI.POV.URHC": 13.2,
            "SI.DST.10TH.10": 40.64,
            "SI.POV.NAGP": 8.1,
            "SI.POV.RUHC": 44.3,
            "SI.POV.NAHC": 26.6,
            "SI.POV.2DAY": 40.85,
            "SI.POV.GAPS": 6.05,
            "SI.DST.02ND.20": 7.91,
            "SI.DST.FRST.20": 4.54,
            "SI.POV.RUGP": 14.3,
            "SI.POV.DDAY": 21.02,
            "SI.DST.03RD.20": 12.27,
            "SI.DST.FRST.10": 1.88,
            "SI.DST.04TH.20": 19.38,
            "SI.POV.GAP2": 15.19,
            "id": 132,
            "SI.POV.URGP": 3.3
        },
        {
            "SI.DST.05TH.20": 60.6,
            "SI.POV.URHC": 49.6,
            "SI.DST.10TH.10": 46.13,
            "SI.POV.NAGP": 33.1,
            "SI.POV.RUHC": 69.4,
            "SI.POV.NAHC": 62.0,
            "SI.POV.2DAY": 80.09,
            "SI.POV.GAPS": 31.26,
            "SI.DST.02ND.20": 6.87,
            "SI.DST.FRST.20": 3.37,
            "SI.POV.RUGP": 35.0,
            "SI.POV.DDAY": 62.83,
            "SI.DST.03RD.20": 11.12,
            "SI.DST.FRST.10": 1.22,
            "SI.DST.04TH.20": 18.04,
            "SI.POV.GAP2": 46.78,
            "id": 140,
            "SI.POV.URGP": 29.8
        },
        {
            "SI.DST.05TH.20": 46.56,
            "SI.POV.URHC": 24.6,
            "SI.DST.10TH.10": 30.79,
            "SI.POV.NAGP": 21.6,
            "SI.POV.RUHC": 58.6,
            "SI.POV.NAHC": 55.0,
            "SI.POV.2DAY": 83.28,
            "SI.POV.GAPS": 25.64,
            "SI.DST.02ND.20": 10.4,
            "SI.DST.FRST.20": 6.26,
            "SI.POV.RUGP": 23.3,
            "SI.POV.DDAY": 61.94,
            "SI.DST.03RD.20": 15.03,
            "SI.DST.FRST.10": 2.61,
            "SI.DST.04TH.20": 21.75,
            "SI.POV.GAP2": 43.92,
            "id": 148,
            "SI.POV.URGP": 7.4
        },
        {
            "SI.DST.05TH.20": 57.7,
            "SI.POV.URHC": 15.5,
            "SI.DST.10TH.10": 42.77,
            "SI.POV.DDAY": 1.35,
            "SI.POV.RUHC": 12.9,
            "SI.POV.NAHC": 15.1,
            "SI.POV.GAPS": 0.69,
            "SI.DST.02ND.20": 7.94,
            "SI.DST.FRST.20": 4.26,
            "SI.DST.03RD.20": 11.74,
            "SI.DST.FRST.10": 1.53,
            "SI.DST.04TH.20": 18.36,
            "SI.POV.GAP2": 1.16,
            "id": 152,
            "SI.POV.2DAY": 2.72
        },
        {
            "SI.DST.05TH.20": 47.93,
            "SI.POV.URHC": 2.0,
            "SI.DST.10TH.10": 31.97,
            "SI.POV.DDAY": 13.06,
            "SI.POV.RUHC": 2.5,
            "SI.POV.NAHC": 2.8,
            "SI.POV.GAPS": 3.24,
            "SI.DST.02ND.20": 9.85,
            "SI.DST.FRST.20": 4.99,
            "SI.DST.03RD.20": 14.99,
            "SI.DST.FRST.10": 1.79,
            "SI.DST.04TH.20": 22.24,
            "SI.POV.GAP2": 10.06,
            "id": 156,
            "SI.POV.2DAY": 29.79
        },
        {
            "SI.DST.05TH.20": 60.15,
            "SI.POV.URHC": 30.3,
            "SI.DST.10TH.10": 44.43,
            "SI.POV.DDAY": 8.16,
            "SI.POV.RUHC": 46.1,
            "SI.POV.NAHC": 34.1,
            "SI.POV.GAPS": 3.78,
            "SI.DST.02ND.20": 6.83,
            "SI.DST.FRST.20": 3.0,
            "SI.DST.03RD.20": 11.23,
            "SI.DST.FRST.10": 0.87,
            "SI.DST.04TH.20": 18.79,
            "SI.POV.GAP2": 6.79,
            "id": 170,
            "SI.POV.2DAY": 15.82
        },
        {
            "SI.DST.05TH.20": 68.02,
            "SI.POV.URHC": 34.5,
            "SI.DST.10TH.10": 55.19,
            "SI.POV.NAGP": 16.3,
            "SI.POV.RUHC": 48.7,
            "SI.POV.NAHC": 44.8,
            "SI.POV.2DAY": 64.98,
            "SI.POV.GAPS": 20.82,
            "SI.DST.02ND.20": 5.35,
            "SI.DST.FRST.20": 2.55,
            "SI.POV.RUGP": 17.8,
            "SI.POV.DDAY": 46.11,
            "SI.DST.03RD.20": 8.94,
            "SI.DST.FRST.10": 0.91,
            "SI.DST.04TH.20": 15.14,
            "SI.POV.GAP2": 34.18,
            "id": 174,
            "SI.POV.URGP": 12.1
        },
        {
            "SI.DST.05TH.20": 50.6,
            "SI.POV.URHC": 61.5,
            "SI.DST.10TH.10": 34.69,
            "SI.POV.NAGP": 32.2,
            "SI.POV.RUHC": 75.7,
            "SI.POV.NAHC": 71.3,
            "SI.POV.2DAY": 95.15,
            "SI.POV.GAPS": 52.76,
            "SI.DST.02ND.20": 9.2,
            "SI.DST.FRST.20": 5.47,
            "SI.POV.RUGP": 34.9,
            "SI.POV.DDAY": 87.72,
            "SI.DST.03RD.20": 13.79,
            "SI.DST.FRST.10": 2.29,
            "SI.DST.04TH.20": 20.94,
            "SI.POV.GAP2": 67.58,
            "id": 180,
            "SI.POV.URGP": 26.2
        },
        {
            "SI.DST.05TH.20": 53.14,
            "SI.DST.10TH.10": 37.05,
            "SI.POV.NAGP": 18.9,
            "SI.POV.RUHC": 74.8,
            "SI.POV.NAHC": 46.5,
            "SI.POV.GAPS": 22.82,
            "SI.DST.02ND.20": 8.44,
            "SI.DST.FRST.20": 4.96,
            "SI.POV.RUGP": 20.6,
            "SI.POV.DDAY": 54.1,
            "SI.DST.03RD.20": 13.01,
            "SI.DST.FRST.10": 2.08,
            "SI.DST.04TH.20": 20.45,
            "SI.POV.GAP2": 38.82,
            "id": 178,
            "SI.POV.2DAY": 74.4
        },
        {
            "SI.DST.05TH.20": 55.87,
            "SI.POV.URHC": 22.0,
            "SI.DST.10TH.10": 39.5,
            "SI.POV.DDAY": 3.12,
            "SI.POV.RUHC": 29.3,
            "SI.POV.NAHC": 24.8,
            "SI.POV.GAPS": 1.79,
            "SI.DST.02ND.20": 8.0,
            "SI.DST.FRST.20": 3.85,
            "SI.DST.03RD.20": 12.41,
            "SI.DST.FRST.10": 1.23,
            "SI.DST.04TH.20": 19.87,
            "SI.POV.GAP2": 2.73,
            "id": 188,
            "SI.POV.2DAY": 5.97
        },
        {
            "SI.DST.05TH.20": 47.63,
            "SI.POV.URHC": 29.4,
            "SI.DST.10TH.10": 31.75,
            "SI.POV.NAGP": 15.3,
            "SI.POV.RUHC": 54.2,
            "SI.POV.NAHC": 42.7,
            "SI.POV.2DAY": 46.34,
            "SI.POV.GAPS": 7.5,
            "SI.DST.02ND.20": 10.07,
            "SI.DST.FRST.20": 5.6,
            "SI.POV.RUGP": 20.3,
            "SI.POV.DDAY": 23.75,
            "SI.DST.03RD.20": 14.9,
            "SI.DST.FRST.10": 2.23,
            "SI.DST.04TH.20": 21.8,
            "SI.POV.GAP2": 17.79,
            "id": 384,
            "SI.POV.URGP": 9.5
        },
        {
            "SI.DST.05TH.20": 41.96,
            "SI.DST.10TH.10": 27.48,
            "SI.POV.NAGP": 2.6,
            "SI.POV.NAHC": 11.1,
            "SI.POV.GAPS": 0.09,
            "SI.DST.02ND.20": 12.21,
            "SI.DST.FRST.20": 8.05,
            "SI.POV.DDAY": 0.06,
            "SI.DST.03RD.20": 16.16,
            "SI.DST.FRST.10": 3.33,
            "SI.DST.04TH.20": 21.62,
            "SI.POV.GAP2": 0.09,
            "id": 191,
            "SI.POV.2DAY": 0.09
        },
        {
            "SI.DST.05TH.20": 36.24,
            "SI.DST.10TH.10": 22.69,
            "SI.POV.DDAY": 0.13,
            "SI.POV.GAPS": 0.23,
            "SI.DST.02ND.20": 14.33,
            "SI.DST.FRST.20": 10.22,
            "SI.DST.03RD.20": 17.53,
            "SI.DST.FRST.10": 4.32,
            "SI.DST.04TH.20": 21.68,
            "SI.POV.GAP2": 0.2,
            "id": 203,
            "SI.POV.2DAY": 0.19
        },
        {
            "SI.DST.05TH.20": 35.8,
            "SI.DST.10TH.10": 21.28,
            "SI.DST.02ND.20": 14.74,
            "SI.DST.FRST.20": 8.34,
            "SI.DST.03RD.20": 18.2,
            "SI.DST.FRST.10": 2.62,
            "SI.DST.04TH.20": 22.92,
            "id": 208
        },
        {
            "SI.DST.05TH.20": 46.47,
            "SI.DST.10TH.10": 30.91,
            "SI.POV.DDAY": 18.84,
            "SI.POV.GAPS": 5.29,
            "SI.DST.02ND.20": 10.51,
            "SI.DST.FRST.20": 6.03,
            "SI.DST.03RD.20": 15.21,
            "SI.DST.FRST.10": 2.42,
            "SI.DST.04TH.20": 21.78,
            "SI.POV.GAP2": 14.58,
            "id": 262,
            "SI.POV.2DAY": 41.2
        },
        {
            "SI.DST.05TH.20": 52.78,
            "SI.POV.URHC": 36.5389,
            "SI.DST.10TH.10": 36.41,
            "SI.POV.DDAY": 2.24,
            "SI.POV.RUHC": 48.43985,
            "SI.POV.NAHC": 40.42787,
            "SI.POV.GAPS": 0.52,
            "SI.DST.02ND.20": 8.59,
            "SI.DST.FRST.20": 4.67,
            "SI.DST.03RD.20": 13.15,
            "SI.DST.FRST.10": 1.81,
            "SI.DST.04TH.20": 20.81,
            "SI.POV.GAP2": 2.39,
            "id": 214,
            "SI.POV.2DAY": 9.88
        },
        {
            "SI.DST.05TH.20": 53.79,
            "SI.POV.URHC": 17.4,
            "SI.DST.10TH.10": 38.32,
            "SI.POV.DDAY": 4.61,
            "SI.POV.RUHC": 50.9,
            "SI.POV.NAHC": 28.6,
            "SI.POV.GAPS": 2.1,
            "SI.DST.02ND.20": 8.23,
            "SI.DST.FRST.20": 4.29,
            "SI.DST.03RD.20": 12.98,
            "SI.DST.FRST.10": 1.35,
            "SI.DST.04TH.20": 20.71,
            "SI.POV.GAP2": 4.08,
            "id": 218,
            "SI.POV.2DAY": 10.59
        },
        {
            "SI.DST.05TH.20": 40.34,
            "SI.POV.URHC": 10.6,
            "SI.DST.10TH.10": 26.58,
            "SI.POV.NAGP": 3.6,
            "SI.POV.RUHC": 30.0,
            "SI.POV.NAHC": 22.0,
            "SI.POV.GAPS": 0.38,
            "SI.DST.02ND.20": 13.02,
            "SI.DST.FRST.20": 9.24,
            "SI.POV.DDAY": 1.69,
            "SI.DST.03RD.20": 16.37,
            "SI.DST.FRST.10": 3.96,
            "SI.DST.04TH.20": 21.03,
            "SI.POV.GAP2": 2.84,
            "id": 818,
            "SI.POV.2DAY": 15.43
        },
        {
            "SI.DST.05TH.20": 53.09,
            "SI.POV.URHC": 33.3,
            "SI.DST.10TH.10": 37.0,
            "SI.POV.DDAY": 8.97,
            "SI.POV.RUHC": 46.5,
            "SI.POV.NAHC": 42.5,
            "SI.POV.GAPS": 4.44,
            "SI.DST.02ND.20": 8.83,
            "SI.DST.FRST.20": 3.71,
            "SI.DST.03RD.20": 13.7,
            "SI.DST.FRST.10": 1.03,
            "SI.DST.04TH.20": 20.67,
            "SI.POV.GAP2": 7.6,
            "id": 222,
            "SI.POV.2DAY": 16.94
        },
        {
            "SI.POV.URHC": 31.5,
            "SI.POV.RUGP": 49.8,
            "SI.POV.NAHC": 76.8,
            "SI.POV.RUHC": 79.9,
            "SI.POV.NAGP": 45.3,
            "id": 226,
            "SI.POV.URGP": 67.0
        },
        {
            "SI.POV.URHC": 62.0,
            "id": 232,
            "SI.POV.NAHC": 69.0
        },
        {
            "SI.DST.05TH.20": 43.18,
            "SI.DST.10TH.10": 27.97,
            "SI.POV.DDAY": 0.46,
            "SI.POV.GAPS": 0.23,
            "SI.DST.02ND.20": 11.64,
            "SI.DST.FRST.20": 6.8,
            "SI.DST.03RD.20": 16.2,
            "SI.DST.FRST.10": 2.71,
            "SI.DST.04TH.20": 22.18,
            "SI.POV.GAP2": 0.48,
            "id": 233,
            "SI.POV.2DAY": 1.54
        },
        {
            "SI.DST.05TH.20": 39.41,
            "SI.POV.URHC": 25.7,
            "SI.DST.10TH.10": 25.63,
            "SI.POV.NAGP": 7.8,
            "SI.POV.RUHC": 30.4,
            "SI.POV.NAHC": 29.6,
            "SI.POV.2DAY": 77.63,
            "SI.POV.GAPS": 9.6,
            "SI.DST.02ND.20": 13.22,
            "SI.DST.FRST.20": 9.26,
            "SI.POV.RUGP": 8.0,
            "SI.POV.DDAY": 38.96,
            "SI.DST.03RD.20": 16.78,
            "SI.DST.FRST.10": 4.05,
            "SI.DST.04TH.20": 21.33,
            "SI.POV.GAP2": 28.85,
            "id": 231,
            "SI.POV.URGP": 6.9
        },
        {
            "SI.DST.05TH.20": 49.59,
            "SI.POV.URHC": 18.6,
            "SI.DST.10TH.10": 34.87,
            "SI.POV.NAGP": 10.1,
            "SI.POV.RUHC": 43.3,
            "SI.POV.NAHC": 31.0,
            "SI.POV.2DAY": 22.9,
            "SI.POV.GAPS": 1.14,
            "SI.DST.02ND.20": 9.87,
            "SI.DST.FRST.20": 6.2,
            "SI.POV.RUGP": 14.8,
            "SI.POV.DDAY": 5.88,
            "SI.DST.03RD.20": 14.07,
            "SI.DST.FRST.10": 2.64,
            "SI.DST.04TH.20": 20.27,
            "SI.POV.GAP2": 5.98,
            "id": 242,
            "SI.POV.URGP": 5.4
        },
        {
            "SI.DST.05TH.20": 36.7,
            "SI.DST.10TH.10": 22.57,
            "SI.DST.02ND.20": 14.07,
            "SI.DST.FRST.20": 9.62,
            "SI.DST.03RD.20": 17.47,
            "SI.DST.FRST.10": 4.02,
            "SI.DST.04TH.20": 22.14,
            "id": 246
        },
        {
            "SI.DST.05TH.20": 40.21,
            "SI.DST.10TH.10": 25.09,
            "SI.DST.02ND.20": 12.62,
            "SI.DST.FRST.20": 7.18,
            "SI.DST.03RD.20": 17.19,
            "SI.DST.FRST.10": 2.75,
            "SI.DST.04TH.20": 22.8,
            "id": 249
        },
        {
            "SI.DST.05TH.20": 48.18,
            "SI.POV.URHC": 29.8,
            "SI.DST.10TH.10": 32.95,
            "SI.POV.NAGP": 10.0,
            "SI.POV.RUHC": 44.6,
            "SI.POV.NAHC": 32.7,
            "SI.POV.2DAY": 19.59,
            "SI.POV.GAPS": 0.9,
            "SI.DST.02ND.20": 10.12,
            "SI.DST.FRST.20": 6.16,
            "SI.POV.RUGP": 16.0,
            "SI.POV.DDAY": 4.84,
            "SI.DST.03RD.20": 14.54,
            "SI.DST.FRST.10": 2.58,
            "SI.DST.04TH.20": 21.0,
            "SI.POV.GAP2": 5.02,
            "id": 266,
            "SI.POV.URGP": 8.5
        },
        {
            "SI.DST.05TH.20": 52.84,
            "SI.POV.URHC": 32.7,
            "SI.DST.10TH.10": 36.94,
            "SI.POV.NAGP": 27.9,
            "SI.POV.RUHC": 73.9,
            "SI.POV.NAHC": 48.4,
            "SI.POV.GAPS": 11.69,
            "SI.DST.02ND.20": 8.56,
            "SI.DST.FRST.20": 4.79,
            "SI.POV.DDAY": 33.63,
            "SI.DST.03RD.20": 13.24,
            "SI.DST.FRST.10": 1.95,
            "SI.DST.04TH.20": 20.57,
            "SI.POV.GAP2": 24.38,
            "id": 270,
            "SI.POV.2DAY": 55.93
        },
        {
            "SI.DST.05TH.20": 47.15,
            "SI.POV.URHC": 18.4,
            "SI.DST.10TH.10": 31.31,
            "SI.POV.NAGP": 7.2,
            "SI.POV.RUHC": 30.7,
            "SI.POV.NAHC": 24.7,
            "SI.POV.2DAY": 32.21,
            "SI.POV.GAPS": 4.57,
            "SI.DST.02ND.20": 10.25,
            "SI.DST.FRST.20": 5.32,
            "SI.POV.RUGP": 9.2,
            "SI.POV.DDAY": 15.27,
            "SI.DST.03RD.20": 15.23,
            "SI.DST.FRST.10": 2.0,
            "SI.DST.04TH.20": 22.05,
            "SI.POV.GAP2": 11.73,
            "id": 268,
            "SI.POV.URGP": 5.3
        },
        {
            "SI.DST.05TH.20": 36.88,
            "SI.DST.10TH.10": 22.07,
            "SI.DST.02ND.20": 13.72,
            "SI.DST.FRST.20": 8.52,
            "SI.DST.03RD.20": 17.79,
            "SI.DST.FRST.10": 3.22,
            "SI.DST.04TH.20": 23.09,
            "id": 276
        },
        {
            "SI.DST.05TH.20": 48.55,
            "SI.POV.URHC": 10.8,
            "SI.DST.10TH.10": 32.75,
            "SI.POV.NAGP": 9.6,
            "SI.POV.RUHC": 39.2,
            "SI.POV.NAHC": 28.5,
            "SI.POV.2DAY": 51.84,
            "SI.POV.GAPS": 9.88,
            "SI.DST.02ND.20": 9.84,
            "SI.DST.FRST.20": 5.24,
            "SI.POV.RUGP": 13.5,
            "SI.POV.DDAY": 28.59,
            "SI.DST.03RD.20": 14.73,
            "SI.DST.FRST.10": 2.03,
            "SI.DST.04TH.20": 21.64,
            "SI.POV.GAP2": 21.32,
            "id": 288,
            "SI.POV.URGP": 3.1
        },
        {
            "SI.DST.05TH.20": 41.49,
            "SI.DST.10TH.10": 26.04,
            "SI.DST.02ND.20": 11.89,
            "SI.DST.FRST.20": 6.74,
            "SI.DST.03RD.20": 16.84,
            "SI.DST.FRST.10": 2.55,
            "SI.DST.04TH.20": 23.04,
            "id": 300
        },
        {
            "SI.DST.05TH.20": 60.26,
            "SI.POV.URHC": 35.0,
            "SI.DST.10TH.10": 44.92,
            "SI.POV.DDAY": 13.53,
            "SI.POV.RUHC": 71.4,
            "SI.POV.NAHC": 53.7,
            "SI.POV.GAPS": 4.72,
            "SI.DST.02ND.20": 6.85,
            "SI.DST.FRST.20": 3.08,
            "SI.DST.03RD.20": 11.35,
            "SI.DST.FRST.10": 1.06,
            "SI.DST.04TH.20": 18.46,
            "SI.POV.GAP2": 10.47,
            "id": 320,
            "SI.POV.2DAY": 26.33
        },
        {
            "SI.DST.05TH.20": 46.21,
            "SI.POV.URHC": 30.5,
            "SI.DST.10TH.10": 30.34,
            "SI.POV.NAGP": 17.6,
            "SI.POV.RUHC": 63.0,
            "SI.POV.NAHC": 53.0,
            "SI.POV.2DAY": 69.59,
            "SI.POV.GAPS": 14.96,
            "SI.DST.02ND.20": 10.46,
            "SI.DST.FRST.20": 6.35,
            "SI.POV.RUGP": 22.0,
            "SI.POV.DDAY": 43.34,
            "SI.DST.03RD.20": 15.1,
            "SI.DST.FRST.10": 2.66,
            "SI.DST.04TH.20": 21.88,
            "SI.POV.GAP2": 31.03,
            "id": 324,
            "SI.POV.URGP": 7.7
        },
        {
            "SI.DST.05TH.20": 43.21,
            "SI.POV.URHC": 35.4,
            "SI.DST.10TH.10": 28.13,
            "SI.POV.NAGP": 18.4,
            "SI.POV.RUHC": 64.7,
            "SI.POV.NAHC": 55.2,
            "SI.POV.2DAY": 77.96,
            "SI.POV.GAPS": 16.55,
            "SI.DST.02ND.20": 11.64,
            "SI.DST.FRST.20": 7.28,
            "SI.POV.RUGP": 22.6,
            "SI.POV.DDAY": 48.9,
            "SI.DST.03RD.20": 15.99,
            "SI.DST.FRST.10": 3.05,
            "SI.DST.04TH.20": 21.88,
            "SI.POV.GAP2": 34.88,
            "id": 624,
            "SI.POV.URGP": 9.6
        },
        {
            "SI.DST.05TH.20": 49.5,
            "SI.DST.10TH.10": 33.97,
            "SI.POV.DDAY": 8.7,
            "SI.POV.GAPS": 2.77,
            "SI.DST.02ND.20": 9.78,
            "SI.DST.FRST.20": 4.47,
            "SI.DST.03RD.20": 14.69,
            "SI.DST.FRST.10": 1.33,
            "SI.DST.04TH.20": 21.56,
            "SI.POV.GAP2": 6.71,
            "id": 328,
            "SI.POV.2DAY": 18.02
        },
        {
            "SI.DST.05TH.20": 63.37,
            "SI.POV.URHC": 45.0,
            "SI.DST.10TH.10": 47.67,
            "SI.POV.DDAY": 61.71,
            "SI.POV.RUHC": 88.0,
            "SI.POV.NAHC": 77.0,
            "SI.POV.GAPS": 32.31,
            "SI.DST.02ND.20": 6.25,
            "SI.DST.FRST.20": 2.38,
            "SI.DST.03RD.20": 10.36,
            "SI.DST.FRST.10": 0.66,
            "SI.DST.04TH.20": 17.64,
            "SI.POV.GAP2": 46.69,
            "id": 332,
            "SI.POV.2DAY": 77.51
        },
        {
            "SI.DST.05TH.20": 59.93,
            "SI.POV.URHC": 59.8,
            "SI.DST.10TH.10": 42.4,
            "SI.POV.DDAY": 17.92,
            "SI.POV.RUHC": 71.6,
            "SI.POV.NAHC": 66.2,
            "SI.POV.GAPS": 9.35,
            "SI.DST.02ND.20": 6.12,
            "SI.DST.FRST.20": 2.02,
            "SI.DST.03RD.20": 11.42,
            "SI.DST.FRST.10": 0.43,
            "SI.DST.04TH.20": 20.51,
            "SI.POV.GAP2": 14.85,
            "id": 340,
            "SI.POV.2DAY": 29.84
        },
        {
            "SI.DST.05TH.20": 50.75,
            "SI.DST.10TH.10": 34.92,
            "SI.DST.02ND.20": 9.39,
            "SI.DST.FRST.20": 5.26,
            "SI.DST.03RD.20": 13.85,
            "SI.DST.FRST.10": 1.97,
            "SI.DST.04TH.20": 20.75,
            "id": 344
        },
        {
            "SI.DST.05TH.20": 39.9,
            "SI.DST.10TH.10": 25.44,
            "SI.POV.DDAY": 0.17,
            "SI.POV.GAPS": 0.16,
            "SI.DST.02ND.20": 12.86,
            "SI.DST.FRST.20": 8.4,
            "SI.DST.03RD.20": 16.86,
            "SI.DST.FRST.10": 3.54,
            "SI.DST.04TH.20": 21.98,
            "SI.POV.GAP2": 0.19,
            "id": 348,
            "SI.POV.2DAY": 0.35
        },
        {
            "SI.DST.05TH.20": 42.36,
            "SI.POV.URHC": 20.9,
            "SI.DST.10TH.10": 28.26,
            "SI.POV.NAGP": 6.2,
            "SI.POV.RUHC": 33.8,
            "SI.POV.NAHC": 29.8,
            "SI.POV.2DAY": 68.72,
            "SI.POV.GAPS": 7.49,
            "SI.DST.02ND.20": 12.22,
            "SI.DST.FRST.20": 8.64,
            "SI.POV.RUGP": 6.8,
            "SI.POV.DDAY": 32.67,
            "SI.DST.03RD.20": 15.81,
            "SI.DST.FRST.10": 3.75,
            "SI.DST.04TH.20": 20.97,
            "SI.POV.GAP2": 24.45,
            "id": 356,
            "SI.POV.URGP": 4.5
        },
        {
            "SI.DST.05TH.20": 42.76,
            "SI.POV.URHC": 9.2,
            "SI.DST.10TH.10": 28.51,
            "SI.POV.NAGP": 2.1,
            "SI.POV.RUHC": 15.7,
            "SI.POV.NAHC": 12.5,
            "SI.POV.2DAY": 46.12,
            "SI.POV.GAPS": 3.31,
            "SI.DST.02ND.20": 12.03,
            "SI.DST.FRST.20": 8.34,
            "SI.POV.RUGP": 2.6,
            "SI.POV.DDAY": 18.06,
            "SI.DST.03RD.20": 15.83,
            "SI.DST.FRST.10": 3.67,
            "SI.DST.04TH.20": 21.04,
            "SI.POV.GAP2": 14.29,
            "id": 360,
            "SI.POV.URGP": 1.5
        },
        {
            "SI.DST.05TH.20": 45.16,
            "SI.DST.10TH.10": 29.63,
            "SI.POV.DDAY": 1.45,
            "SI.POV.GAPS": 0.34,
            "SI.DST.02ND.20": 10.91,
            "SI.DST.FRST.20": 6.43,
            "SI.DST.03RD.20": 15.54,
            "SI.DST.FRST.10": 2.62,
            "SI.DST.04TH.20": 21.96,
            "SI.POV.GAP2": 1.8,
            "id": 364,
            "SI.POV.2DAY": 8.03
        },
        {
            "SI.DST.05TH.20": 39.88,
            "SI.POV.URHC": 16.1,
            "SI.DST.10TH.10": 25.24,
            "SI.POV.NAGP": 4.5,
            "SI.POV.RUHC": 39.3,
            "SI.POV.NAHC": 22.9,
            "SI.POV.2DAY": 21.41,
            "SI.POV.GAPS": 0.42,
            "SI.DST.02ND.20": 12.75,
            "SI.DST.FRST.20": 8.7,
            "SI.POV.RUGP": 9.0,
            "SI.POV.DDAY": 2.82,
            "SI.DST.03RD.20": 16.69,
            "SI.DST.FRST.10": 3.79,
            "SI.DST.04TH.20": 21.98,
            "SI.POV.GAP2": 4.42,
            "id": 368,
            "SI.POV.URGP": 2.7
        },
        {
            "SI.DST.05TH.20": 42.05,
            "SI.DST.10TH.10": 27.23,
            "SI.DST.02ND.20": 12.27,
            "SI.DST.FRST.20": 7.44,
            "SI.DST.03RD.20": 16.31,
            "SI.DST.FRST.10": 2.91,
            "SI.DST.04TH.20": 21.93,
            "id": 372
        },
        {
            "SI.DST.05TH.20": 44.93,
            "SI.DST.10TH.10": 28.8,
            "SI.DST.02ND.20": 10.46,
            "SI.DST.FRST.20": 5.71,
            "SI.DST.03RD.20": 15.86,
            "SI.DST.FRST.10": 2.14,
            "SI.DST.04TH.20": 23.04,
            "id": 376
        },
        {
            "SI.DST.05TH.20": 42.02,
            "SI.DST.10TH.10": 26.8,
            "SI.DST.02ND.20": 11.98,
            "SI.DST.FRST.20": 6.5,
            "SI.DST.03RD.20": 16.75,
            "SI.DST.FRST.10": 2.3,
            "SI.DST.04TH.20": 22.75,
            "id": 380
        },
        {
            "SI.DST.05TH.20": 51.61,
            "SI.POV.URHC": 10.6,
            "SI.DST.10TH.10": 35.9,
            "SI.POV.DDAY": 0.21,
            "SI.POV.RUHC": 25.1,
            "SI.POV.NAHC": 17.6,
            "SI.POV.GAPS": 0.02,
            "SI.DST.02ND.20": 8.99,
            "SI.DST.FRST.20": 5.35,
            "SI.DST.03RD.20": 13.49,
            "SI.DST.FRST.10": 2.25,
            "SI.DST.04TH.20": 20.56,
            "SI.POV.GAP2": 0.84,
            "id": 388,
            "SI.POV.2DAY": 5.44
        },
        {
            "SI.DST.05TH.20": 35.65,
            "SI.DST.10TH.10": 21.69,
            "SI.DST.02ND.20": 14.21,
            "SI.DST.FRST.20": 10.58,
            "SI.DST.03RD.20": 17.58,
            "SI.DST.FRST.10": 4.78,
            "SI.DST.04TH.20": 21.98,
            "id": 392
        },
        {
            "SI.DST.05TH.20": 43.59,
            "SI.POV.URHC": 12.0,
            "SI.DST.10TH.10": 28.7,
            "SI.POV.NAGP": 2.6,
            "SI.POV.RUHC": 19.0,
            "SI.POV.NAHC": 13.3,
            "SI.POV.GAPS": 0.03,
            "SI.DST.02ND.20": 11.57,
            "SI.DST.FRST.20": 7.71,
            "SI.POV.DDAY": 0.12,
            "SI.DST.03RD.20": 15.67,
            "SI.DST.FRST.10": 3.36,
            "SI.DST.04TH.20": 21.46,
            "SI.POV.GAP2": 0.24,
            "id": 400,
            "SI.POV.2DAY": 1.59
        },
        {
            "SI.DST.05TH.20": 38.41,
            "SI.DST.10TH.10": 23.75,
            "SI.POV.NAGP": 1.3,
            "SI.POV.NAHC": 8.2,
            "SI.POV.GAPS": 0.03,
            "SI.DST.02ND.20": 13.15,
            "SI.DST.FRST.20": 9.12,
            "SI.POV.DDAY": 0.11,
            "SI.DST.03RD.20": 17.07,
            "SI.DST.FRST.10": 4.0,
            "SI.DST.04TH.20": 22.25,
            "SI.POV.GAP2": 0.18,
            "id": 398,
            "SI.POV.2DAY": 1.12
        },
        {
            "SI.DST.05TH.20": 53.2,
            "SI.POV.URHC": 33.7,
            "SI.DST.10TH.10": 37.99,
            "SI.POV.NAGP": 16.3,
            "SI.POV.RUHC": 49.1,
            "SI.POV.NAHC": 45.9,
            "SI.POV.2DAY": 67.21,
            "SI.POV.GAPS": 16.91,
            "SI.DST.02ND.20": 8.68,
            "SI.DST.FRST.20": 4.84,
            "SI.POV.RUGP": 17.5,
            "SI.POV.DDAY": 43.37,
            "SI.DST.03RD.20": 13.2,
            "SI.DST.FRST.10": 1.96,
            "SI.DST.04TH.20": 20.08,
            "SI.POV.GAP2": 31.76,
            "id": 404,
            "SI.POV.URGP": 11.4
        },
        {
            "SI.DST.05TH.20": 37.45,
            "SI.DST.10TH.10": 22.45,
            "SI.DST.02ND.20": 13.56,
            "SI.DST.FRST.20": 7.91,
            "SI.DST.03RD.20": 17.95,
            "SI.DST.FRST.10": 2.89,
            "SI.DST.04TH.20": 23.13,
            "id": 410
        },
        {
            "SI.POV.URHC": 33.1,
            "SI.POV.RUHC": 35.3,
            "SI.POV.NAGP": 9.6,
            "id": 689,
            "SI.POV.NAHC": 34.5
        },
        {
            "SI.DST.05TH.20": 43.38,
            "SI.POV.URHC": 23.6,
            "SI.DST.10TH.10": 27.79,
            "SI.POV.DDAY": 6.23,
            "SI.POV.RUHC": 39.5,
            "SI.POV.NAHC": 33.7,
            "SI.POV.GAPS": 1.36,
            "SI.DST.02ND.20": 11.4,
            "SI.DST.FRST.20": 6.82,
            "SI.DST.03RD.20": 16.03,
            "SI.DST.FRST.10": 2.8,
            "SI.DST.04TH.20": 22.37,
            "SI.POV.GAP2": 5.96,
            "id": 417,
            "SI.POV.2DAY": 21.69
        },
        {
            "SI.DST.05TH.20": 44.84,
            "SI.POV.URHC": 17.4,
            "SI.DST.10TH.10": 30.33,
            "SI.POV.DDAY": 33.88,
            "SI.POV.RUHC": 31.7,
            "SI.POV.NAHC": 27.6,
            "SI.POV.GAPS": 8.95,
            "SI.DST.02ND.20": 11.33,
            "SI.DST.FRST.20": 7.64,
            "SI.DST.03RD.20": 15.29,
            "SI.DST.FRST.10": 3.34,
            "SI.DST.04TH.20": 20.9,
            "SI.POV.GAP2": 24.83,
            "id": 418,
            "SI.POV.2DAY": 66.0
        },
        {
            "SI.DST.05TH.20": 43.6,
            "SI.DST.10TH.10": 28.1,
            "SI.POV.DDAY": 0.14,
            "SI.POV.RUHC": 12.7,
            "SI.POV.NAHC": 5.9,
            "SI.POV.GAPS": 0.1,
            "SI.DST.02ND.20": 11.39,
            "SI.DST.FRST.20": 6.61,
            "SI.DST.03RD.20": 16.07,
            "SI.DST.FRST.10": 2.64,
            "SI.DST.04TH.20": 22.33,
            "SI.POV.GAP2": 0.15,
            "id": 428,
            "SI.POV.2DAY": 0.37
        },
        {
            "SI.DST.05TH.20": 56.35,
            "SI.POV.URHC": 41.5,
            "SI.DST.10TH.10": 39.4,
            "SI.POV.NAGP": 37.9,
            "SI.POV.RUHC": 60.5,
            "SI.POV.NAHC": 56.6,
            "SI.POV.GAPS": 20.76,
            "SI.DST.02ND.20": 7.21,
            "SI.DST.FRST.20": 2.97,
            "SI.POV.DDAY": 43.41,
            "SI.DST.03RD.20": 12.52,
            "SI.DST.FRST.10": 0.99,
            "SI.DST.04TH.20": 20.95,
            "SI.POV.GAP2": 33.05,
            "id": 426,
            "SI.POV.2DAY": 62.25
        },
        {
            "SI.DST.05TH.20": 44.95,
            "SI.POV.URHC": 55.1,
            "SI.DST.10TH.10": 30.1,
            "SI.POV.NAGP": 24.4,
            "SI.POV.RUHC": 67.7,
            "SI.POV.NAHC": 63.8,
            "SI.POV.2DAY": 94.88,
            "SI.POV.GAPS": 40.9,
            "SI.DST.02ND.20": 11.35,
            "SI.DST.FRST.20": 6.44,
            "SI.POV.RUGP": 26.3,
            "SI.POV.DDAY": 83.76,
            "SI.DST.03RD.20": 15.66,
            "SI.DST.FRST.10": 2.35,
            "SI.DST.04TH.20": 21.6,
            "SI.POV.GAP2": 59.62,
            "id": 430,
            "SI.POV.URGP": 20.2
        },
        {
            "SI.DST.05TH.20": 44.4,
            "SI.DST.10TH.10": 29.1,
            "SI.POV.DDAY": 0.16,
            "SI.POV.GAPS": 0.09,
            "SI.DST.02ND.20": 11.12,
            "SI.DST.FRST.20": 6.62,
            "SI.DST.03RD.20": 15.73,
            "SI.DST.FRST.10": 2.63,
            "SI.DST.04TH.20": 22.13,
            "SI.POV.GAP2": 0.16,
            "id": 440,
            "SI.POV.2DAY": 0.44
        },
        {
            "SI.DST.05TH.20": 38.85,
            "SI.DST.10TH.10": 23.77,
            "SI.DST.02ND.20": 12.92,
            "SI.DST.FRST.20": 8.43,
            "SI.DST.03RD.20": 17.11,
            "SI.DST.FRST.10": 3.5,
            "SI.DST.04TH.20": 22.69,
            "id": 442
        },
        {
            "SI.DST.05TH.20": 48.87,
            "SI.POV.URHC": 17.7,
            "SI.DST.10TH.10": 32.4,
            "SI.POV.NAGP": 7.2,
            "SI.POV.RUHC": 21.3,
            "SI.POV.NAHC": 19.0,
            "SI.POV.2DAY": 5.91,
            "SI.POV.GAPS": 0.0,
            "SI.DST.02ND.20": 9.49,
            "SI.DST.FRST.20": 5.13,
            "SI.POV.RUGP": 7.7,
            "SI.POV.DDAY": 0.0,
            "SI.DST.03RD.20": 14.53,
            "SI.DST.FRST.10": 2.03,
            "SI.DST.04TH.20": 21.98,
            "SI.POV.GAP2": 0.89,
            "id": 807,
            "SI.POV.URGP": 6.9
        },
        {
            "SI.DST.05TH.20": 50.14,
            "SI.POV.URHC": 52.0,
            "SI.DST.10TH.10": 34.68,
            "SI.POV.NAGP": 26.8,
            "SI.POV.RUHC": 73.5,
            "SI.POV.NAHC": 68.7,
            "SI.POV.2DAY": 92.62,
            "SI.POV.GAPS": 43.26,
            "SI.DST.02ND.20": 9.48,
            "SI.DST.FRST.20": 5.41,
            "SI.POV.RUGP": 28.9,
            "SI.POV.DDAY": 81.29,
            "SI.DST.03RD.20": 14.09,
            "SI.DST.FRST.10": 2.2,
            "SI.DST.04TH.20": 20.88,
            "SI.POV.GAP2": 60.1,
            "id": 450,
            "SI.POV.URGP": 19.3
        },
        {
            "SI.DST.05TH.20": 46.53,
            "SI.POV.URHC": 17.3,
            "SI.DST.10TH.10": 31.85,
            "SI.POV.NAGP": 18.9,
            "SI.POV.RUHC": 56.6,
            "SI.POV.NAHC": 50.7,
            "SI.POV.2DAY": 90.45,
            "SI.POV.GAPS": 32.31,
            "SI.DST.02ND.20": 10.78,
            "SI.DST.FRST.20": 7.01,
            "SI.POV.RUGP": 21.4,
            "SI.POV.DDAY": 73.86,
            "SI.DST.03RD.20": 14.89,
            "SI.DST.FRST.10": 3.02,
            "SI.DST.04TH.20": 20.79,
            "SI.POV.GAP2": 51.78,
            "id": 454,
            "SI.POV.URGP": 4.8
        },
        {
            "SI.DST.05TH.20": 51.45,
            "SI.POV.URHC": 1.7,
            "SI.DST.10TH.10": 34.65,
            "SI.POV.NAGP": 0.8,
            "SI.POV.RUHC": 8.4,
            "SI.POV.NAHC": 3.8,
            "SI.POV.2DAY": 2.27,
            "SI.POV.GAPS": 0.0,
            "SI.DST.02ND.20": 8.65,
            "SI.DST.FRST.20": 4.54,
            "SI.POV.RUGP": 1.8,
            "SI.POV.DDAY": 0.0,
            "SI.DST.03RD.20": 13.72,
            "SI.DST.FRST.10": 1.78,
            "SI.DST.04TH.20": 21.64,
            "SI.POV.GAP2": 0.16,
            "id": 458,
            "SI.POV.URGP": 0.3
        },
        {
            "SI.DST.05TH.20": 44.24,
            "SI.DST.10TH.10": 28.03,
            "SI.DST.02ND.20": 10.88,
            "SI.DST.FRST.20": 6.51,
            "SI.DST.03RD.20": 15.71,
            "SI.DST.FRST.10": 2.71,
            "SI.DST.04TH.20": 22.66,
            "id": 462
        },
        {
            "SI.DST.05TH.20": 41.3,
            "SI.POV.URHC": 18.9,
            "SI.DST.10TH.10": 25.83,
            "SI.POV.NAGP": 13.2,
            "SI.POV.RUHC": 50.6,
            "SI.POV.NAHC": 43.6,
            "SI.POV.2DAY": 78.66,
            "SI.POV.GAPS": 16.36,
            "SI.DST.02ND.20": 11.99,
            "SI.DST.FRST.20": 7.97,
            "SI.POV.RUGP": 15.6,
            "SI.POV.DDAY": 50.43,
            "SI.DST.03RD.20": 16.33,
            "SI.DST.FRST.10": 3.47,
            "SI.DST.04TH.20": 22.41,
            "SI.POV.GAP2": 35.2,
            "id": 466,
            "SI.POV.URGP": 4.8
        },
        {
            "SI.DST.05TH.20": 46.98,
            "SI.POV.URHC": 20.8,
            "SI.DST.10TH.10": 31.62,
            "SI.POV.NAGP": 14.5,
            "SI.POV.RUHC": 59.4,
            "SI.POV.NAHC": 42.0,
            "SI.POV.2DAY": 47.69,
            "SI.POV.GAPS": 6.79,
            "SI.DST.02ND.20": 10.44,
            "SI.DST.FRST.20": 6.02,
            "SI.POV.RUGP": 22.3,
            "SI.POV.DDAY": 23.43,
            "SI.DST.03RD.20": 15.05,
            "SI.DST.FRST.10": 2.43,
            "SI.DST.04TH.20": 21.51,
            "SI.POV.GAP2": 17.66,
            "id": 478,
            "SI.POV.URGP": 4.9
        },
        {
            "SI.DST.05TH.20": 53.67,
            "SI.POV.URHC": 45.5,
            "SI.DST.10TH.10": 38.68,
            "SI.POV.DDAY": 1.15,
            "SI.POV.RUHC": 60.8,
            "SI.POV.NAHC": 51.3,
            "SI.POV.GAPS": 0.34,
            "SI.DST.02ND.20": 8.65,
            "SI.DST.FRST.20": 4.73,
            "SI.DST.03RD.20": 13.08,
            "SI.DST.FRST.10": 1.81,
            "SI.DST.04TH.20": 19.87,
            "SI.POV.GAP2": 1.29,
            "id": 484,
            "SI.POV.2DAY": 5.19
        },
        {
            "SI.DST.05TH.20": 63.98,
            "SI.DST.10TH.10": 47.12,
            "SI.POV.DDAY": 31.15,
            "SI.POV.GAPS": 16.32,
            "SI.DST.02ND.20": 5.16,
            "SI.DST.FRST.20": 1.59,
            "SI.DST.03RD.20": 10.2,
            "SI.DST.FRST.10": 0.41,
            "SI.DST.04TH.20": 19.07,
            "SI.POV.GAP2": 24.54,
            "id": 583,
            "SI.POV.2DAY": 44.69
        },
        {
            "SI.DST.05TH.20": 41.15,
            "SI.POV.URHC": 10.4,
            "SI.DST.10TH.10": 25.97,
            "SI.POV.NAGP": 4.5,
            "SI.POV.RUHC": 30.3,
            "SI.POV.NAHC": 21.9,
            "SI.POV.2DAY": 4.35,
            "SI.POV.GAPS": 0.08,
            "SI.DST.02ND.20": 12.19,
            "SI.DST.FRST.20": 7.8,
            "SI.POV.RUGP": 6.5,
            "SI.POV.DDAY": 0.39,
            "SI.DST.03RD.20": 16.52,
            "SI.DST.FRST.10": 3.3,
            "SI.DST.04TH.20": 22.34,
            "SI.POV.GAP2": 0.73,
            "id": 498,
            "SI.POV.URGP": 1.8
        },
        {
            "SI.DST.05TH.20": 44.04,
            "SI.POV.URHC": 32.2,
            "SI.DST.10TH.10": 28.38,
            "SI.POV.RUHC": 47.8,
            "SI.POV.NAHC": 39.2,
            "SI.DST.02ND.20": 11.15,
            "SI.DST.FRST.20": 7.1,
            "SI.DST.03RD.20": 15.62,
            "SI.DST.FRST.10": 3.04,
            "SI.DST.04TH.20": 22.09,
            "id": 496
        },
        {
            "SI.DST.05TH.20": 38.77,
            "SI.POV.URHC": 4.0,
            "SI.DST.10TH.10": 24.12,
            "SI.POV.NAGP": 1.1,
            "SI.POV.RUHC": 11.3,
            "SI.POV.NAHC": 6.6,
            "SI.POV.2DAY": 0.3,
            "SI.POV.GAPS": 0.08,
            "SI.DST.02ND.20": 13.13,
            "SI.DST.FRST.20": 8.5,
            "SI.POV.RUGP": 1.7,
            "SI.POV.DDAY": 0.12,
            "SI.DST.03RD.20": 17.22,
            "SI.DST.FRST.10": 3.57,
            "SI.DST.04TH.20": 22.38,
            "SI.POV.GAP2": 0.12,
            "id": 499,
            "SI.POV.URGP": 0.7
        },
        {
            "SI.DST.05TH.20": 47.88,
            "SI.POV.URHC": 4.8,
            "SI.DST.10TH.10": 33.22,
            "SI.POV.DDAY": 2.52,
            "SI.POV.RUHC": 14.5,
            "SI.POV.NAHC": 9.0,
            "SI.POV.GAPS": 0.54,
            "SI.DST.02ND.20": 10.45,
            "SI.DST.FRST.20": 6.52,
            "SI.DST.03RD.20": 14.54,
            "SI.DST.FRST.10": 2.66,
            "SI.DST.04TH.20": 20.61,
            "SI.POV.GAP2": 3.16,
            "id": 504,
            "SI.POV.2DAY": 14.03
        },
        {
            "SI.DST.05TH.20": 51.46,
            "SI.POV.URHC": 49.6,
            "SI.DST.10TH.10": 36.73,
            "SI.POV.NAGP": 21.2,
            "SI.POV.RUHC": 56.9,
            "SI.POV.NAHC": 54.7,
            "SI.POV.2DAY": 81.77,
            "SI.POV.GAPS": 25.13,
            "SI.DST.02ND.20": 9.47,
            "SI.DST.FRST.20": 5.23,
            "SI.POV.RUGP": 22.2,
            "SI.POV.DDAY": 59.58,
            "SI.DST.03RD.20": 13.74,
            "SI.DST.FRST.10": 1.94,
            "SI.DST.04TH.20": 20.1,
            "SI.POV.GAP2": 42.86,
            "id": 508,
            "SI.POV.URGP": 19.1
        },
        {
            "SI.DST.05TH.20": 68.62,
            "SI.POV.URHC": 17.0,
            "SI.DST.10TH.10": 54.75,
            "SI.POV.NAGP": 13.0,
            "SI.POV.RUHC": 49.0,
            "SI.POV.NAHC": 38.0,
            "SI.POV.2DAY": 51.1,
            "SI.POV.GAPS": 9.45,
            "SI.DST.02ND.20": 5.03,
            "SI.DST.FRST.20": 3.15,
            "SI.POV.RUGP": 16.0,
            "SI.POV.DDAY": 31.91,
            "SI.DST.03RD.20": 8.24,
            "SI.DST.FRST.10": 1.39,
            "SI.DST.04TH.20": 14.96,
            "SI.POV.GAP2": 21.82,
            "id": 516,
            "SI.POV.URGP": 6.0
        },
        {
            "SI.DST.05TH.20": 41.46,
            "SI.POV.URHC": 15.5,
            "SI.DST.10TH.10": 26.52,
            "SI.POV.NAGP": 5.6,
            "SI.POV.RUHC": 27.4,
            "SI.POV.NAHC": 25.2,
            "SI.POV.2DAY": 57.25,
            "SI.POV.GAPS": 5.55,
            "SI.DST.02ND.20": 12.16,
            "SI.DST.FRST.20": 8.27,
            "SI.POV.RUGP": 6.0,
            "SI.POV.DDAY": 24.82,
            "SI.DST.03RD.20": 16.22,
            "SI.DST.FRST.10": 3.63,
            "SI.DST.04TH.20": 21.89,
            "SI.POV.GAP2": 19.04,
            "id": 524,
            "SI.POV.URGP": 3.2
        },
        {
            "SI.DST.05TH.20": 38.68,
            "SI.DST.10TH.10": 22.9,
            "SI.DST.02ND.20": 13.22,
            "SI.DST.FRST.20": 7.6,
            "SI.DST.03RD.20": 17.24,
            "SI.DST.FRST.10": 2.49,
            "SI.DST.04TH.20": 23.26,
            "id": 528
        },
        {
            "SI.DST.05TH.20": 43.76,
            "SI.DST.10TH.10": 27.81,
            "SI.DST.02ND.20": 11.37,
            "SI.DST.FRST.20": 6.45,
            "SI.DST.03RD.20": 15.81,
            "SI.DST.FRST.10": 2.22,
            "SI.DST.04TH.20": 22.61,
            "id": 554
        },
        {
            "SI.DST.05TH.20": 47.24,
            "SI.POV.URHC": 26.8,
            "SI.DST.10TH.10": 31.51,
            "SI.POV.DDAY": 11.91,
            "SI.POV.RUHC": 63.3,
            "SI.POV.NAHC": 42.5,
            "SI.POV.GAPS": 2.36,
            "SI.DST.02ND.20": 10.21,
            "SI.DST.FRST.20": 6.22,
            "SI.DST.03RD.20": 14.79,
            "SI.DST.FRST.10": 2.61,
            "SI.DST.04TH.20": 21.54,
            "SI.POV.GAP2": 9.55,
            "id": 558,
            "SI.POV.2DAY": 31.74
        },
        {
            "SI.DST.05TH.20": 43.06,
            "SI.POV.URHC": 36.7,
            "SI.DST.10TH.10": 28.51,
            "SI.POV.NAGP": 19.6,
            "SI.POV.RUHC": 63.9,
            "SI.POV.NAHC": 59.5,
            "SI.POV.2DAY": 75.23,
            "SI.POV.GAPS": 12.42,
            "SI.DST.02ND.20": 11.83,
            "SI.DST.FRST.20": 8.09,
            "SI.POV.RUGP": 21.2,
            "SI.POV.DDAY": 43.62,
            "SI.DST.03RD.20": 15.77,
            "SI.DST.FRST.10": 3.55,
            "SI.DST.04TH.20": 21.25,
            "SI.POV.GAP2": 30.83,
            "id": 562,
            "SI.POV.URGP": 11.3
        },
        {
            "SI.DST.05TH.20": 54.01,
            "SI.POV.URHC": 43.1,
            "SI.DST.10TH.10": 38.23,
            "SI.POV.NAGP": 22.8,
            "SI.POV.RUHC": 63.8,
            "SI.POV.NAHC": 54.7,
            "SI.POV.2DAY": 84.49,
            "SI.POV.GAPS": 33.74,
            "SI.DST.02ND.20": 8.27,
            "SI.DST.FRST.20": 4.41,
            "SI.POV.RUGP": 26.6,
            "SI.POV.DDAY": 67.98,
            "SI.DST.03RD.20": 12.98,
            "SI.DST.FRST.10": 1.75,
            "SI.DST.04TH.20": 20.33,
            "SI.POV.GAP2": 50.17,
            "id": 566,
            "SI.POV.URGP": 16.2
        },
        {
            "SI.DST.05TH.20": 37.23,
            "SI.DST.10TH.10": 23.38,
            "SI.DST.02ND.20": 13.96,
            "SI.DST.FRST.20": 9.59,
            "SI.DST.03RD.20": 17.24,
            "SI.DST.FRST.10": 3.86,
            "SI.DST.04TH.20": 21.98,
            "id": 578
        },
        {
            "SI.DST.05TH.20": 39.98,
            "SI.POV.URHC": 13.1,
            "SI.DST.10TH.10": 26.05,
            "SI.POV.DDAY": 21.04,
            "SI.POV.RUHC": 27.0,
            "SI.POV.NAHC": 22.3,
            "SI.POV.GAPS": 3.49,
            "SI.DST.02ND.20": 12.94,
            "SI.DST.FRST.20": 9.6,
            "SI.DST.03RD.20": 16.36,
            "SI.DST.FRST.10": 4.36,
            "SI.DST.04TH.20": 21.12,
            "SI.POV.GAP2": 17.94,
            "id": 586,
            "SI.POV.2DAY": 60.19
        },
        {
            "SI.DST.05TH.20": 56.38,
            "SI.POV.URHC": 17.7,
            "SI.DST.10TH.10": 40.08,
            "SI.POV.DDAY": 6.56,
            "SI.POV.RUHC": 59.8,
            "SI.POV.NAHC": 32.7,
            "SI.POV.GAPS": 2.09,
            "SI.DST.02ND.20": 7.75,
            "SI.DST.FRST.20": 3.3,
            "SI.DST.03RD.20": 12.51,
            "SI.DST.FRST.10": 1.1,
            "SI.DST.04TH.20": 20.06,
            "SI.POV.GAP2": 5.11,
            "id": 591,
            "SI.POV.2DAY": 13.8
        },
        {
            "SI.DST.05TH.20": 56.35,
            "SI.POV.URHC": 16.1,
            "SI.DST.10TH.10": 40.86,
            "SI.POV.NAGP": 12.4,
            "SI.POV.RUHC": 41.3,
            "SI.POV.NAHC": 37.5,
            "SI.POV.2DAY": 57.38,
            "SI.POV.GAPS": 12.28,
            "SI.DST.02ND.20": 7.74,
            "SI.DST.FRST.20": 4.52,
            "SI.POV.RUGP": 13.8,
            "SI.POV.DDAY": 35.79,
            "SI.DST.03RD.20": 12.06,
            "SI.DST.FRST.10": 1.9,
            "SI.DST.04TH.20": 19.33,
            "SI.POV.GAP2": 25.47,
            "id": 598,
            "SI.POV.URGP": 4.3
        },
        {
            "SI.DST.05TH.20": 56.43,
            "SI.POV.URHC": 23.9,
            "SI.DST.10TH.10": 41.11,
            "SI.POV.NAGP": 40.0,
            "SI.POV.RUHC": 44.8,
            "SI.POV.NAHC": 32.4,
            "SI.POV.2DAY": 13.22,
            "SI.POV.GAPS": 3.02,
            "SI.DST.02ND.20": 7.76,
            "SI.DST.FRST.20": 3.26,
            "SI.POV.RUGP": 44.4,
            "SI.POV.DDAY": 7.16,
            "SI.DST.03RD.20": 12.77,
            "SI.DST.FRST.10": 0.98,
            "SI.DST.04TH.20": 19.78,
            "SI.POV.GAP2": 5.74,
            "id": 600,
            "SI.POV.URGP": 34.4
        },
        {
            "SI.DST.05TH.20": 52.59,
            "SI.POV.URHC": 18.0,
            "SI.DST.10TH.10": 36.11,
            "SI.POV.NAGP": 7.8,
            "SI.POV.RUHC": 56.5,
            "SI.POV.NAHC": 27.8,
            "SI.POV.2DAY": 12.74,
            "SI.POV.GAPS": 1.3,
            "SI.DST.02ND.20": 8.34,
            "SI.DST.FRST.20": 3.91,
            "SI.POV.RUGP": 18.7,
            "SI.POV.DDAY": 4.91,
            "SI.DST.03RD.20": 13.63,
            "SI.DST.FRST.10": 1.39,
            "SI.DST.04TH.20": 21.53,
            "SI.POV.GAP2": 4.1,
            "id": 604,
            "SI.POV.URGP": 4.0
        },
        {
            "SI.DST.05TH.20": 49.69,
            "SI.POV.URHC": 21.5,
            "SI.DST.10TH.10": 33.62,
            "SI.POV.NAGP": 7.2,
            "SI.POV.RUHC": 50.7,
            "SI.POV.NAHC": 26.5,
            "SI.POV.2DAY": 41.53,
            "SI.POV.GAPS": 3.72,
            "SI.DST.02ND.20": 9.42,
            "SI.DST.FRST.20": 5.98,
            "SI.POV.RUGP": 15.2,
            "SI.POV.DDAY": 18.42,
            "SI.DST.03RD.20": 13.87,
            "SI.DST.FRST.10": 2.59,
            "SI.DST.04TH.20": 21.04,
            "SI.POV.GAP2": 13.78,
            "id": 608,
            "SI.POV.URGP": 5.0
        },
        {
            "SI.DST.05TH.20": 42.11,
            "SI.DST.10TH.10": 27.05,
            "SI.POV.DDAY": 0.05,
            "SI.POV.NAHC": 10.6,
            "SI.POV.GAPS": 0.03,
            "SI.DST.02ND.20": 11.95,
            "SI.DST.FRST.20": 7.68,
            "SI.DST.03RD.20": 16.23,
            "SI.DST.FRST.10": 3.26,
            "SI.DST.04TH.20": 22.03,
            "SI.POV.GAP2": 0.06,
            "id": 616,
            "SI.POV.2DAY": 0.2
        },
        {
            "SI.DST.05TH.20": 45.87,
            "SI.DST.10TH.10": 29.84,
            "SI.DST.02ND.20": 11.01,
            "SI.DST.FRST.20": 5.76,
            "SI.DST.03RD.20": 15.45,
            "SI.DST.FRST.10": 1.99,
            "SI.DST.04TH.20": 21.91,
            "id": 620
        },
        {
            "SI.DST.05TH.20": 52.0,
            "SI.DST.FRST.10": 1.3,
            "SI.DST.10TH.10": 35.9,
            "SI.DST.FRST.20": 3.9,
            "id": 634
        },
        {
            "SI.DST.05TH.20": 38.3,
            "SI.POV.URHC": 6.8,
            "SI.DST.10TH.10": 23.5,
            "SI.POV.NAGP": 3.2,
            "SI.POV.RUHC": 22.3,
            "SI.POV.NAHC": 13.8,
            "SI.POV.2DAY": 1.67,
            "SI.POV.GAPS": 0.19,
            "SI.DST.02ND.20": 13.06,
            "SI.DST.FRST.20": 8.32,
            "SI.POV.RUGP": 5.3,
            "SI.POV.DDAY": 0.41,
            "SI.DST.03RD.20": 17.39,
            "SI.DST.FRST.10": 3.38,
            "SI.DST.04TH.20": 22.93,
            "SI.POV.GAP2": 0.46,
            "id": 642,
            "SI.POV.URGP": 1.4
        },
        {
            "SI.DST.05TH.20": 47.13,
            "SI.POV.URHC": 7.4,
            "SI.DST.10TH.10": 31.68,
            "SI.POV.NAGP": 2.7,
            "SI.POV.RUHC": 21.2,
            "SI.POV.NAHC": 11.1,
            "SI.POV.2DAY": 0.05,
            "SI.POV.GAPS": 0.0,
            "SI.DST.02ND.20": 10.35,
            "SI.DST.FRST.20": 6.46,
            "SI.POV.RUGP": 5.5,
            "SI.POV.DDAY": 0.0,
            "SI.DST.03RD.20": 14.77,
            "SI.DST.FRST.10": 2.75,
            "SI.DST.04TH.20": 21.29,
            "SI.POV.GAP2": 0.01,
            "id": 643,
            "SI.POV.URGP": 1.7
        },
        {
            "SI.DST.05TH.20": 56.84,
            "SI.POV.URHC": 22.1,
            "SI.DST.10TH.10": 43.22,
            "SI.POV.NAGP": 14.8,
            "SI.POV.RUHC": 48.7,
            "SI.POV.NAHC": 44.9,
            "SI.POV.2DAY": 82.37,
            "SI.POV.GAPS": 26.64,
            "SI.DST.02ND.20": 8.28,
            "SI.DST.FRST.20": 5.16,
            "SI.POV.RUGP": 26.0,
            "SI.POV.DDAY": 63.17,
            "SI.DST.03RD.20": 11.91,
            "SI.DST.FRST.10": 2.13,
            "SI.DST.04TH.20": 17.81,
            "SI.POV.GAP2": 44.6,
            "id": 646,
            "SI.POV.URGP": 8.0
        },
        {
            "SI.DST.05TH.20": 56.35,
            "SI.DST.10TH.10": 43.61,
            "SI.POV.NAGP": 24.8,
            "SI.POV.NAHC": 66.2,
            "SI.POV.GAPS": 7.87,
            "SI.DST.02ND.20": 8.5,
            "SI.DST.FRST.20": 5.23,
            "SI.POV.DDAY": 28.18,
            "SI.DST.03RD.20": 12.23,
            "SI.DST.FRST.10": 2.21,
            "SI.DST.04TH.20": 17.69,
            "SI.POV.GAP2": 20.63,
            "id": 678,
            "SI.POV.2DAY": 54.2
        },
        {
            "SI.DST.05TH.20": 45.88,
            "SI.POV.URHC": 33.1,
            "SI.DST.10TH.10": 30.14,
            "SI.POV.NAGP": 14.5,
            "SI.POV.RUHC": 57.1,
            "SI.POV.NAHC": 46.7,
            "SI.POV.2DAY": 60.36,
            "SI.POV.GAPS": 10.8,
            "SI.DST.02ND.20": 10.61,
            "SI.DST.FRST.20": 6.22,
            "SI.POV.RUGP": 18.6,
            "SI.POV.DDAY": 33.5,
            "SI.DST.03RD.20": 15.32,
            "SI.DST.FRST.10": 2.54,
            "SI.DST.04TH.20": 21.97,
            "SI.POV.GAP2": 24.66,
            "id": 686,
            "SI.POV.URGP": 9.2
        },
        {
            "SI.DST.05TH.20": 36.85,
            "SI.POV.URHC": 5.7,
            "SI.DST.10TH.10": 22.2,
            "SI.POV.NAGP": 1.3,
            "SI.POV.RUHC": 13.6,
            "SI.POV.NAHC": 9.2,
            "SI.POV.2DAY": 0.74,
            "SI.POV.GAPS": 0.17,
            "SI.DST.02ND.20": 13.7,
            "SI.DST.FRST.20": 8.86,
            "SI.POV.RUGP": 2.0,
            "SI.POV.DDAY": 0.26,
            "SI.DST.03RD.20": 17.79,
            "SI.DST.FRST.10": 3.69,
            "SI.DST.04TH.20": 22.8,
            "SI.POV.GAP2": 0.28,
            "id": 688,
            "SI.POV.URGP": 0.8
        },
        {
            "SI.DST.05TH.20": 69.63,
            "SI.DST.10TH.10": 60.16,
            "SI.POV.DDAY": 0.25,
            "SI.POV.GAPS": 0.07,
            "SI.DST.02ND.20": 5.66,
            "SI.DST.FRST.20": 3.71,
            "SI.DST.03RD.20": 8.32,
            "SI.DST.FRST.10": 1.64,
            "SI.DST.04TH.20": 12.68,
            "SI.POV.GAP2": 0.35,
            "id": 690,
            "SI.POV.2DAY": 1.84
        },
        {
            "SI.DST.05TH.20": 49.29,
            "SI.POV.URHC": 47.0,
            "SI.DST.10TH.10": 33.57,
            "SI.POV.NAGP": 27.5,
            "SI.POV.RUHC": 78.5,
            "SI.POV.NAHC": 66.4,
            "SI.POV.2DAY": 76.08,
            "SI.POV.GAPS": 20.3,
            "SI.DST.02ND.20": 9.65,
            "SI.DST.FRST.20": 6.09,
            "SI.POV.RUGP": 34.6,
            "SI.POV.DDAY": 53.37,
            "SI.DST.03RD.20": 14.04,
            "SI.DST.FRST.10": 2.63,
            "SI.DST.04TH.20": 20.93,
            "SI.POV.GAP2": 37.53,
            "id": 694,
            "SI.POV.URGP": 16.3
        },
        {
            "SI.DST.05TH.20": 48.97,
            "SI.DST.10TH.10": 32.76,
            "SI.DST.02ND.20": 9.42,
            "SI.DST.FRST.20": 5.04,
            "SI.DST.03RD.20": 14.55,
            "SI.DST.FRST.10": 1.85,
            "SI.DST.04TH.20": 22.02,
            "id": 702
        },
        {
            "SI.DST.05TH.20": 36.23,
            "SI.DST.10TH.10": 22.41,
            "SI.POV.DDAY": 0.06,
            "SI.POV.GAPS": 0.06,
            "SI.DST.02ND.20": 14.11,
            "SI.DST.FRST.20": 10.12,
            "SI.DST.03RD.20": 17.54,
            "SI.DST.FRST.10": 4.36,
            "SI.DST.04TH.20": 22.0,
            "SI.POV.GAP2": 0.07,
            "id": 703,
            "SI.POV.2DAY": 0.12
        },
        {
            "SI.DST.05TH.20": 39.43,
            "SI.DST.10TH.10": 24.64,
            "SI.POV.DDAY": 0.06,
            "SI.POV.GAPS": 0.08,
            "SI.DST.02ND.20": 12.75,
            "SI.DST.FRST.20": 8.22,
            "SI.DST.03RD.20": 17.0,
            "SI.DST.FRST.10": 3.38,
            "SI.DST.04TH.20": 22.6,
            "SI.POV.GAP2": 0.08,
            "id": 705,
            "SI.POV.2DAY": 0.1
        },
        {
            "SI.DST.05TH.20": 68.21,
            "SI.DST.10TH.10": 51.69,
            "SI.POV.NAGP": 7.0,
            "SI.POV.NAHC": 23.0,
            "SI.POV.GAPS": 2.3,
            "SI.DST.02ND.20": 4.63,
            "SI.DST.FRST.20": 2.7,
            "SI.POV.DDAY": 13.77,
            "SI.DST.03RD.20": 8.16,
            "SI.DST.FRST.10": 1.17,
            "SI.DST.04TH.20": 16.3,
            "SI.POV.GAP2": 10.16,
            "id": 710,
            "SI.POV.2DAY": 31.33
        },
        {
            "SI.POV.URHC": 24.4,
            "SI.POV.RUGP": 26.5,
            "SI.POV.NAHC": 50.6,
            "SI.POV.RUHC": 55.4,
            "SI.POV.NAGP": 23.7,
            "id": 728,
            "SI.POV.URGP": 8.8
        },
        {
            "SI.DST.05TH.20": 42.0,
            "SI.DST.10TH.10": 26.61,
            "SI.DST.02ND.20": 12.09,
            "SI.DST.FRST.20": 6.97,
            "SI.DST.03RD.20": 16.43,
            "SI.DST.FRST.10": 2.57,
            "SI.DST.04TH.20": 22.51,
            "id": 724
        },
        {
            "SI.DST.05TH.20": 47.79,
            "SI.POV.URHC": 5.3,
            "SI.DST.10TH.10": 32.94,
            "SI.POV.NAGP": 1.7,
            "SI.POV.RUHC": 9.4,
            "SI.POV.NAHC": 8.9,
            "SI.POV.2DAY": 29.13,
            "SI.POV.GAPS": 0.98,
            "SI.DST.02ND.20": 10.35,
            "SI.DST.FRST.20": 6.94,
            "SI.POV.RUGP": 1.8,
            "SI.POV.DDAY": 7.04,
            "SI.DST.03RD.20": 14.4,
            "SI.DST.FRST.10": 3.05,
            "SI.DST.04TH.20": 20.52,
            "SI.POV.GAP2": 7.38,
            "id": 144,
            "SI.POV.URGP": 1.2
        },
        {
            "SI.DST.05TH.20": 48.34,
            "SI.DST.10TH.10": 32.48,
            "SI.POV.DDAY": 20.93,
            "SI.POV.GAPS": 7.19,
            "SI.DST.02ND.20": 9.87,
            "SI.DST.FRST.20": 5.23,
            "SI.DST.03RD.20": 14.81,
            "SI.DST.FRST.10": 2.01,
            "SI.DST.04TH.20": 21.75,
            "SI.POV.GAP2": 15.53,
            "id": 662,
            "SI.POV.2DAY": 40.58
        },
        {
            "SI.DST.05TH.20": 42.41,
            "SI.POV.URHC": 26.5,
            "SI.DST.10TH.10": 26.72,
            "SI.POV.NAGP": 16.2,
            "SI.POV.RUHC": 57.6,
            "SI.POV.NAHC": 46.5,
            "SI.POV.2DAY": 44.14,
            "SI.POV.GAPS": 5.46,
            "SI.DST.02ND.20": 11.65,
            "SI.DST.FRST.20": 6.81,
            "SI.POV.RUGP": 21.3,
            "SI.POV.DDAY": 19.8,
            "SI.DST.03RD.20": 16.4,
            "SI.DST.FRST.10": 2.74,
            "SI.DST.04TH.20": 22.73,
            "SI.POV.GAP2": 15.38,
            "id": 729,
            "SI.POV.URGP": 7.1
        },
        {
            "SI.DST.05TH.20": 56.93,
            "SI.DST.10TH.10": 40.56,
            "SI.POV.DDAY": 15.54,
            "SI.POV.GAPS": 5.9,
            "SI.DST.02ND.20": 7.23,
            "SI.DST.FRST.20": 3.18,
            "SI.DST.03RD.20": 12.31,
            "SI.DST.FRST.10": 1.11,
            "SI.DST.04TH.20": 20.35,
            "SI.POV.GAP2": 11.74,
            "id": 740,
            "SI.POV.2DAY": 27.2
        },
        {
            "SI.DST.05TH.20": 56.61,
            "SI.POV.URHC": 31.1,
            "SI.DST.10TH.10": 40.12,
            "SI.POV.NAGP": 30.4,
            "SI.POV.RUHC": 73.1,
            "SI.POV.NAHC": 63.0,
            "SI.POV.2DAY": 60.4,
            "SI.POV.GAPS": 16.0,
            "SI.DST.02ND.20": 7.37,
            "SI.DST.FRST.20": 4.05,
            "SI.POV.RUGP": 36.9,
            "SI.POV.DDAY": 40.63,
            "SI.DST.03RD.20": 12.0,
            "SI.DST.FRST.10": 1.66,
            "SI.DST.04TH.20": 19.97,
            "SI.POV.GAP2": 29.26,
            "id": 748,
            "SI.POV.URGP": 10.3
        },
        {
            "SI.DST.05TH.20": 36.63,
            "SI.DST.10TH.10": 22.18,
            "SI.DST.02ND.20": 13.98,
            "SI.DST.FRST.20": 9.12,
            "SI.DST.03RD.20": 17.57,
            "SI.DST.FRST.10": 3.58,
            "SI.DST.04TH.20": 22.7,
            "id": 752
        },
        {
            "SI.DST.05TH.20": 41.33,
            "SI.DST.10TH.10": 25.91,
            "SI.DST.02ND.20": 12.2,
            "SI.DST.FRST.20": 7.55,
            "SI.DST.03RD.20": 16.29,
            "SI.DST.FRST.10": 2.88,
            "SI.DST.04TH.20": 22.63,
            "id": 756
        },
        {
            "SI.DST.05TH.20": 43.93,
            "SI.DST.10TH.10": 28.93,
            "SI.POV.DDAY": 1.71,
            "SI.POV.GAPS": 0.2,
            "SI.DST.02ND.20": 11.43,
            "SI.DST.FRST.20": 7.68,
            "SI.DST.03RD.20": 15.53,
            "SI.DST.FRST.10": 3.36,
            "SI.DST.04TH.20": 21.43,
            "SI.POV.GAP2": 3.28,
            "id": 760,
            "SI.POV.2DAY": 16.85
        },
        {
            "SI.DST.05TH.20": 39.37,
            "SI.POV.URHC": 49.4,
            "SI.DST.10TH.10": 24.31,
            "SI.POV.DDAY": 6.56,
            "SI.POV.RUHC": 55.0,
            "SI.POV.NAHC": 46.7,
            "SI.POV.GAPS": 1.16,
            "SI.DST.02ND.20": 12.75,
            "SI.DST.FRST.20": 8.29,
            "SI.DST.03RD.20": 17.01,
            "SI.DST.FRST.10": 3.53,
            "SI.DST.04TH.20": 22.58,
            "SI.POV.GAP2": 6.97,
            "id": 762,
            "SI.POV.2DAY": 27.69
        },
        {
            "SI.DST.05TH.20": 44.83,
            "SI.POV.URHC": 21.8,
            "SI.DST.10TH.10": 29.61,
            "SI.POV.NAGP": 9.9,
            "SI.POV.RUHC": 37.4,
            "SI.POV.NAHC": 33.4,
            "SI.POV.2DAY": 87.87,
            "SI.POV.GAPS": 28.1,
            "SI.DST.02ND.20": 11.11,
            "SI.DST.FRST.20": 6.8,
            "SI.POV.RUGP": 11.0,
            "SI.POV.DDAY": 67.87,
            "SI.DST.03RD.20": 15.56,
            "SI.DST.FRST.10": 2.82,
            "SI.DST.04TH.20": 21.7,
            "SI.POV.GAP2": 47.52,
            "id": 834,
            "SI.POV.URGP": 6.5
        },
        {
            "SI.DST.05TH.20": 47.21,
            "SI.POV.URHC": 2.57,
            "SI.DST.10TH.10": 31.45,
            "SI.POV.NAGP": 3.0,
            "SI.POV.RUHC": 10.41,
            "SI.POV.NAHC": 7.75,
            "SI.POV.GAPS": 0.05,
            "SI.DST.02ND.20": 10.28,
            "SI.DST.FRST.20": 6.67,
            "SI.POV.DDAY": 0.37,
            "SI.DST.03RD.20": 14.49,
            "SI.DST.FRST.10": 2.79,
            "SI.DST.04TH.20": 21.35,
            "SI.POV.GAP2": 0.77,
            "id": 764,
            "SI.POV.2DAY": 4.58
        },
        {
            "SI.DST.05TH.20": 41.27,
            "SI.DST.10TH.10": 27.03,
            "SI.POV.NAGP": 11.9,
            "SI.POV.NAHC": 49.9,
            "SI.POV.GAPS": 8.88,
            "SI.DST.02ND.20": 12.46,
            "SI.DST.FRST.20": 8.95,
            "SI.POV.DDAY": 37.44,
            "SI.DST.03RD.20": 16.12,
            "SI.DST.FRST.10": 4.01,
            "SI.DST.04TH.20": 21.2,
            "SI.POV.GAP2": 26.98,
            "id": 626,
            "SI.POV.2DAY": 72.82
        },
        {
            "SI.DST.05TH.20": 42.4,
            "SI.POV.URHC": 34.6,
            "SI.DST.10TH.10": 27.06,
            "SI.POV.NAGP": 24.4,
            "SI.POV.RUHC": 73.4,
            "SI.POV.NAHC": 58.7,
            "SI.POV.2DAY": 69.31,
            "SI.POV.GAPS": 11.37,
            "SI.DST.02ND.20": 11.74,
            "SI.DST.FRST.20": 7.62,
            "SI.POV.RUGP": 33.1,
            "SI.POV.DDAY": 38.68,
            "SI.DST.03RD.20": 16.09,
            "SI.DST.FRST.10": 3.27,
            "SI.DST.04TH.20": 22.15,
            "SI.POV.GAP2": 27.92,
            "id": 768,
            "SI.POV.URGP": 10.1
        },
        {
            "SI.DST.05TH.20": 45.89,
            "SI.DST.10TH.10": 29.89,
            "SI.POV.DDAY": 4.16,
            "SI.POV.GAPS": 1.05,
            "SI.DST.02ND.20": 10.33,
            "SI.DST.FRST.20": 5.51,
            "SI.DST.03RD.20": 15.53,
            "SI.DST.FRST.10": 2.07,
            "SI.DST.04TH.20": 22.74,
            "SI.POV.GAP2": 3.88,
            "id": 780,
            "SI.POV.2DAY": 13.53
        },
        {
            "SI.DST.05TH.20": 47.88,
            "SI.DST.10TH.10": 32.45,
            "SI.POV.DDAY": 1.35,
            "SI.POV.NAHC": 15.5,
            "SI.POV.GAPS": 0.28,
            "SI.DST.02ND.20": 10.14,
            "SI.DST.FRST.20": 5.92,
            "SI.DST.03RD.20": 14.74,
            "SI.DST.FRST.10": 2.42,
            "SI.DST.04TH.20": 21.32,
            "SI.POV.GAP2": 1.76,
            "id": 788,
            "SI.POV.2DAY": 8.06
        },
        {
            "SI.DST.05TH.20": 45.06,
            "SI.POV.URHC": 8.9,
            "SI.DST.10TH.10": 29.35,
            "SI.POV.DDAY": 0.0,
            "SI.POV.RUHC": 38.7,
            "SI.POV.NAHC": 18.1,
            "SI.POV.GAPS": 0.0,
            "SI.DST.02ND.20": 10.93,
            "SI.DST.FRST.20": 5.7,
            "SI.DST.03RD.20": 15.89,
            "SI.DST.FRST.10": 2.11,
            "SI.DST.04TH.20": 22.42,
            "SI.POV.GAP2": 0.74,
            "id": 792,
            "SI.POV.2DAY": 4.16
        },
        {
            "SI.DST.05TH.20": 47.47,
            "SI.DST.10TH.10": 31.72,
            "SI.POV.DDAY": 24.82,
            "SI.POV.GAPS": 6.97,
            "SI.DST.02ND.20": 10.15,
            "SI.DST.FRST.20": 6.14,
            "SI.DST.03RD.20": 14.73,
            "SI.DST.FRST.10": 2.57,
            "SI.DST.04TH.20": 21.51,
            "SI.POV.GAP2": 18.42,
            "id": 795,
            "SI.POV.2DAY": 49.65
        },
        {
            "SI.DST.05TH.20": 50.73,
            "SI.POV.URHC": 9.1,
            "SI.DST.10TH.10": 36.1,
            "SI.POV.NAGP": 6.8,
            "SI.POV.RUHC": 27.2,
            "SI.POV.NAHC": 24.5,
            "SI.POV.2DAY": 64.74,
            "SI.POV.GAPS": 12.21,
            "SI.DST.02ND.20": 9.64,
            "SI.DST.FRST.20": 5.84,
            "SI.POV.RUGP": 7.6,
            "SI.POV.DDAY": 38.01,
            "SI.DST.03RD.20": 13.76,
            "SI.DST.FRST.10": 2.35,
            "SI.DST.04TH.20": 20.03,
            "SI.POV.GAP2": 27.37,
            "id": 800,
            "SI.POV.URGP": 1.8
        },
        {
            "SI.DST.05TH.20": 36.32,
            "SI.POV.URHC": 2.0,
            "SI.DST.10TH.10": 22.04,
            "SI.POV.NAGP": 0.4,
            "SI.POV.RUHC": 4.7,
            "SI.POV.NAHC": 2.9,
            "SI.POV.2DAY": 0.17,
            "SI.POV.GAPS": 0.04,
            "SI.DST.02ND.20": 13.95,
            "SI.DST.FRST.20": 9.67,
            "SI.POV.RUGP": 0.7,
            "SI.POV.DDAY": 0.06,
            "SI.DST.03RD.20": 17.69,
            "SI.DST.FRST.10": 4.2,
            "SI.DST.04TH.20": 22.37,
            "SI.POV.GAP2": 0.06,
            "id": 804,
            "SI.POV.URGP": 0.3
        },
        {
            "SI.DST.05TH.20": 44.02,
            "SI.DST.10TH.10": 28.49,
            "SI.DST.02ND.20": 11.41,
            "SI.DST.FRST.20": 6.14,
            "SI.DST.03RD.20": 15.96,
            "SI.DST.FRST.10": 2.06,
            "SI.DST.04TH.20": 22.47,
            "id": 826
        },
        {
            "SI.DST.05TH.20": 45.82,
            "SI.DST.10TH.10": 29.85,
            "SI.DST.02ND.20": 10.68,
            "SI.DST.FRST.20": 5.44,
            "SI.DST.03RD.20": 15.66,
            "SI.DST.FRST.10": 1.88,
            "SI.DST.04TH.20": 22.4,
            "id": 840
        },
        {
            "SI.DST.05TH.20": 50.9,
            "SI.POV.URHC": 14.3,
            "SI.DST.10TH.10": 34.36,
            "SI.POV.NAGP": 2.5,
            "SI.POV.RUHC": 6.0,
            "SI.POV.NAHC": 13.7,
            "SI.POV.2DAY": 1.18,
            "SI.POV.GAPS": 0.07,
            "SI.DST.02ND.20": 8.99,
            "SI.DST.FRST.20": 4.92,
            "SI.POV.RUGP": 1.0,
            "SI.POV.DDAY": 0.2,
            "SI.DST.03RD.20": 13.74,
            "SI.DST.FRST.10": 1.91,
            "SI.DST.04TH.20": 21.45,
            "SI.POV.GAP2": 0.26,
            "id": 858,
            "SI.POV.URGP": 2.6
        },
        {
            "SI.DST.05TH.20": 44.19,
            "SI.DST.10TH.10": 29.47,
            "SI.DST.02ND.20": 11.52,
            "SI.DST.FRST.20": 7.14,
            "SI.DST.03RD.20": 15.67,
            "SI.DST.FRST.10": 2.85,
            "SI.DST.04TH.20": 21.48,
            "id": 860
        },
        {
            "SI.DST.05TH.20": 49.42,
            "SI.DST.10TH.10": 33.17,
            "SI.POV.DDAY": 6.63,
            "SI.POV.NAHC": 31.9,
            "SI.POV.GAPS": 3.74,
            "SI.DST.02ND.20": 9.52,
            "SI.DST.FRST.20": 4.28,
            "SI.DST.03RD.20": 14.6,
            "SI.DST.FRST.10": 1.2,
            "SI.DST.04TH.20": 22.18,
            "SI.POV.GAP2": 5.91,
            "id": 862,
            "SI.POV.2DAY": 12.91
        },
        {
            "SI.DST.05TH.20": 43.41,
            "SI.POV.URHC": 6.0,
            "SI.DST.10TH.10": 28.21,
            "SI.POV.DDAY": 16.85,
            "SI.POV.RUHC": 27.0,
            "SI.POV.NAHC": 14.2,
            "SI.POV.GAPS": 3.75,
            "SI.DST.02ND.20": 11.52,
            "SI.DST.FRST.20": 7.42,
            "SI.DST.03RD.20": 15.81,
            "SI.DST.FRST.10": 3.18,
            "SI.DST.04TH.20": 21.84,
            "SI.POV.GAP2": 13.53,
            "id": 704,
            "SI.POV.2DAY": 43.36
        },
        {
            "SI.DST.05TH.20": 43.36,
            "SI.DST.10TH.10": 28.18,
            "SI.POV.NAGP": 4.9,
            "SI.POV.NAHC": 21.9,
            "SI.POV.GAPS": 0.01,
            "SI.DST.02ND.20": 11.54,
            "SI.DST.FRST.20": 7.44,
            "SI.POV.DDAY": 0.04,
            "SI.DST.03RD.20": 15.83,
            "SI.DST.FRST.10": 3.19,
            "SI.DST.04TH.20": 21.83,
            "SI.POV.GAP2": 0.06,
            "id": 275,
            "SI.POV.2DAY": 0.34
        },
        {
            "SI.DST.05TH.20": 45.29,
            "SI.POV.URHC": 20.7,
            "SI.DST.10TH.10": 30.82,
            "SI.POV.NAGP": 8.9,
            "SI.POV.RUHC": 40.1,
            "SI.POV.NAHC": 34.8,
            "SI.POV.2DAY": 46.6,
            "SI.POV.GAPS": 4.18,
            "SI.DST.02ND.20": 11.31,
            "SI.DST.FRST.20": 7.18,
            "SI.POV.RUGP": 10.6,
            "SI.POV.DDAY": 17.53,
            "SI.DST.03RD.20": 15.27,
            "SI.DST.FRST.10": 2.91,
            "SI.DST.04TH.20": 20.95,
            "SI.POV.GAP2": 14.76,
            "id": 887,
            "SI.POV.URGP": 4.5
        },
        {
            "SI.DST.05TH.20": 59.41,
            "SI.POV.URHC": 27.5,
            "SI.DST.10TH.10": 43.14,
            "SI.POV.NAGP": 28.0,
            "SI.POV.RUHC": 77.9,
            "SI.POV.NAHC": 60.5,
            "SI.POV.2DAY": 82.55,
            "SI.POV.GAPS": 37.02,
            "SI.DST.02ND.20": 6.69,
            "SI.DST.FRST.20": 3.57,
            "SI.POV.RUGP": 37.9,
            "SI.POV.DDAY": 68.51,
            "SI.DST.03RD.20": 11.17,
            "SI.DST.FRST.10": 1.45,
            "SI.DST.04TH.20": 19.16,
            "SI.POV.GAP2": 51.83,
            "id": 894,
            "SI.POV.URGP": 9.3
        },
        {
            "SI.DST.05TH.20": 55.74,
            "SI.DST.10TH.10": 40.32,
            "SI.POV.NAHC": 72.0,
            "SI.DST.02ND.20": 8.14,
            "SI.DST.FRST.20": 4.63,
            "SI.DST.03RD.20": 12.19,
            "SI.DST.FRST.10": 1.83,
            "SI.DST.04TH.20": 19.3,
            "id": 716
        }
    ],
    "id": "poverty",
    "metadata": [
        {
            "Data_Item": "id",
            "Item_Description": "ISO 3166-1 numeric country code"
        },
        {
            "Data_Item": "SI.DST.04TH.20",
            "Item_Description": "Income share held by fourth 20%"
        },
        {
            "Data_Item": "SI.DST.10TH.10",
            "Item_Description": "Income share held by highest 10%"
        },
        {
            "Data_Item": "SI.DST.05TH.20",
            "Item_Description": "Income share held by highest 20%"
        },
        {
            "Data_Item": "SI.DST.FRST.10",
            "Item_Description": "Income share held by lowest 10%"
        },
        {
            "Data_Item": "SI.DST.FRST.20",
            "Item_Description": "Income share held by lowest 20%"
        },
        {
            "Data_Item": "SI.DST.02ND.20",
            "Item_Description": "Income share held by second 20%"
        },
        {
            "Data_Item": "SI.DST.03RD.20",
            "Item_Description": "Income share held by third 20%"
        },
        {
            "Data_Item": "SI.POV.GAPS",
            "Item_Description": "Poverty gap at $1.25 a day (PPP) (%)"
        },
        {
            "Data_Item": "SI.POV.GAP2",
            "Item_Description": "Poverty gap at $2 a day (PPP) (%)"
        },
        {
            "Data_Item": "SI.POV.NAGP",
            "Item_Description": "Poverty gap at national poverty line (%)"
        },
        {
            "Data_Item": "SI.POV.RUGP",
            "Item_Description": "Poverty gap at rural poverty line (%)"
        },
        {
            "Data_Item": "SI.POV.URGP",
            "Item_Description": "Poverty gap at urban poverty line (%)"
        },
        {
            "Data_Item": "SI.POV.DDAY",
            "Item_Description": "Poverty headcount ratio at $1.25 a day (PPP) (% of population)"
        },
        {
            "Data_Item": "SI.POV.2DAY",
            "Item_Description": "Poverty headcount ratio at $2 a day (PPP) (% of population)"
        },
        {
            "Data_Item": "SI.POV.NAHC",
            "Item_Description": "Poverty headcount ratio at national poverty line (% of population)"
        },
        {
            "Data_Item": "SI.POV.RUHC",
            "Item_Description": "Poverty headcount ratio at rural poverty line (% of rural population)"
        },
        {
            "Data_Item": "SI.POV.URHC",
            "Item_Description": "Poverty headcount ratio at urban poverty line (% of urban population)"
        }
    ]
}