{
    "sourceUrl": "http://data.worldbank.org/data-catalog/world-development-indicators",
    "name": "World Development Indicators (2012) - Science & Technology",
    "nodeIdSource": "id",
    "data": [
        {
            "IP.JRN.ARTC.SC": 11.7,
            "id": 4
        },
        {
            "IP.TMK.RESD": 213.0,
            "IP.JRN.ARTC.SC": 8.0,
            "BX.GSR.ROYL.CD": 13323433.5742808,
            "BM.GSR.ROYL.CD": 12667196.9474142,
            "SP.POP.SCIE.RD.P6": 146.7908594872,
            "TX.VAL.TECH.MF.ZS": 0.893509248780069,
            "GB.XPD.RSDV.GD.ZS": 0.153079044117647,
            "SP.POP.TECH.RD.P6": 37.7192786690878,
            "IP.TMK.NRES": 738.0,
            "IP.PAT.NRES": 361.0,
            "TX.VAL.TECH.CD": 8585833.0,
            "id": 8
        },
        {
            "IP.TMK.RESD": 2070.0,
            "IP.JRN.ARTC.SC": 606.5,
            "BX.GSR.ROYL.CD": 1869832.1608364,
            "IP.PAT.RESD": 76.0,
            "BM.GSR.ROYL.CD": 90534150.4060647,
            "SP.POP.SCIE.RD.P6": 170.059706981013,
            "TX.VAL.TECH.MF.ZS": 0.504620348567318,
            "GB.XPD.RSDV.GD.ZS": 0.0665955460728097,
            "SP.POP.TECH.RD.P6": 34.480190902283,
            "IP.TMK.NRES": 1555.0,
            "IP.PAT.NRES": 730.0,
            "TX.VAL.TECH.CD": 5141641.0,
            "id": 12
        },
        {
            "SP.POP.SCIE.RD.P6": 95.2955751087958,
            "id": 16
        },
        {
            "IP.TMK.RESD": 259.0,
            "IP.JRN.ARTC.SC": 0.3,
            "TX.VAL.TECH.MF.ZS": 16.3305237944199,
            "IP.TMK.NRES": 689.0,
            "TX.VAL.TECH.CD": 15582884.0,
            "id": 20
        },
        {
            "IP.TMK.RESD": 93.0,
            "IP.JRN.ARTC.SC": 6.2,
            "BX.GSR.ROYL.CD": 12000000.0,
            "IP.PAT.RESD": 4.0,
            "BM.GSR.ROYL.CD": 3185000.0,
            "IP.TMK.NRES": 1883.0,
            "IP.PAT.NRES": 2.0,
            "id": 24
        },
        {
            "BM.GSR.ROYL.CD": 1163463.33333333,
            "TX.VAL.TECH.CD": 1208.0,
            "TX.VAL.TECH.MF.ZS": 0.0565125312327638,
            "id": 29,
            "IP.JRN.ARTC.SC": 0.0
        },
        {
            "IP.TMK.RESD": 89.0,
            "IP.JRN.ARTC.SC": 6578.4,
            "BX.GSR.ROYL.CD": 44692.7374301676,
            "IP.PAT.RESD": 1.0,
            "BM.GSR.ROYL.CD": 9547486.03351955,
            "TX.VAL.TECH.MF.ZS": 3.29245155182017,
            "IP.TMK.NRES": 491.0,
            "IP.PAT.NRES": 4322.0,
            "TX.VAL.TECH.CD": 560538.0,
            "id": 533
        },
        {
            "IP.TMK.RESD": 60777.0,
            "IP.JRN.ARTC.SC": 3655.2,
            "BX.GSR.ROYL.CD": 189961007.18498,
            "IP.PAT.RESD": 801.0,
            "BM.GSR.ROYL.CD": 1739053218.07883,
            "SP.POP.SCIE.RD.P6": 1045.54284202632,
            "TX.VAL.TECH.MF.ZS": 7.45159537699651,
            "GB.XPD.RSDV.GD.ZS": 0.523810868199466,
            "SP.POP.TECH.RD.P6": 207.381230810123,
            "IP.TMK.NRES": 18362.0,
            "IP.PAT.NRES": 4781.0,
            "TX.VAL.TECH.CD": 1634776258.0,
            "id": 32
        },
        {
            "IP.TMK.RESD": 1266.0,
            "IP.JRN.ARTC.SC": 164.2,
            "IP.PAT.RESD": 136.0,
            "TX.VAL.TECH.MF.ZS": 1.84865937230269,
            "GB.XPD.RSDV.GD.ZS": 0.273087493998595,
            "IP.TMK.NRES": 693.0,
            "IP.PAT.NRES": 6.0,
            "TX.VAL.TECH.CD": 3759946.0,
            "id": 51
        },
        {
            "IP.TMK.RESD": 39633.0,
            "IP.JRN.ARTC.SC": 18923.3,
            "BX.GSR.ROYL.CD": 703299613.695731,
            "IP.PAT.RESD": 2409.0,
            "BM.GSR.ROYL.CD": 3026254386.86433,
            "SP.POP.SCIE.RD.P6": 4258.50047901774,
            "TX.VAL.TECH.MF.ZS": 11.8765932136317,
            "GB.XPD.RSDV.GD.ZS": 2.34736619420351,
            "SP.POP.TECH.RD.P6": 1143.60924423593,
            "IP.TMK.NRES": 10579.0,
            "IP.PAT.NRES": 22478.0,
            "TX.VAL.TECH.CD": 3826224230.0,
            "id": 36
        },
        {
            "IP.TMK.RESD": 5910.0,
            "IP.JRN.ARTC.SC": 4832.2,
            "BX.GSR.ROYL.CD": 779944457.498253,
            "IP.PAT.RESD": 2424.0,
            "BM.GSR.ROYL.CD": 1437730450.9966,
            "SP.POP.SCIE.RD.P6": 4122.12521949871,
            "TX.VAL.TECH.MF.ZS": 11.9055753937815,
            "GB.XPD.RSDV.GD.ZS": 2.7482620713074,
            "SP.POP.TECH.RD.P6": 1958.88388421214,
            "IP.TMK.NRES": 914.0,
            "IP.PAT.NRES": 249.0,
            "TX.VAL.TECH.CD": 13721385414.0,
            "id": 40
        },
        {
            "IP.TMK.RESD": 908.0,
            "IP.JRN.ARTC.SC": 150.9,
            "BX.GSR.ROYL.CD": 23000.0,
            "IP.PAT.RESD": 222.0,
            "BM.GSR.ROYL.CD": 18423000.0,
            "TX.VAL.TECH.MF.ZS": 1.08392898832668,
            "GB.XPD.RSDV.GD.ZS": 0.257150004337893,
            "IP.TMK.NRES": 896.0,
            "IP.PAT.NRES": 5.0,
            "TX.VAL.TECH.CD": 5712075.0,
            "id": 31
        },
        {
            "IP.TMK.RESD": 53.0,
            "IP.JRN.ARTC.SC": 2.5,
            "IP.PAT.RESD": 2.0,
            "BM.GSR.ROYL.CD": 15275000.0,
            "TX.VAL.TECH.MF.ZS": 3.27128879313234e-05,
            "IP.TMK.NRES": 540.0,
            "IP.PAT.NRES": 29.0,
            "TX.VAL.TECH.CD": 76.0,
            "id": 44
        },
        {
            "IP.TMK.RESD": 343.0,
            "IP.JRN.ARTC.SC": 35.8,
            "IP.PAT.RESD": 1.0,
            "TX.VAL.TECH.MF.ZS": 0.110260452133423,
            "IP.TMK.NRES": 6343.0,
            "IP.PAT.NRES": 31.0,
            "TX.VAL.TECH.CD": 964226.0,
            "id": 48
        },
        {
            "IP.TMK.RESD": 7857.0,
            "IP.JRN.ARTC.SC": 259.6,
            "BX.GSR.ROYL.CD": 710873.687783912,
            "IP.PAT.RESD": 66.0,
            "BM.GSR.ROYL.CD": 11677626.8148093,
            "TX.VAL.TECH.MF.ZS": 1.15229815704176,
            "IP.TMK.NRES": 2374.0,
            "IP.PAT.NRES": 276.0,
            "TX.VAL.TECH.CD": 133700302.0,
            "id": 50
        },
        {
            "IP.TMK.RESD": 127.0,
            "IP.JRN.ARTC.SC": 12.6,
            "BX.GSR.ROYL.CD": 3431865.74,
            "IP.PAT.RESD": 3.0,
            "BM.GSR.ROYL.CD": 19147648.525,
            "TX.VAL.TECH.MF.ZS": 12.1308650944869,
            "IP.TMK.NRES": 1123.0,
            "IP.PAT.NRES": 68.0,
            "TX.VAL.TECH.CD": 18332852.0,
            "id": 52
        },
        {
            "IP.TMK.RESD": 3921.0,
            "IP.JRN.ARTC.SC": 380.2,
            "BX.GSR.ROYL.CD": 20000000.0,
            "IP.PAT.RESD": 1759.0,
            "BM.GSR.ROYL.CD": 90700000.0,
            "TX.VAL.TECH.MF.ZS": 3.03926620871797,
            "GB.XPD.RSDV.GD.ZS": 0.642360206690522,
            "IP.TMK.NRES": 1425.0,
            "IP.PAT.NRES": 174.0,
            "TX.VAL.TECH.CD": 407585600.0,
            "id": 112
        },
        {
            "IP.TMK.RESD": 24005.0,
            "IP.JRN.ARTC.SC": 7217.6,
            "BX.GSR.ROYL.CD": 2572103805.73797,
            "IP.PAT.RESD": 620.0,
            "BM.GSR.ROYL.CD": 2618000255.19837,
            "SP.POP.SCIE.RD.P6": 3490.72201714333,
            "TX.VAL.TECH.MF.ZS": 10.4687539249357,
            "GB.XPD.RSDV.GD.ZS": 1.96158119128912,
            "SP.POP.TECH.RD.P6": 1405.74496539346,
            "IP.TMK.NRES": 22171.0,
            "IP.PAT.NRES": 140.0,
            "TX.VAL.TECH.CD": 32227144837.0,
            "id": 56
        },
        {
            "IP.TMK.RESD": 35.0,
            "IP.JRN.ARTC.SC": 2.0,
            "BX.GSR.ROYL.CD": 2500000.0,
            "IP.PAT.RESD": 1.0,
            "BM.GSR.ROYL.CD": 1976691.48052993,
            "TX.VAL.TECH.MF.ZS": 0.376772380793892,
            "IP.TMK.NRES": 770.0,
            "IP.PAT.NRES": 54.0,
            "TX.VAL.TECH.CD": 13109.0,
            "id": 84
        },
        {
            "IP.JRN.ARTC.SC": 47.7,
            "BX.GSR.ROYL.CD": 2019.07206763847,
            "BM.GSR.ROYL.CD": 2881215.84052009,
            "TX.VAL.TECH.MF.ZS": 0.16567672135939,
            "TX.VAL.TECH.CD": 50971.0,
            "id": 204
        },
        {
            "id": 60,
            "GB.XPD.RSDV.GD.ZS": 0.0588510675876893
        },
        {
            "IP.TMK.RESD": 18.0,
            "IP.JRN.ARTC.SC": 6.9,
            "TX.VAL.TECH.MF.ZS": 0.137310610162976,
            "IP.TMK.NRES": 131.0,
            "TX.VAL.TECH.CD": 394616.0,
            "id": 64
        },
        {
            "IP.TMK.RESD": 1873.0,
            "IP.JRN.ARTC.SC": 45.2,
            "BX.GSR.ROYL.CD": 7178601.88,
            "IP.PAT.RESD": 17.0,
            "BM.GSR.ROYL.CD": 20800500.0,
            "SP.POP.SCIE.RD.P6": 120.27767025391,
            "TX.VAL.TECH.MF.ZS": 8.61685513078351,
            "GB.XPD.RSDV.GD.ZS": 0.276631490446627,
            "IP.TMK.NRES": 4208.0,
            "IP.PAT.NRES": 106.0,
            "TX.VAL.TECH.CD": 37069781.0,
            "id": 68
        },
        {
            "IP.TMK.RESD": 298.0,
            "IP.JRN.ARTC.SC": 63.8,
            "BX.GSR.ROYL.CD": 12827695.8030105,
            "IP.PAT.RESD": 56.0,
            "BM.GSR.ROYL.CD": 4604166.89359272,
            "SP.POP.SCIE.RD.P6": 197.185312436988,
            "TX.VAL.TECH.MF.ZS": 2.5818115687999,
            "GB.XPD.RSDV.GD.ZS": 0.0217616904226057,
            "SP.POP.TECH.RD.P6": 71.4251313960128,
            "IP.TMK.NRES": 545.0,
            "IP.PAT.NRES": 9.0,
            "TX.VAL.TECH.CD": 70648090.0,
            "id": 70
        },
        {
            "IP.TMK.RESD": 4.0,
            "IP.JRN.ARTC.SC": 44.9,
            "BX.GSR.ROYL.CD": 128767.886381475,
            "BM.GSR.ROYL.CD": 11409612.23544,
            "TX.VAL.TECH.MF.ZS": 0.399678757503703,
            "GB.XPD.RSDV.GD.ZS": 0.516013838529367,
            "IP.TMK.NRES": 566.0,
            "IP.PAT.NRES": 29.0,
            "TX.VAL.TECH.CD": 14725119.0,
            "id": 72
        },
        {
            "IP.TMK.RESD": 102449.0,
            "IP.JRN.ARTC.SC": 12306.3,
            "BX.GSR.ROYL.CD": 590769562.95,
            "IP.PAT.RESD": 2705.0,
            "BM.GSR.ROYL.CD": 3301090224.91,
            "SP.POP.SCIE.RD.P6": 695.74891855879,
            "TX.VAL.TECH.MF.ZS": 11.2076318528468,
            "GB.XPD.RSDV.GD.ZS": 1.08079386146608,
            "SP.POP.TECH.RD.P6": 559.7482932796,
            "IP.TMK.NRES": 23205.0,
            "IP.PAT.NRES": 19981.0,
            "TX.VAL.TECH.CD": 8121872800.0,
            "id": 76
        },
        {
            "IP.TMK.RESD": 35.0,
            "IP.JRN.ARTC.SC": 10.6,
            "BM.GSR.ROYL.CD": 7578254.52987923,
            "SP.POP.SCIE.RD.P6": 286.281792309443,
            "TX.VAL.TECH.MF.ZS": 6.4607181351356,
            "GB.XPD.RSDV.GD.ZS": 0.037013884897266,
            "IP.TMK.NRES": 614.0,
            "IP.PAT.NRES": 42.0,
            "TX.VAL.TECH.CD": 16386077.0,
            "id": 96
        },
        {
            "IP.TMK.RESD": 4308.0,
            "IP.JRN.ARTC.SC": 735.4,
            "BX.GSR.ROYL.CD": 18518070.2010183,
            "IP.PAT.RESD": 243.0,
            "BM.GSR.ROYL.CD": 125967052.9942,
            "SP.POP.SCIE.RD.P6": 1586.70519234956,
            "TX.VAL.TECH.MF.ZS": 7.91304815603678,
            "GB.XPD.RSDV.GD.ZS": 0.528471152831439,
            "SP.POP.TECH.RD.P6": 492.404353286555,
            "IP.TMK.NRES": 523.0,
            "IP.PAT.NRES": 17.0,
            "TX.VAL.TECH.CD": 802458914.0,
            "id": 100
        },
        {
            "IP.TMK.RESD": 34.0,
            "IP.JRN.ARTC.SC": 49.9,
            "BX.GSR.ROYL.CD": 8471.23281280599,
            "IP.PAT.RESD": 2.0,
            "BM.GSR.ROYL.CD": 512509.585174763,
            "SP.POP.SCIE.RD.P6": 45.0821478835567,
            "TX.VAL.TECH.MF.ZS": 7.80400790995068,
            "GB.XPD.RSDV.GD.ZS": 0.205665712799168,
            "SP.POP.TECH.RD.P6": 35.1833786171768,
            "IP.TMK.NRES": 0.0,
            "TX.VAL.TECH.CD": 2864513.0,
            "id": 854
        },
        {
            "IP.TMK.RESD": 20.0,
            "IP.JRN.ARTC.SC": 2.6,
            "BX.GSR.ROYL.CD": 713.677766558648,
            "IP.PAT.RESD": 1.0,
            "BM.GSR.ROYL.CD": 620741.061846788,
            "TX.VAL.TECH.MF.ZS": 19.8120766027626,
            "IP.TMK.NRES": 132.0,
            "IP.PAT.NRES": 4.0,
            "TX.VAL.TECH.CD": 1235660.0,
            "id": 108
        },
        {
            "IP.TMK.RESD": 544.0,
            "IP.JRN.ARTC.SC": 26.9,
            "BX.GSR.ROYL.CD": 1000000.0,
            "IP.PAT.RESD": 2.0,
            "BM.GSR.ROYL.CD": 10102500.0,
            "SP.POP.SCIE.RD.P6": 17.3566482541135,
            "TX.VAL.TECH.MF.ZS": 0.0875054893781099,
            "GB.XPD.RSDV.GD.ZS": 0.0498017995101012,
            "SP.POP.TECH.RD.P6": 13.201017467818,
            "IP.TMK.NRES": 2322.0,
            "IP.PAT.NRES": 18.0,
            "TX.VAL.TECH.CD": 4699613.0,
            "id": 116
        },
        {
            "IP.JRN.ARTC.SC": 145.1,
            "BX.GSR.ROYL.CD": 316994.31461924,
            "BM.GSR.ROYL.CD": 11597549.9565154,
            "TX.VAL.TECH.MF.ZS": 4.86879673843463,
            "TX.VAL.TECH.CD": 14232013.0,
            "id": 120
        },
        {
            "IP.TMK.RESD": 20449.0,
            "IP.JRN.ARTC.SC": 29016.9,
            "BX.GSR.ROYL.CD": 3946354518.55663,
            "IP.PAT.RESD": 4550.0,
            "BM.GSR.ROYL.CD": 9217822933.84937,
            "SP.POP.SCIE.RD.P6": 4334.73488184339,
            "TX.VAL.TECH.MF.ZS": 14.0481728426911,
            "GB.XPD.RSDV.GD.ZS": 1.95474375989927,
            "SP.POP.TECH.RD.P6": 1740.19525047113,
            "IP.TMK.NRES": 24771.0,
            "IP.PAT.NRES": 30899.0,
            "TX.VAL.TECH.CD": 23966156294.0,
            "id": 124
        },
        {
            "IP.TMK.RESD": 1.0,
            "IP.JRN.ARTC.SC": 2.1,
            "BX.GSR.ROYL.CD": 672.985789145253,
            "BM.GSR.ROYL.CD": 343570.536685902,
            "SP.POP.SCIE.RD.P6": 132.526394840306,
            "TX.VAL.TECH.MF.ZS": 0.0,
            "SP.POP.TECH.RD.P6": 33.1315987100764,
            "TX.VAL.TECH.CD": 0.0,
            "id": 132
        },
        {
            "TX.VAL.TECH.CD": 7456.0,
            "TX.VAL.TECH.MF.ZS": 0.0582328804430385,
            "id": 140,
            "IP.JRN.ARTC.SC": 4.0
        },
        {
            "IP.JRN.ARTC.SC": 2.3,
            "id": 148
        },
        {
            "IP.TMK.RESD": 30133.0,
            "IP.JRN.ARTC.SC": 1867.8,
            "BX.GSR.ROYL.CD": 64090032.2122314,
            "IP.PAT.RESD": 328.0,
            "BM.GSR.ROYL.CD": 496497936.398942,
            "SP.POP.SCIE.RD.P6": 354.795451402043,
            "TX.VAL.TECH.MF.ZS": 5.45346731440367,
            "GB.XPD.RSDV.GD.ZS": 0.394507982701343,
            "SP.POP.TECH.RD.P6": 293.17214343072,
            "IP.TMK.NRES": 14971.0,
            "IP.PAT.NRES": 748.0,
            "TX.VAL.TECH.CD": 482936717.0,
            "id": 152
        },
        {
            "IP.TMK.RESD": 973460.0,
            "IP.JRN.ARTC.SC": 74019.2,
            "BX.GSR.ROYL.CD": 743301698.0,
            "IP.PAT.RESD": 293066.0,
            "BM.GSR.ROYL.CD": 14706108691.0,
            "SP.POP.SCIE.RD.P6": 1198.86271426921,
            "TX.VAL.TECH.MF.ZS": 27.5127042706018,
            "GB.XPD.RSDV.GD.ZS": 1.46985811605583,
            "IP.TMK.NRES": 67838.0,
            "IP.PAT.NRES": 98111.0,
            "TX.VAL.TECH.CD": 406089687684.0,
            "id": 156
        },
        {
            "IP.TMK.RESD": 15772.0,
            "IP.JRN.ARTC.SC": 608.4,
            "BX.GSR.ROYL.CD": 58929005.6225601,
            "IP.PAT.RESD": 133.0,
            "BM.GSR.ROYL.CD": 424625387.373198,
            "SP.POP.SCIE.RD.P6": 157.246462243451,
            "TX.VAL.TECH.MF.ZS": 5.05631980898406,
            "GB.XPD.RSDV.GD.ZS": 0.159487671307053,
            "IP.TMK.NRES": 10218.0,
            "IP.PAT.NRES": 1739.0,
            "TX.VAL.TECH.CD": 425239837.0,
            "id": 170
        },
        {
            "TX.VAL.TECH.CD": 2174.0,
            "TX.VAL.TECH.MF.ZS": 0.626740545558329,
            "id": 174,
            "IP.JRN.ARTC.SC": 0.5
        },
        {
            "IP.TMK.RESD": 312.0,
            "IP.JRN.ARTC.SC": 19.1,
            "IP.PAT.RESD": 8.0,
            "GB.XPD.RSDV.GD.ZS": 0.478740130173134,
            "IP.TMK.NRES": 397.0,
            "IP.PAT.NRES": 86.0,
            "id": 180
        },
        {
            "IP.JRN.ARTC.SC": 17.7,
            "IP.PAT.RESD": 19.0,
            "SP.POP.SCIE.RD.P6": 32.4481395815322,
            "TX.VAL.TECH.MF.ZS": 12.7670226364545,
            "SP.POP.TECH.RD.P6": 35.3979704525806,
            "IP.PAT.NRES": 27.0,
            "TX.VAL.TECH.CD": 3769879.0,
            "id": 178
        },
        {
            "IP.TMK.RESD": 5767.0,
            "IP.JRN.ARTC.SC": 98.3,
            "BX.GSR.ROYL.CD": 4112000.0,
            "IP.PAT.RESD": 8.0,
            "BM.GSR.ROYL.CD": 59459250.0,
            "SP.POP.SCIE.RD.P6": 257.401168123652,
            "TX.VAL.TECH.MF.ZS": 39.9723419497936,
            "GB.XPD.RSDV.GD.ZS": 0.400651500584018,
            "IP.TMK.NRES": 5498.0,
            "IP.PAT.NRES": 1212.0,
            "TX.VAL.TECH.CD": 2193335855.0,
            "id": 188
        },
        {
            "IP.JRN.ARTC.SC": 56.0,
            "BX.GSR.ROYL.CD": 135539.725004896,
            "BM.GSR.ROYL.CD": 17428630.0878553,
            "SP.POP.SCIE.RD.P6": 70.418056854507,
            "TX.VAL.TECH.MF.ZS": 8.22725180975503,
            "TX.VAL.TECH.CD": 125503542.0,
            "id": 384
        },
        {
            "IP.TMK.RESD": 1620.0,
            "IP.JRN.ARTC.SC": 1164.1,
            "BX.GSR.ROYL.CD": 23294357.6763518,
            "IP.PAT.RESD": 257.0,
            "BM.GSR.ROYL.CD": 253565577.500985,
            "SP.POP.SCIE.RD.P6": 1571.34747296675,
            "TX.VAL.TECH.MF.ZS": 9.15010222942558,
            "GB.XPD.RSDV.GD.ZS": 0.833609774214449,
            "SP.POP.TECH.RD.P6": 635.703118482003,
            "IP.TMK.NRES": 781.0,
            "IP.PAT.NRES": 21.0,
            "TX.VAL.TECH.CD": 732105959.0,
            "id": 191
        },
        {
            "IP.TMK.RESD": 211.0,
            "IP.JRN.ARTC.SC": 222.4,
            "IP.PAT.RESD": 59.0,
            "TX.VAL.TECH.MF.ZS": 35.3472109208312,
            "GB.XPD.RSDV.GD.ZS": 0.485449279799952,
            "IP.TMK.NRES": 381.0,
            "IP.PAT.NRES": 172.0,
            "TX.VAL.TECH.CD": 248049451.0,
            "id": 192
        },
        {
            "IP.TMK.NRES": 616.0,
            "id": 531
        },
        {
            "IP.TMK.RESD": 756.0,
            "IP.JRN.ARTC.SC": 195.2,
            "BX.GSR.ROYL.CD": 2339159.32318216,
            "IP.PAT.RESD": 4.0,
            "BM.GSR.ROYL.CD": 34365922.6508887,
            "SP.POP.SCIE.RD.P6": 751.967265581083,
            "TX.VAL.TECH.MF.ZS": 37.287527711815,
            "GB.XPD.RSDV.GD.ZS": 0.459683052371,
            "SP.POP.TECH.RD.P6": 216.341489005117,
            "IP.TMK.NRES": 482.0,
            "IP.PAT.NRES": 4.0,
            "TX.VAL.TECH.CD": 140493862.0,
            "id": 196
        },
        {
            "IP.TMK.RESD": 7793.0,
            "IP.JRN.ARTC.SC": 3946.2,
            "BX.GSR.ROYL.CD": 107170621.289759,
            "IP.PAT.RESD": 868.0,
            "BM.GSR.ROYL.CD": 990222274.209903,
            "SP.POP.SCIE.RD.P6": 2754.79300959268,
            "TX.VAL.TECH.MF.ZS": 15.303136087885,
            "GB.XPD.RSDV.GD.ZS": 1.52652026481957,
            "SP.POP.TECH.RD.P6": 1533.06707497844,
            "IP.TMK.NRES": 651.0,
            "IP.PAT.NRES": 114.0,
            "TX.VAL.TECH.CD": 17468785927.0,
            "id": 203
        },
        {
            "IP.TMK.RESD": 3399.0,
            "IP.JRN.ARTC.SC": 5306.1,
            "IP.PAT.RESD": 1626.0,
            "SP.POP.SCIE.RD.P6": 6390.34645857987,
            "TX.VAL.TECH.MF.ZS": 14.2272106797918,
            "GB.XPD.RSDV.GD.ZS": 3.01937464223348,
            "SP.POP.TECH.RD.P6": 2627.7649046838,
            "IP.TMK.NRES": 431.0,
            "IP.PAT.NRES": 142.0,
            "TX.VAL.TECH.CD": 8291439618.0,
            "id": 208
        },
        {
            "TX.VAL.TECH.CD": 116611.0,
            "TX.VAL.TECH.MF.ZS": 0.0815999002195936,
            "id": 262,
            "IP.JRN.ARTC.SC": 1.6
        },
        {
            "IP.TMK.RESD": 128.0,
            "IP.JRN.ARTC.SC": 3.0,
            "BX.GSR.ROYL.CD": 10948.2222222222,
            "BM.GSR.ROYL.CD": 1258253.88469211,
            "TX.VAL.TECH.MF.ZS": 0.0149701809958412,
            "IP.TMK.NRES": 76.0,
            "IP.PAT.NRES": 2.0,
            "TX.VAL.TECH.CD": 2757.0,
            "id": 212
        },
        {
            "IP.TMK.RESD": 790.0,
            "IP.JRN.ARTC.SC": 6.1,
            "IP.PAT.RESD": 14.0,
            "BM.GSR.ROYL.CD": 70100000.0,
            "TX.VAL.TECH.MF.ZS": 3.16285042109404,
            "IP.TMK.NRES": 722.0,
            "IP.PAT.NRES": 135.0,
            "TX.VAL.TECH.CD": 102044327.0,
            "id": 214
        },
        {
            "IP.TMK.RESD": 8750.0,
            "IP.JRN.ARTC.SC": 67.5,
            "IP.PAT.RESD": 4.0,
            "BM.GSR.ROYL.CD": 65761531.2712795,
            "SP.POP.SCIE.RD.P6": 106.103548902519,
            "TX.VAL.TECH.MF.ZS": 8.42720362212896,
            "GB.XPD.RSDV.GD.ZS": 0.259534943781879,
            "SP.POP.TECH.RD.P6": 30.8890966184193,
            "IP.TMK.NRES": 7445.0,
            "IP.PAT.NRES": 690.0,
            "TX.VAL.TECH.CD": 144508135.0,
            "id": 218
        },
        {
            "IP.TMK.RESD": 581.0,
            "IP.JRN.ARTC.SC": 2247.3,
            "BX.GSR.ROYL.CD": 122000000.0,
            "IP.PAT.RESD": 605.0,
            "BM.GSR.ROYL.CD": 231600000.0,
            "SP.POP.SCIE.RD.P6": 420.440246006198,
            "TX.VAL.TECH.MF.ZS": 0.876451031858656,
            "GB.XPD.RSDV.GD.ZS": 0.211091920936481,
            "SP.POP.TECH.RD.P6": 393.74033064986,
            "IP.TMK.NRES": 1141.0,
            "IP.PAT.NRES": 1625.0,
            "TX.VAL.TECH.CD": 96228883.0,
            "id": 818
        },
        {
            "IP.TMK.RESD": 1699.0,
            "IP.JRN.ARTC.SC": 5.5,
            "BX.GSR.ROYL.CD": 300000.0,
            "IP.PAT.RESD": 3.0,
            "BM.GSR.ROYL.CD": 40020000.0,
            "SP.POP.SCIE.RD.P6": 49.3240666935452,
            "TX.VAL.TECH.MF.ZS": 5.77917713064037,
            "GB.XPD.RSDV.GD.ZS": 0.109016230300179,
            "IP.TMK.NRES": 3689.0,
            "IP.PAT.NRES": 64.0,
            "TX.VAL.TECH.CD": 185960385.0,
            "id": 222
        },
        {
            "IP.JRN.ARTC.SC": 1.6,
            "id": 226
        },
        {
            "IP.JRN.ARTC.SC": 3.7,
            "BX.GSR.ROYL.CD": 94115.1202749141,
            "BM.GSR.ROYL.CD": 281121.134020619,
            "TX.VAL.TECH.MF.ZS": 18.2138857684835,
            "TX.VAL.TECH.CD": 312443.0,
            "id": 232
        },
        {
            "IP.TMK.RESD": 1067.0,
            "IP.JRN.ARTC.SC": 518.1,
            "BX.GSR.ROYL.CD": 22642227.7498738,
            "IP.PAT.RESD": 84.0,
            "BM.GSR.ROYL.CD": 74227082.1550886,
            "SP.POP.SCIE.RD.P6": 3210.27646241994,
            "TX.VAL.TECH.MF.ZS": 9.02243865099533,
            "GB.XPD.RSDV.GD.ZS": 1.43710223437209,
            "SP.POP.TECH.RD.P6": 626.849896655484,
            "IP.TMK.NRES": 319.0,
            "IP.PAT.NRES": 13.0,
            "TX.VAL.TECH.CD": 721401334.0,
            "id": 233
        },
        {
            "IP.TMK.RESD": 426.0,
            "IP.JRN.ARTC.SC": 175.3,
            "BX.GSR.ROYL.CD": 247765.416893145,
            "IP.PAT.RESD": 12.0,
            "BM.GSR.ROYL.CD": 2877321.04207708,
            "SP.POP.SCIE.RD.P6": 20.7801402488336,
            "TX.VAL.TECH.MF.ZS": 3.03116915235525,
            "GB.XPD.RSDV.GD.ZS": 0.172205730849273,
            "SP.POP.TECH.RD.P6": 12.5838867884578,
            "IP.TMK.NRES": 293.0,
            "IP.PAT.NRES": 25.0,
            "TX.VAL.TECH.CD": 6295858.0,
            "id": 231
        },
        {
            "BX.GSR.ROYL.CD": 1154871.9549437,
            "BM.GSR.ROYL.CD": 7676053.08072883,
            "SP.POP.SCIE.RD.P6": 1809.49775916847,
            "TX.VAL.TECH.MF.ZS": 0.616888403212122,
            "GB.XPD.RSDV.GD.ZS": 0.861174068402246,
            "SP.POP.TECH.RD.P6": 862.66753634776,
            "TX.VAL.TECH.CD": 346410.0,
            "id": 234
        },
        {
            "IP.TMK.RESD": 137.0,
            "IP.JRN.ARTC.SC": 30.9,
            "BX.GSR.ROYL.CD": 529988.94012886,
            "IP.PAT.RESD": 2.0,
            "BM.GSR.ROYL.CD": 886415.503897379,
            "TX.VAL.TECH.MF.ZS": 4.47874966677824,
            "IP.TMK.NRES": 680.0,
            "IP.PAT.NRES": 17.0,
            "TX.VAL.TECH.CD": 4816492.0,
            "id": 242
        },
        {
            "IP.TMK.RESD": 3335.0,
            "IP.JRN.ARTC.SC": 4949.1,
            "BX.GSR.ROYL.CD": 3076332563.41875,
            "IP.PAT.RESD": 1731.0,
            "BM.GSR.ROYL.CD": 1037716301.41859,
            "SP.POP.SCIE.RD.P6": 7647.3620184119,
            "TX.VAL.TECH.MF.ZS": 10.7959495179303,
            "GB.XPD.RSDV.GD.ZS": 3.84137108627527,
            "IP.TMK.NRES": 429.0,
            "IP.PAT.NRES": 102.0,
            "TX.VAL.TECH.CD": 5776056766.0,
            "id": 246
        },
        {
            "IP.TMK.RESD": 85635.0,
            "IP.JRN.ARTC.SC": 31748.3,
            "BX.GSR.ROYL.CD": 15701663195.9042,
            "IP.PAT.RESD": 14748.0,
            "BM.GSR.ROYL.CD": 9955424212.32031,
            "SP.POP.SCIE.RD.P6": 3689.78039744752,
            "TX.VAL.TECH.MF.ZS": 24.9152792696761,
            "GB.XPD.RSDV.GD.ZS": 2.22738585170368,
            "SP.POP.TECH.RD.P6": 1871.72092465551,
            "IP.TMK.NRES": 3244.0,
            "IP.PAT.NRES": 1832.0,
            "TX.VAL.TECH.CD": 99735768592.0,
            "id": 249
        },
        {
            "BM.GSR.ROYL.CD": 3266666.02659864,
            "TX.VAL.TECH.CD": 5891124.0,
            "TX.VAL.TECH.MF.ZS": 4.74515230389935,
            "id": 258,
            "BX.GSR.ROYL.CD": 194074.528269905
        },
        {
            "TX.VAL.TECH.CD": 6724020.0,
            "TX.VAL.TECH.MF.ZS": 2.99771666419808,
            "id": 266,
            "IP.JRN.ARTC.SC": 18.0,
            "GB.XPD.RSDV.GD.ZS": 0.638217163090636
        },
        {
            "IP.TMK.RESD": 42.0,
            "IP.JRN.ARTC.SC": 19.5,
            "TX.VAL.TECH.MF.ZS": 1.12879622165147,
            "GB.XPD.RSDV.GD.ZS": 0.0214808745967535,
            "IP.TMK.NRES": 285.0,
            "IP.PAT.NRES": 17.0,
            "TX.VAL.TECH.CD": 291481.0,
            "id": 270
        },
        {
            "IP.TMK.RESD": 641.0,
            "IP.JRN.ARTC.SC": 128.6,
            "BX.GSR.ROYL.CD": 4558175.12,
            "IP.PAT.RESD": 179.0,
            "BM.GSR.ROYL.CD": 7956804.44,
            "TX.VAL.TECH.MF.ZS": 1.78314581744714,
            "GB.XPD.RSDV.GD.ZS": 0.176575919798333,
            "IP.TMK.NRES": 666.0,
            "IP.PAT.NRES": 180.0,
            "TX.VAL.TECH.CD": 10602755.0,
            "id": 268
        },
        {
            "IP.TMK.RESD": 65505.0,
            "IP.JRN.ARTC.SC": 45002.8,
            "BX.GSR.ROYL.CD": 14296661958.3886,
            "IP.PAT.RESD": 47047.0,
            "BM.GSR.ROYL.CD": 13139316680.9611,
            "SP.POP.SCIE.RD.P6": 3780.09368686129,
            "TX.VAL.TECH.MF.ZS": 15.250990451373,
            "GB.XPD.RSDV.GD.ZS": 2.82236869550707,
            "SP.POP.TECH.RD.P6": 1329.27492896628,
            "IP.TMK.NRES": 3567.0,
            "IP.PAT.NRES": 12198.0,
            "TX.VAL.TECH.CD": 158507039742.0,
            "id": 276
        },
        {
            "IP.TMK.RESD": 171.0,
            "IP.JRN.ARTC.SC": 101.5,
            "BM.GSR.ROYL.CD": 700000.0,
            "SP.POP.SCIE.RD.P6": 17.2725008445826,
            "TX.VAL.TECH.MF.ZS": 2.00434365605393,
            "GB.XPD.RSDV.GD.ZS": 0.231570221183711,
            "SP.POP.TECH.RD.P6": 15.0930749159391,
            "IP.TMK.NRES": 358.0,
            "IP.PAT.NRES": 39.0,
            "TX.VAL.TECH.CD": 7732534.0,
            "id": 288
        },
        {
            "IP.TMK.RESD": 4010.0,
            "IP.JRN.ARTC.SC": 4881.0,
            "BX.GSR.ROYL.CD": 69048788.6475266,
            "IP.PAT.RESD": 728.0,
            "BM.GSR.ROYL.CD": 556256108.019268,
            "SP.POP.SCIE.RD.P6": 1849.48768701274,
            "TX.VAL.TECH.MF.ZS": 10.1497657352528,
            "GB.XPD.RSDV.GD.ZS": 0.577520805932594,
            "SP.POP.TECH.RD.P6": 755.638724598533,
            "IP.TMK.NRES": 420.0,
            "IP.PAT.NRES": 16.0,
            "TX.VAL.TECH.CD": 1089838278.0,
            "id": 300
        },
        {
            "SP.POP.SCIE.RD.P6": 699.496853140723,
            "TX.VAL.TECH.MF.ZS": 11.5498931368827,
            "GB.XPD.RSDV.GD.ZS": 0.715809233891426,
            "SP.POP.TECH.RD.P6": 142.003120562402,
            "TX.VAL.TECH.CD": 826659.0,
            "id": 304
        },
        {
            "IP.JRN.ARTC.SC": 8.5,
            "BX.GSR.ROYL.CD": 70237.037037037,
            "BM.GSR.ROYL.CD": 5729870.37037037,
            "TX.VAL.TECH.MF.ZS": 11.0568104808325,
            "IP.TMK.NRES": 34.0,
            "IP.PAT.NRES": 2.0,
            "TX.VAL.TECH.CD": 1387798.0,
            "id": 308
        },
        {
            "SP.POP.SCIE.RD.P6": 284.756622074571,
            "id": 316
        },
        {
            "IP.TMK.RESD": 3778.0,
            "IP.JRN.ARTC.SC": 22.1,
            "BX.GSR.ROYL.CD": 14685000.0,
            "IP.PAT.RESD": 7.0,
            "BM.GSR.ROYL.CD": 104768000.0,
            "SP.POP.SCIE.RD.P6": 39.4424128355545,
            "TX.VAL.TECH.MF.ZS": 5.68367134614756,
            "GB.XPD.RSDV.GD.ZS": 0.0618849737132505,
            "SP.POP.TECH.RD.P6": 34.8407980047398,
            "IP.TMK.NRES": 5397.0,
            "IP.PAT.NRES": 374.0,
            "TX.VAL.TECH.CD": 205084955.0,
            "id": 320
        },
        {
            "IP.TMK.RESD": 20.0,
            "IP.JRN.ARTC.SC": 3.4,
            "BX.GSR.ROYL.CD": 100000.0,
            "BM.GSR.ROYL.CD": 770000.0,
            "TX.VAL.TECH.MF.ZS": 0.117730554593519,
            "TX.VAL.TECH.CD": 379343.0,
            "id": 324
        },
        {
            "IP.TMK.RESD": 6.0,
            "IP.JRN.ARTC.SC": 5.5,
            "BM.GSR.ROYL.CD": 2019.07206763847,
            "TX.VAL.TECH.MF.ZS": 3.9330574577947,
            "IP.TMK.NRES": 0.0,
            "TX.VAL.TECH.CD": 4296.0,
            "id": 624
        },
        {
            "IP.TMK.RESD": 13.0,
            "IP.JRN.ARTC.SC": 2.8,
            "BX.GSR.ROYL.CD": 46932427.4972766,
            "IP.PAT.RESD": 9.0,
            "BM.GSR.ROYL.CD": 28015932.255255,
            "TX.VAL.TECH.MF.ZS": 0.441793749259582,
            "IP.TMK.NRES": 129.0,
            "IP.PAT.NRES": 6.0,
            "TX.VAL.TECH.CD": 196905.0,
            "id": 328
        },
        {
            "IP.TMK.RESD": 150.0,
            "IP.JRN.ARTC.SC": 7.0,
            "BX.GSR.ROYL.CD": 6580000.0,
            "IP.PAT.RESD": 1.0,
            "BM.GSR.ROYL.CD": 520000.0,
            "TX.VAL.TECH.MF.ZS": 3.54342351626697,
            "IP.TMK.NRES": 1306.0,
            "IP.PAT.NRES": 5.0,
            "TX.VAL.TECH.CD": 1804714.0,
            "id": 332
        },
        {
            "IP.TMK.RESD": 2369.0,
            "IP.JRN.ARTC.SC": 6.2,
            "BX.GSR.ROYL.CD": 811000.0,
            "IP.PAT.RESD": 7.0,
            "BM.GSR.ROYL.CD": 30768800.0,
            "TX.VAL.TECH.MF.ZS": 1.31519261851297,
            "GB.XPD.RSDV.GD.ZS": 0.0415534080788232,
            "IP.TMK.NRES": 5034.0,
            "IP.PAT.NRES": 161.0,
            "TX.VAL.TECH.CD": 11567150.0,
            "id": 340
        },
        {
            "IP.TMK.RESD": 10902.0,
            "IP.JRN.ARTC.SC": 1075.0,
            "BX.GSR.ROYL.CD": 400321901.394627,
            "IP.PAT.RESD": 133.0,
            "BM.GSR.ROYL.CD": 1978131460.70925,
            "SP.POP.SCIE.RD.P6": 2759.45423968256,
            "TX.VAL.TECH.MF.ZS": 16.1001086612277,
            "GB.XPD.RSDV.GD.ZS": 0.791026688906395,
            "SP.POP.TECH.RD.P6": 352.462572853713,
            "IP.TMK.NRES": 17970.0,
            "IP.PAT.NRES": 11569.0,
            "TX.VAL.TECH.CD": 1105610241.0,
            "id": 344
        },
        {
            "IP.TMK.RESD": 3477.0,
            "IP.JRN.ARTC.SC": 2397.2,
            "BX.GSR.ROYL.CD": 1025224918.79274,
            "IP.PAT.RESD": 649.0,
            "BM.GSR.ROYL.CD": 1380113130.90955,
            "SP.POP.SCIE.RD.P6": 2005.94926320056,
            "TX.VAL.TECH.MF.ZS": 24.2358893914509,
            "GB.XPD.RSDV.GD.ZS": 1.14821119731859,
            "SP.POP.TECH.RD.P6": 552.575836209604,
            "IP.TMK.NRES": 446.0,
            "IP.PAT.NRES": 47.0,
            "TX.VAL.TECH.CD": 18770810000.0,
            "id": 348
        },
        {
            "IP.TMK.RESD": 634.0,
            "IP.JRN.ARTC.SC": 259.1,
            "BX.GSR.ROYL.CD": 23880.5970149254,
            "IP.PAT.RESD": 57.0,
            "BM.GSR.ROYL.CD": 4434718.04851427,
            "SP.POP.SCIE.RD.P6": 7428.1479144805,
            "TX.VAL.TECH.MF.ZS": 20.8688936318619,
            "GB.XPD.RSDV.GD.ZS": 2.64107087896088,
            "SP.POP.TECH.RD.P6": 1739.39214461834,
            "IP.TMK.NRES": 531.0,
            "IP.PAT.NRES": 19.0,
            "TX.VAL.TECH.CD": 140439110.0,
            "id": 352
        },
        {
            "IP.TMK.RESD": 134403.0,
            "IP.JRN.ARTC.SC": 19917.3,
            "BX.GSR.ROYL.CD": 128724356.186778,
            "IP.PAT.RESD": 7262.0,
            "BM.GSR.ROYL.CD": 2437500662.97486,
            "SP.POP.SCIE.RD.P6": 135.808051631125,
            "TX.VAL.TECH.MF.ZS": 7.18054875539038,
            "GB.XPD.RSDV.GD.ZS": 0.757614772584613,
            "SP.POP.TECH.RD.P6": 92.8105454926215,
            "IP.TMK.NRES": 7540.0,
            "IP.PAT.NRES": 27025.0,
            "TX.VAL.TECH.CD": 10086626314.0,
            "id": 356
        },
        {
            "IP.TMK.RESD": 43269.0,
            "IP.JRN.ARTC.SC": 262.0,
            "BX.GSR.ROYL.CD": 77695691.7130115,
            "IP.PAT.RESD": 288.0,
            "BM.GSR.ROYL.CD": 1786437103.75061,
            "SP.POP.SCIE.RD.P6": 89.6112092903173,
            "TX.VAL.TECH.MF.ZS": 11.3642254211603,
            "GB.XPD.RSDV.GD.ZS": 0.083359421423869,
            "IP.TMK.NRES": 4525.0,
            "IP.PAT.NRES": 4324.0,
            "TX.VAL.TECH.CD": 6673355345.0,
            "id": 360
        },
        {
            "IP.TMK.RESD": 23827.0,
            "IP.JRN.ARTC.SC": 6313.3,
            "IP.PAT.RESD": 5970.0,
            "SP.POP.SCIE.RD.P6": 750.705937896112,
            "TX.VAL.TECH.MF.ZS": 4.4581973923559,
            "GB.XPD.RSDV.GD.ZS": 0.788212038540944,
            "IP.TMK.NRES": 1420.0,
            "IP.PAT.NRES": 557.0,
            "TX.VAL.TECH.CD": 584312861.0,
            "id": 364
        },
        {
            "IP.TMK.RESD": 474.0,
            "IP.JRN.ARTC.SC": 70.0,
            "BX.GSR.ROYL.CD": 300000.0,
            "IP.PAT.RESD": 68.0,
            "BM.GSR.ROYL.CD": 5300000.0,
            "SP.POP.SCIE.RD.P6": 49.4717362437816,
            "TX.VAL.TECH.MF.ZS": 0.0869961095184919,
            "SP.POP.TECH.RD.P6": 26.1028503075742,
            "IP.TMK.NRES": 514.0,
            "IP.PAT.NRES": 18.0,
            "TX.VAL.TECH.CD": 49871.0,
            "id": 368
        },
        {
            "IP.TMK.RESD": 1539.0,
            "IP.JRN.ARTC.SC": 2798.5,
            "BX.GSR.ROYL.CD": 5049049044.53156,
            "IP.PAT.RESD": 733.0,
            "BM.GSR.ROYL.CD": 40621209269.9408,
            "SP.POP.SCIE.RD.P6": 3372.52710167602,
            "TX.VAL.TECH.MF.ZS": 21.2290455487299,
            "GB.XPD.RSDV.GD.ZS": 1.76578170159893,
            "SP.POP.TECH.RD.P6": 741.515363943592,
            "IP.TMK.NRES": 700.0,
            "IP.PAT.NRES": 59.0,
            "TX.VAL.TECH.CD": 21232045267.0,
            "id": 372
        },
        {
            "IP.TMK.RESD": 2569.0,
            "IP.JRN.ARTC.SC": 6304.2,
            "BX.GSR.ROYL.CD": 1066600000.0,
            "IP.PAT.RESD": 1450.0,
            "BM.GSR.ROYL.CD": 1063900000.0,
            "TX.VAL.TECH.MF.ZS": 14.6632136340465,
            "GB.XPD.RSDV.GD.ZS": 4.27311382085251,
            "IP.TMK.NRES": 5448.0,
            "IP.PAT.NRES": 5856.0,
            "TX.VAL.TECH.CD": 7978955000.0,
            "id": 376
        },
        {
            "IP.TMK.RESD": 34506.0,
            "IP.JRN.ARTC.SC": 26755.3,
            "BX.GSR.ROYL.CD": 3686142268.43945,
            "IP.PAT.RESD": 8814.0,
            "BM.GSR.ROYL.CD": 7206082197.93123,
            "SP.POP.SCIE.RD.P6": 1690.01119925434,
            "TX.VAL.TECH.MF.ZS": 7.22847713073445,
            "GB.XPD.RSDV.GD.ZS": 1.26840636782955,
            "SP.POP.TECH.RD.P6": 821.836364676724,
            "IP.TMK.NRES": 1471.0,
            "IP.PAT.NRES": 903.0,
            "TX.VAL.TECH.CD": 26365997708.0,
            "id": 380
        },
        {
            "IP.TMK.RESD": 594.0,
            "IP.JRN.ARTC.SC": 50.8,
            "BX.GSR.ROYL.CD": 3896723.07,
            "IP.PAT.RESD": 21.0,
            "BM.GSR.ROYL.CD": 47410236.7309668,
            "TX.VAL.TECH.MF.ZS": 0.570252503030911,
            "GB.XPD.RSDV.GD.ZS": 0.0612223902466615,
            "IP.TMK.NRES": 1114.0,
            "IP.PAT.NRES": 132.0,
            "TX.VAL.TECH.CD": 2860387.0,
            "id": 388
        },
        {
            "IP.TMK.RESD": 92163.0,
            "IP.JRN.ARTC.SC": 49627.0,
            "BX.GSR.ROYL.CD": 28989252520.8126,
            "IP.PAT.RESD": 290081.0,
            "BM.GSR.ROYL.CD": 19172720512.1256,
            "SP.POP.SCIE.RD.P6": 5189.28340228397,
            "TX.VAL.TECH.MF.ZS": 17.9628103594008,
            "GB.XPD.RSDV.GD.ZS": 3.44527988554607,
            "SP.POP.TECH.RD.P6": 596.785450573015,
            "IP.TMK.NRES": 21356.0,
            "IP.PAT.NRES": 54517.0,
            "TX.VAL.TECH.CD": 122047237618.0,
            "id": 392
        },
        {
            "IP.TMK.RESD": 1907.0,
            "IP.JRN.ARTC.SC": 382.6,
            "IP.PAT.RESD": 45.0,
            "SP.POP.SCIE.RD.P6": 1941.47053684971,
            "TX.VAL.TECH.MF.ZS": 2.86199389683191,
            "GB.XPD.RSDV.GD.ZS": 0.420815965949049,
            "SP.POP.TECH.RD.P6": 714.435527586609,
            "IP.TMK.NRES": 4064.0,
            "IP.PAT.NRES": 429.0,
            "TX.VAL.TECH.CD": 122342466.0,
            "id": 400
        },
        {
            "IP.TMK.RESD": 1851.0,
            "IP.JRN.ARTC.SC": 98.7,
            "BX.GSR.ROYL.CD": 21330.0,
            "IP.PAT.RESD": 11.0,
            "BM.GSR.ROYL.CD": 94343340.0,
            "TX.VAL.TECH.MF.ZS": 29.9427884593285,
            "GB.XPD.RSDV.GD.ZS": 0.229242175593132,
            "IP.TMK.NRES": 2220.0,
            "IP.PAT.NRES": 162.0,
            "TX.VAL.TECH.CD": 2109658219.0,
            "id": 398
        },
        {
            "IP.TMK.RESD": 2031.0,
            "IP.JRN.ARTC.SC": 290.5,
            "BX.GSR.ROYL.CD": 55003126.3279508,
            "IP.PAT.RESD": 77.0,
            "BM.GSR.ROYL.CD": 15092764.091979,
            "SP.POP.SCIE.RD.P6": 56.166097989593,
            "TX.VAL.TECH.MF.ZS": 5.69921615384066,
            "GB.XPD.RSDV.GD.ZS": 0.417866915137238,
            "SP.POP.TECH.RD.P6": 63.0007870296489,
            "IP.TMK.NRES": 895.0,
            "IP.PAT.NRES": 120.0,
            "TX.VAL.TECH.CD": 99904495.0,
            "id": 404
        },
        {
            "IP.JRN.ARTC.SC": 0.0,
            "IP.TMK.NRES": 105.0,
            "IP.PAT.NRES": 2.0,
            "id": 296,
            "BX.GSR.ROYL.CD": 13433002.2342032
        },
        {
            "IP.TMK.RESD": 14239.0,
            "IP.JRN.ARTC.SC": 8.3,
            "IP.PAT.RESD": 8018.0,
            "IP.TMK.NRES": 124.0,
            "IP.PAT.NRES": 39.0,
            "id": 408
        },
        {
            "IP.TMK.RESD": 106896.0,
            "IP.JRN.ARTC.SC": 22270.8,
            "BX.GSR.ROYL.CD": 4320500000.0,
            "IP.PAT.RESD": 131805.0,
            "BM.GSR.ROYL.CD": 7301700000.0,
            "SP.POP.SCIE.RD.P6": 4946.93747433561,
            "TX.VAL.TECH.MF.ZS": 28.7340945456773,
            "GB.XPD.RSDV.GD.ZS": 3.36090343842741,
            "SP.POP.TECH.RD.P6": 824.839871310883,
            "IP.TMK.NRES": 14229.0,
            "IP.PAT.NRES": 38296.0,
            "TX.VAL.TECH.CD": 92855647821.0,
            "id": 410
        },
        {
            "IP.TMK.RESD": 18.0,
            "IP.JRN.ARTC.SC": 214.4,
            "IP.PAT.RESD": 4.0,
            "SP.POP.SCIE.RD.P6": 151.911017932302,
            "TX.VAL.TECH.MF.ZS": 0.520471288841227,
            "GB.XPD.RSDV.GD.ZS": 0.108561317460317,
            "SP.POP.TECH.RD.P6": 34.7657055964472,
            "IP.TMK.NRES": 427.0,
            "IP.PAT.NRES": 111.0,
            "TX.VAL.TECH.CD": 16285678.0,
            "id": 414
        },
        {
            "IP.TMK.RESD": 239.0,
            "IP.JRN.ARTC.SC": 15.4,
            "BX.GSR.ROYL.CD": 1449782.0,
            "IP.PAT.RESD": 134.0,
            "BM.GSR.ROYL.CD": 6189091.0,
            "TX.VAL.TECH.MF.ZS": 0.977565978967639,
            "GB.XPD.RSDV.GD.ZS": 0.159226330986021,
            "IP.TMK.NRES": 511.0,
            "IP.PAT.NRES": 6.0,
            "TX.VAL.TECH.CD": 2360851.0,
            "id": 417
        },
        {
            "IP.TMK.RESD": 54.0,
            "IP.JRN.ARTC.SC": 12.2,
            "IP.PAT.RESD": 1.0,
            "SP.POP.SCIE.RD.P6": 15.827678425237,
            "GB.XPD.RSDV.GD.ZS": 0.0356504301420039,
            "IP.TMK.NRES": 970.0,
            "IP.PAT.NRES": 13.0,
            "id": 418
        },
        {
            "IP.TMK.RESD": 1260.0,
            "IP.JRN.ARTC.SC": 161.6,
            "BX.GSR.ROYL.CD": 10000000.0,
            "IP.PAT.RESD": 178.0,
            "BM.GSR.ROYL.CD": 51600000.0,
            "SP.POP.SCIE.RD.P6": 1601.23464433222,
            "TX.VAL.TECH.MF.ZS": 7.64431205407544,
            "GB.XPD.RSDV.GD.ZS": 0.457853233961092,
            "SP.POP.TECH.RD.P6": 561.161768477655,
            "IP.TMK.NRES": 325.0,
            "IP.PAT.NRES": 7.0,
            "TX.VAL.TECH.CD": 396246630.0,
            "id": 428
        },
        {
            "IP.TMK.RESD": 164.0,
            "IP.JRN.ARTC.SC": 136.8,
            "BX.GSR.ROYL.CD": 463374975.993303,
            "IP.PAT.RESD": 79.0,
            "BM.GSR.ROYL.CD": 436694416.465974,
            "SP.POP.SCIE.RD.P6": 4824.80201431967,
            "TX.VAL.TECH.MF.ZS": 8.36546267650478,
            "GB.XPD.RSDV.GD.ZS": 1.67862180185907,
            "SP.POP.TECH.RD.P6": 2819.32412581862,
            "IP.TMK.NRES": 1204.0,
            "IP.PAT.NRES": 21.0,
            "TX.VAL.TECH.CD": 918468404.0,
            "id": 442
        },
        {
            "IP.TMK.RESD": 15.0,
            "IP.JRN.ARTC.SC": 3.5,
            "BX.GSR.ROYL.CD": 13080438.5361236,
            "IP.PAT.RESD": 1.0,
            "BM.GSR.ROYL.CD": 5325651.43816796,
            "SP.POP.SCIE.RD.P6": 21.3102450631653,
            "TX.VAL.TECH.MF.ZS": 0.216686281979545,
            "GB.XPD.RSDV.GD.ZS": 0.029449873087741,
            "SP.POP.TECH.RD.P6": 21.7755342566842,
            "IP.TMK.NRES": 903.0,
            "IP.PAT.NRES": 2.0,
            "TX.VAL.TECH.CD": 394573.0,
            "id": 426
        },
        {
            "IP.TMK.RESD": 65.0,
            "IP.JRN.ARTC.SC": 0.0,
            "IP.PAT.RESD": 14.0,
            "IP.TMK.NRES": 305.0,
            "IP.PAT.NRES": 21.0,
            "id": 430
        },
        {
            "IP.TMK.RESD": 1.0,
            "IP.JRN.ARTC.SC": 33.6,
            "BX.GSR.ROYL.CD": 10000000.0,
            "IP.PAT.RESD": 12.0,
            "IP.TMK.NRES": 254.0,
            "IP.PAT.NRES": 23.0,
            "id": 434
        },
        {
            "IP.TMK.RESD": 205.0,
            "IP.JRN.ARTC.SC": 13.0,
            "IP.TMK.NRES": 262.0,
            "id": 438
        },
        {
            "IP.TMK.RESD": 1963.0,
            "IP.JRN.ARTC.SC": 387.6,
            "BX.GSR.ROYL.CD": 706532.474311662,
            "IP.PAT.RESD": 108.0,
            "BM.GSR.ROYL.CD": 34309642.6771191,
            "SP.POP.SCIE.RD.P6": 2541.08156692248,
            "TX.VAL.TECH.MF.ZS": 10.6083764409525,
            "GB.XPD.RSDV.GD.ZS": 0.835828810415987,
            "SP.POP.TECH.RD.P6": 445.063402828472,
            "IP.TMK.NRES": 277.0,
            "IP.PAT.NRES": 6.0,
            "TX.VAL.TECH.CD": 1190412076.0,
            "id": 440
        },
        {
            "IP.TMK.RESD": 765.0,
            "IP.PAT.RESD": 4.0,
            "BM.GSR.ROYL.CD": 182803098.308177,
            "SP.POP.SCIE.RD.P6": 734.005402912302,
            "TX.VAL.TECH.MF.ZS": 0.0,
            "GB.XPD.RSDV.GD.ZS": 0.0765011412682104,
            "SP.POP.TECH.RD.P6": 520.336223044268,
            "IP.TMK.NRES": 5989.0,
            "IP.PAT.NRES": 58.0,
            "TX.VAL.TECH.CD": 0.0,
            "id": 446
        },
        {
            "IP.TMK.RESD": 619.0,
            "IP.JRN.ARTC.SC": 57.2,
            "BX.GSR.ROYL.CD": 9990456.0,
            "IP.PAT.RESD": 34.0,
            "BM.GSR.ROYL.CD": 24563410.0,
            "SP.POP.SCIE.RD.P6": 471.614461024573,
            "TX.VAL.TECH.MF.ZS": 2.94886571803823,
            "GB.XPD.RSDV.GD.ZS": 0.225299955310302,
            "SP.POP.TECH.RD.P6": 82.3376486706124,
            "IP.TMK.NRES": 437.0,
            "IP.PAT.NRES": 406.0,
            "TX.VAL.TECH.CD": 40375847.0,
            "id": 807
        },
        {
            "IP.TMK.RESD": 610.0,
            "IP.JRN.ARTC.SC": 34.9,
            "BX.GSR.ROYL.CD": 2320979.3,
            "IP.PAT.RESD": 9.0,
            "BM.GSR.ROYL.CD": 9090490.6,
            "SP.POP.SCIE.RD.P6": 46.2131319832142,
            "TX.VAL.TECH.MF.ZS": 1.0375390827952,
            "GB.XPD.RSDV.GD.ZS": 0.147904635735106,
            "SP.POP.TECH.RD.P6": 24.6966952641478,
            "IP.TMK.NRES": 340.0,
            "IP.PAT.NRES": 34.0,
            "TX.VAL.TECH.CD": 4714064.0,
            "id": 450
        },
        {
            "IP.TMK.RESD": 222.0,
            "IP.JRN.ARTC.SC": 52.5,
            "IP.PAT.RESD": 3.0,
            "BM.GSR.ROYL.CD": 440265.409714399,
            "SP.POP.SCIE.RD.P6": 29.8541422419997,
            "TX.VAL.TECH.MF.ZS": 1.29091969433345,
            "SP.POP.TECH.RD.P6": 58.1850388729336,
            "IP.TMK.NRES": 582.0,
            "IP.PAT.NRES": 313.0,
            "TX.VAL.TECH.CD": 1231423.0,
            "id": 454
        },
        {
            "IP.TMK.RESD": 13099.0,
            "IP.JRN.ARTC.SC": 1351.3,
            "BX.GSR.ROYL.CD": 265724707.230903,
            "IP.PAT.RESD": 1233.0,
            "BM.GSR.ROYL.CD": 1133119332.94089,
            "SP.POP.SCIE.RD.P6": 364.635347538376,
            "TX.VAL.TECH.MF.ZS": 44.5212431699613,
            "GB.XPD.RSDV.GD.ZS": 0.63482585678947,
            "SP.POP.TECH.RD.P6": 42.9695203395645,
            "IP.TMK.NRES": 13271.0,
            "IP.PAT.NRES": 5230.0,
            "TX.VAL.TECH.CD": 59331817835.0,
            "id": 458
        },
        {
            "IP.TMK.RESD": 155.0,
            "IP.JRN.ARTC.SC": 2.6,
            "BX.GSR.ROYL.CD": 5159796.84001315,
            "BM.GSR.ROYL.CD": 2270000.0,
            "TX.VAL.TECH.MF.ZS": 0.0,
            "IP.TMK.NRES": 0.0,
            "TX.VAL.TECH.CD": 0.0,
            "id": 462
        },
        {
            "IP.TMK.RESD": 1.0,
            "IP.JRN.ARTC.SC": 25.0,
            "BX.GSR.ROYL.CD": 232193.287778424,
            "IP.PAT.RESD": 1.0,
            "BM.GSR.ROYL.CD": 2010995.77936791,
            "SP.POP.SCIE.RD.P6": 37.7405796423341,
            "TX.VAL.TECH.MF.ZS": 2.39702408889653,
            "GB.XPD.RSDV.GD.ZS": 0.249112408759124,
            "SP.POP.TECH.RD.P6": 11.6973726376825,
            "IP.TMK.NRES": 393.0,
            "IP.PAT.NRES": 2.0,
            "TX.VAL.TECH.CD": 1703594.0,
            "id": 466
        },
        {
            "IP.TMK.RESD": 450.0,
            "IP.JRN.ARTC.SC": 38.2,
            "BX.GSR.ROYL.CD": 27260620.7088337,
            "IP.PAT.RESD": 12.0,
            "BM.GSR.ROYL.CD": 105775749.658492,
            "SP.POP.SCIE.RD.P6": 1168.05548865662,
            "TX.VAL.TECH.MF.ZS": 59.5690766677548,
            "GB.XPD.RSDV.GD.ZS": 0.552515783432179,
            "SP.POP.TECH.RD.P6": 688.791484032561,
            "IP.TMK.NRES": 415.0,
            "IP.PAT.NRES": 7.0,
            "TX.VAL.TECH.CD": 1689149335.0,
            "id": 470
        },
        {
            "IP.JRN.ARTC.SC": 0.8,
            "id": 584
        },
        {
            "IP.JRN.ARTC.SC": 2.9,
            "id": 478
        },
        {
            "IP.TMK.RESD": 475.0,
            "IP.JRN.ARTC.SC": 21.5,
            "BX.GSR.ROYL.CD": 2159982.62993927,
            "IP.PAT.RESD": 2.0,
            "BM.GSR.ROYL.CD": 15201851.0494699,
            "TX.VAL.TECH.MF.ZS": 0.691355554448385,
            "GB.XPD.RSDV.GD.ZS": 0.372288245657085,
            "IP.TMK.NRES": 633.0,
            "IP.PAT.NRES": 22.0,
            "TX.VAL.TECH.CD": 6195501.0,
            "id": 480
        },
        {
            "IP.TMK.RESD": 68928.0,
            "IP.JRN.ARTC.SC": 4127.7,
            "BX.GSR.ROYL.CD": 51500000.0,
            "IP.PAT.RESD": 951.0,
            "BM.GSR.ROYL.CD": 502601000.0,
            "SP.POP.SCIE.RD.P6": 347.278323561823,
            "TX.VAL.TECH.MF.ZS": 16.9378093587142,
            "GB.XPD.RSDV.GD.ZS": 0.370188964947389,
            "SP.POP.TECH.RD.P6": 183.454146301299,
            "IP.TMK.NRES": 25529.0,
            "IP.PAT.NRES": 13625.0,
            "TX.VAL.TECH.CD": 37657285550.0,
            "id": 484
        },
        {
            "IP.JRN.ARTC.SC": 2.2,
            "id": 583
        },
        {
            "IP.TMK.RESD": 1401.0,
            "IP.JRN.ARTC.SC": 79.8,
            "BX.GSR.ROYL.CD": 5310000.0,
            "IP.PAT.RESD": 134.0,
            "BM.GSR.ROYL.CD": 16600000.0,
            "SP.POP.SCIE.RD.P6": 794.092903596122,
            "TX.VAL.TECH.MF.ZS": 8.2598900313729,
            "GB.XPD.RSDV.GD.ZS": 0.525566771471124,
            "SP.POP.TECH.RD.P6": 78.2713033254479,
            "IP.TMK.NRES": 556.0,
            "IP.PAT.NRES": 5.0,
            "TX.VAL.TECH.CD": 17430576.0,
            "id": 498
        },
        {
            "IP.TMK.RESD": 1765.0,
            "IP.JRN.ARTC.SC": 23.4,
            "IP.PAT.RESD": 6.0,
            "SP.POP.SCIE.RD.P6": 308.137922534126,
            "GB.XPD.RSDV.GD.ZS": 0.0375193364194123,
            "SP.POP.TECH.RD.P6": 154.068961267063,
            "IP.TMK.NRES": 617.0,
            "IP.PAT.NRES": 5.0,
            "id": 492
        },
        {
            "IP.TMK.RESD": 539.0,
            "IP.JRN.ARTC.SC": 41.8,
            "BX.GSR.ROYL.CD": 2109030.0,
            "IP.PAT.RESD": 110.0,
            "BM.GSR.ROYL.CD": 5797730.0,
            "TX.VAL.TECH.MF.ZS": 7.42812459754784,
            "GB.XPD.RSDV.GD.ZS": 0.242572905490175,
            "IP.TMK.NRES": 383.0,
            "IP.PAT.NRES": 69.0,
            "TX.VAL.TECH.CD": 6852798.0,
            "id": 496
        },
        {
            "IP.TMK.RESD": 66.0,
            "IP.JRN.ARTC.SC": 10.6,
            "IP.PAT.RESD": 23.0,
            "GB.XPD.RSDV.GD.ZS": 1.14891069354706,
            "IP.TMK.NRES": 424.0,
            "IP.PAT.NRES": 136.0,
            "id": 499
        },
        {
            "IP.TMK.RESD": 5521.0,
            "IP.JRN.ARTC.SC": 390.7,
            "BX.GSR.ROYL.CD": 5558434.43210542,
            "IP.PAT.RESD": 152.0,
            "BM.GSR.ROYL.CD": 41349918.0203694,
            "SP.POP.SCIE.RD.P6": 660.984661216068,
            "TX.VAL.TECH.MF.ZS": 7.69204600849278,
            "GB.XPD.RSDV.GD.ZS": 0.635683405387429,
            "SP.POP.TECH.RD.P6": 60.9486411757462,
            "IP.TMK.NRES": 1573.0,
            "IP.PAT.NRES": 882.0,
            "TX.VAL.TECH.CD": 897323698.0,
            "id": 504
        },
        {
            "IP.TMK.RESD": 518.0,
            "IP.JRN.ARTC.SC": 28.6,
            "BX.GSR.ROYL.CD": 282318.63,
            "IP.PAT.RESD": 18.0,
            "BM.GSR.ROYL.CD": 4948151.66,
            "SP.POP.SCIE.RD.P6": 15.828319936093,
            "TX.VAL.TECH.MF.ZS": 1.26797635754723,
            "GB.XPD.RSDV.GD.ZS": 0.205741983135028,
            "SP.POP.TECH.RD.P6": 35.3671362370269,
            "IP.TMK.NRES": 746.0,
            "IP.PAT.NRES": 22.0,
            "TX.VAL.TECH.CD": 549792.0,
            "id": 508
        },
        {
            "IP.JRN.ARTC.SC": 10.2,
            "BX.GSR.ROYL.CD": 29453.3975573937,
            "BM.GSR.ROYL.CD": 183126.214137939,
            "SP.POP.SCIE.RD.P6": 18.3515236325089,
            "TX.VAL.TECH.MF.ZS": 0.0830688507243076,
            "GB.XPD.RSDV.GD.ZS": 0.162161679781628,
            "SP.POP.TECH.RD.P6": 142.492893772611,
            "TX.VAL.TECH.CD": 34340.0,
            "id": 104
        },
        {
            "IP.TMK.RESD": 57.0,
            "IP.JRN.ARTC.SC": 13.6,
            "BX.GSR.ROYL.CD": 12172.6937643571,
            "IP.PAT.RESD": 13.0,
            "BM.GSR.ROYL.CD": 7278927.64976806,
            "TX.VAL.TECH.MF.ZS": 0.91714061423704,
            "IP.TMK.NRES": 1257.0,
            "IP.PAT.NRES": 120.0,
            "TX.VAL.TECH.CD": 19149165.0,
            "id": 516
        },
        {
            "IP.TMK.RESD": 612.0,
            "IP.JRN.ARTC.SC": 55.9,
            "IP.PAT.RESD": 3.0,
            "SP.POP.SCIE.RD.P6": 58.6795390276245,
            "TX.VAL.TECH.MF.ZS": 0.648777735370436,
            "SP.POP.TECH.RD.P6": 136.91892439779,
            "IP.TMK.NRES": 520.0,
            "IP.PAT.NRES": 5.0,
            "TX.VAL.TECH.CD": 3909943.0,
            "id": 524
        },
        {
            "IP.TMK.RESD": 3703.0,
            "IP.JRN.ARTC.SC": 14866.0,
            "BX.GSR.ROYL.CD": 5199537295.24555,
            "IP.PAT.RESD": 2575.0,
            "BM.GSR.ROYL.CD": 3751171580.27901,
            "SP.POP.SCIE.RD.P6": 2817.57623585777,
            "TX.VAL.TECH.MF.ZS": 21.2941161535262,
            "GB.XPD.RSDV.GD.ZS": 1.84307465833536,
            "SP.POP.TECH.RD.P6": 1131.20942302522,
            "IP.TMK.NRES": 2352.0,
            "IP.PAT.NRES": 279.0,
            "TX.VAL.TECH.CD": 59509788717.0,
            "id": 528
        },
        {
            "BM.GSR.ROYL.CD": 1603589.4329397,
            "TX.VAL.TECH.CD": 6153149.0,
            "TX.VAL.TECH.MF.ZS": 0.849328092498101,
            "id": 540,
            "BX.GSR.ROYL.CD": 449187.330724268
        },
        {
            "IP.TMK.RESD": 8429.0,
            "IP.JRN.ARTC.SC": 3187.8,
            "BX.GSR.ROYL.CD": 235706132.487029,
            "IP.PAT.RESD": 1585.0,
            "BM.GSR.ROYL.CD": 932960152.274595,
            "SP.POP.SCIE.RD.P6": 4323.72560550469,
            "TX.VAL.TECH.MF.ZS": 9.00303958927347,
            "GB.XPD.RSDV.GD.ZS": 1.17414363500667,
            "SP.POP.TECH.RD.P6": 886.009345390306,
            "IP.TMK.NRES": 8695.0,
            "IP.PAT.NRES": 5051.0,
            "TX.VAL.TECH.CD": 547784792.0,
            "id": 554
        },
        {
            "IP.TMK.RESD": 1195.0,
            "IP.JRN.ARTC.SC": 11.9,
            "IP.PAT.RESD": 14.0,
            "BM.GSR.ROYL.CD": 800000.0,
            "SP.POP.SCIE.RD.P6": 70.4692568540161,
            "TX.VAL.TECH.MF.ZS": 4.81324544498907,
            "GB.XPD.RSDV.GD.ZS": 0.0453148616014412,
            "IP.TMK.NRES": 4780.0,
            "IP.PAT.NRES": 129.0,
            "TX.VAL.TECH.CD": 5592320.0,
            "id": 558
        },
        {
            "IP.JRN.ARTC.SC": 15.7,
            "BX.GSR.ROYL.CD": 2086.52056919348,
            "BM.GSR.ROYL.CD": 1990739.71100941,
            "SP.POP.SCIE.RD.P6": 7.77288761389589,
            "TX.VAL.TECH.MF.ZS": 6.56300466961096,
            "SP.POP.TECH.RD.P6": 10.5434218129083,
            "TX.VAL.TECH.CD": 3768111.0,
            "id": 562
        },
        {
            "IP.TMK.RESD": 1392.0,
            "IP.JRN.ARTC.SC": 461.8,
            "BX.GSR.ROYL.CD": 7827508.33900046,
            "IP.PAT.RESD": 12.0,
            "BM.GSR.ROYL.CD": 213221122.283827,
            "SP.POP.SCIE.RD.P6": 38.6283970456452,
            "TX.VAL.TECH.MF.ZS": 1.08927909562843,
            "GB.XPD.RSDV.GD.ZS": 0.219661882726048,
            "SP.POP.TECH.RD.P6": 12.5272643567917,
            "IP.TMK.NRES": 614.0,
            "IP.PAT.NRES": 246.0,
            "TX.VAL.TECH.CD": 63044619.0,
            "id": 566
        },
        {
            "IP.TMK.RESD": 3625.0,
            "IP.JRN.ARTC.SC": 4440.0,
            "BX.GSR.ROYL.CD": 323732197.025962,
            "IP.PAT.RESD": 1117.0,
            "BM.GSR.ROYL.CD": 755381873.77973,
            "SP.POP.SCIE.RD.P6": 5503.72134723982,
            "TX.VAL.TECH.MF.ZS": 16.0805220921712,
            "GB.XPD.RSDV.GD.ZS": 1.79910460587412,
            "IP.TMK.NRES": 2683.0,
            "IP.PAT.NRES": 696.0,
            "TX.VAL.TECH.CD": 3829700246.0,
            "id": 578
        },
        {
            "IP.TMK.RESD": 220.0,
            "IP.JRN.ARTC.SC": 114.1,
            "TX.VAL.TECH.MF.ZS": 0.584341718766803,
            "IP.TMK.NRES": 1418.0,
            "TX.VAL.TECH.CD": 17821942.0,
            "id": 512
        },
        {
            "IP.TMK.RESD": 12437.0,
            "IP.JRN.ARTC.SC": 1043.4,
            "BX.GSR.ROYL.CD": 7160000.0,
            "IP.PAT.RESD": 170.0,
            "BM.GSR.ROYL.CD": 127170000.0,
            "SP.POP.SCIE.RD.P6": 161.893911720849,
            "TX.VAL.TECH.MF.ZS": 1.68522380208633,
            "GB.XPD.RSDV.GD.ZS": 0.464253929718158,
            "SP.POP.TECH.RD.P6": 64.4772035195743,
            "IP.TMK.NRES": 3297.0,
            "IP.PAT.NRES": 1375.0,
            "TX.VAL.TECH.CD": 262070065.0,
            "id": 586
        },
        {
            "IP.JRN.ARTC.SC": 0.8,
            "id": 585
        },
        {
            "IP.TMK.RESD": 3702.0,
            "IP.JRN.ARTC.SC": 72.6,
            "IP.PAT.RESD": 7.0,
            "BM.GSR.ROYL.CD": 37600000.0,
            "SP.POP.SCIE.RD.P6": 111.258313916947,
            "TX.VAL.TECH.MF.ZS": 0.826045657695459,
            "GB.XPD.RSDV.GD.ZS": 0.20514864971491,
            "IP.TMK.NRES": 5927.0,
            "IP.PAT.NRES": 468.0,
            "TX.VAL.TECH.CD": 696667.0,
            "id": 591
        },
        {
            "IP.TMK.RESD": 76.0,
            "IP.JRN.ARTC.SC": 17.2,
            "IP.PAT.RESD": 1.0,
            "BM.GSR.ROYL.CD": 138587.333309818,
            "TX.VAL.TECH.MF.ZS": 60.858764328413,
            "IP.TMK.NRES": 536.0,
            "IP.PAT.NRES": 45.0,
            "TX.VAL.TECH.CD": 70850283.0,
            "id": 598
        },
        {
            "IP.TMK.RESD": 13140.0,
            "IP.JRN.ARTC.SC": 11.1,
            "BX.GSR.ROYL.CD": 297200000.0,
            "IP.PAT.RESD": 18.0,
            "BM.GSR.ROYL.CD": 2500000.0,
            "SP.POP.SCIE.RD.P6": 74.7964525294523,
            "TX.VAL.TECH.MF.ZS": 6.61176543014156,
            "GB.XPD.RSDV.GD.ZS": 0.0600087164208544,
            "IP.TMK.NRES": 8962.0,
            "IP.PAT.NRES": 347.0,
            "TX.VAL.TECH.CD": 31970847.0,
            "id": 600
        },
        {
            "IP.TMK.RESD": 14810.0,
            "IP.JRN.ARTC.SC": 158.6,
            "BX.GSR.ROYL.CD": 5370000.0,
            "IP.PAT.RESD": 39.0,
            "BM.GSR.ROYL.CD": 215801198.333333,
            "TX.VAL.TECH.MF.ZS": 6.57828715199429,
            "GB.XPD.RSDV.GD.ZS": 0.149251118951491,
            "IP.TMK.NRES": 8310.0,
            "IP.PAT.NRES": 261.0,
            "TX.VAL.TECH.CD": 252105856.0,
            "id": 604
        },
        {
            "IP.TMK.RESD": 8855.0,
            "IP.JRN.ARTC.SC": 223.3,
            "BX.GSR.ROYL.CD": 5000000.0,
            "IP.PAT.RESD": 166.0,
            "BM.GSR.ROYL.CD": 440000000.0,
            "SP.POP.SCIE.RD.P6": 78.47482834435,
            "TX.VAL.TECH.MF.ZS": 67.8227718291916,
            "GB.XPD.RSDV.GD.ZS": 0.109628108196612,
            "SP.POP.TECH.RD.P6": 10.8739017570725,
            "IP.TMK.NRES": 7983.0,
            "IP.PAT.NRES": 3223.0,
            "TX.VAL.TECH.CD": 29791865521.0,
            "id": 608
        },
        {
            "IP.TMK.RESD": 14064.0,
            "IP.JRN.ARTC.SC": 7355.4,
            "BX.GSR.ROYL.CD": 268000000.0,
            "IP.PAT.RESD": 3203.0,
            "BM.GSR.ROYL.CD": 2407000000.0,
            "SP.POP.SCIE.RD.P6": 1597.54858320278,
            "TX.VAL.TECH.MF.ZS": 6.74425118773318,
            "GB.XPD.RSDV.GD.ZS": 0.675016270899594,
            "SP.POP.TECH.RD.P6": 188.984206426336,
            "IP.TMK.NRES": 918.0,
            "IP.PAT.NRES": 227.0,
            "TX.VAL.TECH.CD": 8378144403.0,
            "id": 616
        },
        {
            "IP.TMK.RESD": 16602.0,
            "IP.JRN.ARTC.SC": 4156.5,
            "BX.GSR.ROYL.CD": 60821239.2870523,
            "IP.PAT.RESD": 499.0,
            "BM.GSR.ROYL.CD": 538982645.16316,
            "SP.POP.SCIE.RD.P6": 4307.84133693967,
            "TX.VAL.TECH.MF.ZS": 3.3905996251066,
            "GB.XPD.RSDV.GD.ZS": 1.65519030854562,
            "SP.POP.TECH.RD.P6": 383.202771841506,
            "IP.TMK.NRES": 773.0,
            "IP.PAT.NRES": 46.0,
            "TX.VAL.TECH.CD": 1213464021.0,
            "id": 620
        },
        {
            "SP.POP.SCIE.RD.P6": 668.162839915856,
            "id": 630,
            "GB.XPD.RSDV.GD.ZS": 0.490277424762161
        },
        {
            "IP.TMK.RESD": 57.0,
            "IP.JRN.ARTC.SC": 64.2,
            "TX.VAL.TECH.MF.ZS": 0.0334760392245401,
            "IP.TMK.NRES": 664.0,
            "TX.VAL.TECH.CD": 865611.0,
            "id": 634
        },
        {
            "IP.TMK.RESD": 8753.0,
            "IP.JRN.ARTC.SC": 1366.6,
            "BX.GSR.ROYL.CD": 247000000.0,
            "IP.PAT.RESD": 1382.0,
            "BM.GSR.ROYL.CD": 483000000.0,
            "SP.POP.SCIE.RD.P6": 894.776619024025,
            "TX.VAL.TECH.MF.ZS": 10.9467792219552,
            "GB.XPD.RSDV.GD.ZS": 0.479754360960092,
            "SP.POP.TECH.RD.P6": 185.30711880675,
            "IP.TMK.NRES": 679.0,
            "IP.PAT.NRES": 36.0,
            "TX.VAL.TECH.CD": 4248559713.0,
            "id": 642
        },
        {
            "IP.TMK.RESD": 32735.0,
            "IP.JRN.ARTC.SC": 14016.2,
            "BX.GSR.ROYL.CD": 868050000.0,
            "IP.PAT.RESD": 28722.0,
            "BM.GSR.ROYL.CD": 6105370000.0,
            "SP.POP.SCIE.RD.P6": 3091.36301846505,
            "TX.VAL.TECH.MF.ZS": 8.8478750906391,
            "GB.XPD.RSDV.GD.ZS": 1.25259020859963,
            "SP.POP.TECH.RD.P6": 474.98296532551,
            "IP.TMK.NRES": 9824.0,
            "IP.PAT.NRES": 13778.0,
            "TX.VAL.TECH.CD": 5193355082.0,
            "id": 643
        },
        {
            "IP.TMK.RESD": 14.0,
            "IP.JRN.ARTC.SC": 11.7,
            "BX.GSR.ROYL.CD": 35940.8219383597,
            "IP.PAT.RESD": 1.0,
            "BM.GSR.ROYL.CD": 19711.6394455861,
            "SP.POP.SCIE.RD.P6": 11.9480859544528,
            "TX.VAL.TECH.MF.ZS": 5.94352737346178,
            "IP.TMK.NRES": 224.0,
            "IP.PAT.NRES": 4.0,
            "TX.VAL.TECH.CD": 910453.0,
            "id": 646
        },
        {
            "IP.TMK.RESD": 29.0,
            "IP.JRN.ARTC.SC": 0.0,
            "BX.GSR.ROYL.CD": 153843.898278151,
            "IP.PAT.RESD": 2.0,
            "BM.GSR.ROYL.CD": 213113.27834974,
            "TX.VAL.TECH.MF.ZS": 0.201235435563347,
            "IP.TMK.NRES": 130.0,
            "IP.PAT.NRES": 11.0,
            "TX.VAL.TECH.CD": 93742.0,
            "id": 882
        },
        {
            "IP.TMK.RESD": 63.0,
            "IP.JRN.ARTC.SC": 0.3,
            "IP.TMK.NRES": 111.0,
            "id": 674
        },
        {
            "IP.TMK.RESD": 0.0,
            "IP.JRN.ARTC.SC": 0.1,
            "TX.VAL.TECH.MF.ZS": 14.0259635542654,
            "IP.TMK.NRES": 128.0,
            "TX.VAL.TECH.CD": 41748.0,
            "id": 678
        },
        {
            "IP.TMK.RESD": 456.0,
            "IP.JRN.ARTC.SC": 710.2,
            "IP.PAT.RESD": 288.0,
            "TX.VAL.TECH.MF.ZS": 0.732879977738611,
            "GB.XPD.RSDV.GD.ZS": 0.084491029618859,
            "IP.TMK.NRES": 1883.0,
            "IP.PAT.NRES": 643.0,
            "TX.VAL.TECH.CD": 200938649.0,
            "id": 682
        },
        {
            "IP.JRN.ARTC.SC": 56.3,
            "BX.GSR.ROYL.CD": 1211443.24058308,
            "BM.GSR.ROYL.CD": 5827041.98720462,
            "SP.POP.SCIE.RD.P6": 384.054701049612,
            "TX.VAL.TECH.MF.ZS": 1.18908006060773,
            "GB.XPD.RSDV.GD.ZS": 0.371053080850293,
            "SP.POP.TECH.RD.P6": 52.5828058297177,
            "TX.VAL.TECH.CD": 9330993.0,
            "id": 686
        },
        {
            "IP.TMK.RESD": 1380.0,
            "IP.JRN.ARTC.SC": 1172.6,
            "BX.GSR.ROYL.CD": 56902140.7541627,
            "IP.PAT.RESD": 290.0,
            "BM.GSR.ROYL.CD": 183330205.353396,
            "SP.POP.SCIE.RD.P6": 1060.14349171289,
            "GB.XPD.RSDV.GD.ZS": 0.886144440497336,
            "SP.POP.TECH.RD.P6": 224.060644941247,
            "IP.TMK.NRES": 767.0,
            "IP.PAT.NRES": 39.0,
            "id": 688
        },
        {
            "IP.TMK.RESD": 16.0,
            "IP.JRN.ARTC.SC": 4.3,
            "BX.GSR.ROYL.CD": 1608993.33,
            "BM.GSR.ROYL.CD": 1241935.97782833,
            "SP.POP.SCIE.RD.P6": 155.664387580377,
            "TX.VAL.TECH.MF.ZS": 3.35080468848692,
            "GB.XPD.RSDV.GD.ZS": 0.314153466364946,
            "SP.POP.TECH.RD.P6": 634.631733981536,
            "IP.TMK.NRES": 196.0,
            "IP.PAT.NRES": 6.0,
            "TX.VAL.TECH.CD": 195490.0,
            "id": 690
        },
        {
            "IP.TMK.RESD": 25.0,
            "IP.JRN.ARTC.SC": 2.9,
            "BX.GSR.ROYL.CD": 933695.898726712,
            "IP.PAT.RESD": 1.0,
            "BM.GSR.ROYL.CD": 334281.858156637,
            "TX.VAL.TECH.MF.ZS": 31.0793222397408,
            "IP.TMK.NRES": 187.0,
            "IP.PAT.NRES": 5.0,
            "TX.VAL.TECH.CD": 960168.0,
            "id": 694
        },
        {
            "IP.TMK.RESD": 4331.0,
            "IP.JRN.ARTC.SC": 4186.8,
            "BX.GSR.ROYL.CD": 1866601484.25089,
            "IP.PAT.RESD": 895.0,
            "BM.GSR.ROYL.CD": 15857267841.7284,
            "SP.POP.SCIE.RD.P6": 5833.97733882959,
            "TX.VAL.TECH.MF.ZS": 49.9086554626224,
            "GB.XPD.RSDV.GD.ZS": 2.66021476242564,
            "SP.POP.TECH.RD.P6": 597.137681949015,
            "IP.TMK.NRES": 6715.0,
            "IP.PAT.NRES": 8878.0,
            "TX.VAL.TECH.CD": 126981502643.0,
            "id": 702
        },
        {
            "IP.TMK.RESD": 2236.0,
            "IP.JRN.ARTC.SC": 1000.4,
            "BX.GSR.ROYL.CD": 3868741.05477715,
            "IP.PAT.RESD": 234.0,
            "BM.GSR.ROYL.CD": 149038592.837487,
            "SP.POP.SCIE.RD.P6": 2437.65187176447,
            "TX.VAL.TECH.MF.ZS": 7.09399929431584,
            "GB.XPD.RSDV.GD.ZS": 0.480299708270496,
            "SP.POP.TECH.RD.P6": 344.866294152864,
            "IP.TMK.NRES": 738.0,
            "IP.PAT.NRES": 48.0,
            "TX.VAL.TECH.CD": 3921289763.0,
            "id": 703
        },
        {
            "IP.TMK.RESD": 1569.0,
            "IP.JRN.ARTC.SC": 1234.2,
            "BX.GSR.ROYL.CD": 87594196.443306,
            "IP.PAT.RESD": 442.0,
            "BM.GSR.ROYL.CD": 428070228.221587,
            "SP.POP.SCIE.RD.P6": 3678.78105175787,
            "TX.VAL.TECH.MF.ZS": 5.48711250437521,
            "GB.XPD.RSDV.GD.ZS": 1.85641905912339,
            "SP.POP.TECH.RD.P6": 1862.61141084168,
            "IP.TMK.NRES": 316.0,
            "IP.PAT.NRES": 11.0,
            "TX.VAL.TECH.CD": 1130745673.0,
            "id": 705
        },
        {
            "IP.JRN.ARTC.SC": 2.0,
            "BX.GSR.ROYL.CD": 13020.0231467091,
            "BM.GSR.ROYL.CD": 738655.460890398,
            "IP.TMK.NRES": 38.0,
            "IP.PAT.NRES": 2.0,
            "TX.VAL.TECH.CD": 0.0,
            "id": 90
        },
        {
            "IP.TMK.RESD": 10.0,
            "IP.JRN.ARTC.SC": 0.7,
            "IP.PAT.RESD": 1.0,
            "IP.TMK.NRES": 63.0,
            "IP.PAT.NRES": 7.0,
            "id": 706
        },
        {
            "IP.TMK.RESD": 18040.0,
            "IP.JRN.ARTC.SC": 2863.6,
            "BX.GSR.ROYL.CD": 65767203.9716953,
            "IP.PAT.RESD": 821.0,
            "BM.GSR.ROYL.CD": 2117898971.40398,
            "SP.POP.SCIE.RD.P6": 395.563188440419,
            "TX.VAL.TECH.MF.ZS": 4.2812086844729,
            "GB.XPD.RSDV.GD.ZS": 0.925229284577592,
            "SP.POP.TECH.RD.P6": 124.081787687115,
            "IP.TMK.NRES": 12509.0,
            "IP.PAT.NRES": 5562.0,
            "TX.VAL.TECH.CD": 1420049199.0,
            "id": 710
        },
        {
            "IP.TMK.RESD": 41766.0,
            "IP.JRN.ARTC.SC": 21542.6,
            "BX.GSR.ROYL.CD": 1065080142.68932,
            "IP.PAT.RESD": 3566.0,
            "BM.GSR.ROYL.CD": 2782412103.26179,
            "SP.POP.SCIE.RD.P6": 2931.83462690493,
            "TX.VAL.TECH.MF.ZS": 6.35735111792714,
            "GB.XPD.RSDV.GD.ZS": 1.38357361226817,
            "SP.POP.TECH.RD.P6": 1147.64993368886,
            "IP.TMK.NRES": 1598.0,
            "IP.PAT.NRES": 213.0,
            "TX.VAL.TECH.CD": 11290317379.0,
            "id": 724
        },
        {
            "IP.TMK.RESD": 3942.0,
            "IP.JRN.ARTC.SC": 134.9,
            "IP.PAT.RESD": 225.0,
            "SP.POP.SCIE.RD.P6": 96.318226041,
            "TX.VAL.TECH.MF.ZS": 1.02595127154623,
            "GB.XPD.RSDV.GD.ZS": 0.114443273298036,
            "SP.POP.TECH.RD.P6": 76.7322176016283,
            "IP.TMK.NRES": 2302.0,
            "IP.PAT.NRES": 235.0,
            "TX.VAL.TECH.CD": 56678418.0,
            "id": 144
        },
        {
            "IP.JRN.ARTC.SC": 1.7,
            "BX.GSR.ROYL.CD": 106296.296296296,
            "BM.GSR.ROYL.CD": 1622601.48148148,
            "TX.VAL.TECH.MF.ZS": 0.451769582470493,
            "TX.VAL.TECH.CD": 172089.0,
            "id": 659
        },
        {
            "IP.TMK.RESD": 54.0,
            "IP.JRN.ARTC.SC": 0.0,
            "BM.GSR.ROYL.CD": 4036906.71801478,
            "TX.VAL.TECH.MF.ZS": 16.8783306390878,
            "GB.XPD.RSDV.GD.ZS": 0.364403686549683,
            "IP.TMK.NRES": 538.0,
            "IP.PAT.NRES": 7.0,
            "TX.VAL.TECH.CD": 3965900.0,
            "id": 662
        },
        {
            "IP.JRN.ARTC.SC": 0.3,
            "BX.GSR.ROYL.CD": 300000.0,
            "BM.GSR.ROYL.CD": 3308069.62962963,
            "TX.VAL.TECH.MF.ZS": 0.155883559782335,
            "GB.XPD.RSDV.GD.ZS": 0.150127608467197,
            "IP.TMK.NRES": 124.0,
            "IP.PAT.NRES": 2.0,
            "TX.VAL.TECH.CD": 8506.0,
            "id": 670
        },
        {
            "IP.TMK.RESD": 1852.0,
            "IP.JRN.ARTC.SC": 63.0,
            "BX.GSR.ROYL.CD": 2880000.0,
            "IP.PAT.RESD": 3.0,
            "BM.GSR.ROYL.CD": 11380000.0,
            "TX.VAL.TECH.MF.ZS": 29.3692320462187,
            "GB.XPD.RSDV.GD.ZS": 0.28905477111251,
            "IP.TMK.NRES": 1503.0,
            "IP.PAT.NRES": 13.0,
            "TX.VAL.TECH.CD": 9624127.0,
            "id": 729
        },
        {
            "IP.TMK.RESD": 119.0,
            "IP.JRN.ARTC.SC": 1.1,
            "BX.GSR.ROYL.CD": 700000.0,
            "BM.GSR.ROYL.CD": 1229854.04697685,
            "TX.VAL.TECH.MF.ZS": 12.1413841904205,
            "IP.TMK.NRES": 451.0,
            "TX.VAL.TECH.CD": 4708574.0,
            "id": 740
        },
        {
            "IP.TMK.RESD": 3.0,
            "IP.JRN.ARTC.SC": 7.5,
            "BX.GSR.ROYL.CD": 259519.518747224,
            "BM.GSR.ROYL.CD": 16308752.9149571,
            "TX.VAL.TECH.MF.ZS": 0.115640868053804,
            "IP.TMK.NRES": 616.0,
            "IP.PAT.NRES": 47.0,
            "TX.VAL.TECH.CD": 876591.0,
            "id": 748
        },
        {
            "IP.TMK.RESD": 9915.0,
            "IP.JRN.ARTC.SC": 9477.8,
            "BX.GSR.ROYL.CD": 6323207409.17765,
            "IP.PAT.RESD": 2196.0,
            "BM.GSR.ROYL.CD": 1695110042.22649,
            "SP.POP.SCIE.RD.P6": 5017.55429803751,
            "TX.VAL.TECH.MF.ZS": 13.6580410923855,
            "GB.XPD.RSDV.GD.ZS": 3.62319333182484,
            "SP.POP.TECH.RD.P6": 2005.56109851564,
            "IP.TMK.NRES": 671.0,
            "IP.PAT.NRES": 353.0,
            "TX.VAL.TECH.CD": 16132910782.0,
            "id": 752
        },
        {
            "IP.TMK.RESD": 11063.0,
            "IP.JRN.ARTC.SC": 9469.2,
            "IP.PAT.RESD": 1622.0,
            "SP.POP.SCIE.RD.P6": 3319.82341951966,
            "TX.VAL.TECH.MF.ZS": 24.8448060680792,
            "GB.XPD.RSDV.GD.ZS": 2.99524643748243,
            "SP.POP.TECH.RD.P6": 2873.62469042165,
            "IP.TMK.NRES": 4399.0,
            "IP.PAT.NRES": 533.0,
            "TX.VAL.TECH.CD": 42819817958.0,
            "id": 756
        },
        {
            "IP.TMK.RESD": 214.0,
            "IP.JRN.ARTC.SC": 71.5,
            "BX.GSR.ROYL.CD": 1400000.0,
            "IP.PAT.RESD": 124.0,
            "BM.GSR.ROYL.CD": 36553806.3403062,
            "TX.VAL.TECH.MF.ZS": 1.80688037212788,
            "IP.TMK.NRES": 548.0,
            "IP.PAT.NRES": 133.0,
            "TX.VAL.TECH.CD": 85804121.0,
            "id": 760
        },
        {
            "IP.TMK.RESD": 194.0,
            "IP.JRN.ARTC.SC": 12.0,
            "BX.GSR.ROYL.CD": 713200.0,
            "IP.PAT.RESD": 7.0,
            "BM.GSR.ROYL.CD": 41400.0,
            "TX.VAL.TECH.MF.ZS": 41.7450495049505,
            "GB.XPD.RSDV.GD.ZS": 0.0857896523299229,
            "IP.TMK.NRES": 557.0,
            "IP.PAT.NRES": 3.0,
            "TX.VAL.TECH.CD": 37103000.0,
            "id": 762
        },
        {
            "IP.TMK.RESD": 47.0,
            "IP.JRN.ARTC.SC": 152.0,
            "BX.GSR.ROYL.CD": 122.0,
            "IP.PAT.RESD": 1.0,
            "BM.GSR.ROYL.CD": 400000.0,
            "TX.VAL.TECH.MF.ZS": 3.47834914652814,
            "GB.XPD.RSDV.GD.ZS": 0.434417357382413,
            "IP.TMK.NRES": 509.0,
            "IP.PAT.NRES": 23.0,
            "TX.VAL.TECH.CD": 24738032.0,
            "id": 834
        },
        {
            "IP.TMK.RESD": 24781.0,
            "IP.JRN.ARTC.SC": 2032.7,
            "BX.GSR.ROYL.CD": 153133790.340452,
            "IP.PAT.RESD": 1214.0,
            "BM.GSR.ROYL.CD": 3084272852.16719,
            "SP.POP.SCIE.RD.P6": 315.532740791992,
            "TX.VAL.TECH.MF.ZS": 24.0166045290998,
            "GB.XPD.RSDV.GD.ZS": 0.213781015336068,
            "SP.POP.TECH.RD.P6": 139.550077628695,
            "IP.TMK.NRES": 12875.0,
            "IP.PAT.NRES": 723.0,
            "TX.VAL.TECH.CD": 34156221484.0,
            "id": 764
        },
        {
            "TX.VAL.TECH.CD": 0.0,
            "TX.VAL.TECH.MF.ZS": 0.0,
            "id": 626
        },
        {
            "IP.JRN.ARTC.SC": 6.7,
            "BX.GSR.ROYL.CD": 12114.4324058308,
            "BM.GSR.ROYL.CD": 1645543.73512535,
            "SP.POP.SCIE.RD.P6": 38.211077639072,
            "TX.VAL.TECH.MF.ZS": 0.0579978182054853,
            "SP.POP.TECH.RD.P6": 18.3979262706643,
            "TX.VAL.TECH.CD": 100981.0,
            "id": 768
        },
        {
            "IP.TMK.RESD": 1.0,
            "IP.JRN.ARTC.SC": 1.3,
            "BM.GSR.ROYL.CD": 51187.5652335406,
            "TX.VAL.TECH.MF.ZS": 0.0387645947898462,
            "IP.TMK.NRES": 105.0,
            "TX.VAL.TECH.CD": 242.0,
            "id": 776
        },
        {
            "IP.TMK.RESD": 340.0,
            "IP.JRN.ARTC.SC": 47.7,
            "IP.PAT.RESD": 1.0,
            "BM.GSR.ROYL.CD": 206404.657124156,
            "TX.VAL.TECH.MF.ZS": 0.24331607871591,
            "GB.XPD.RSDV.GD.ZS": 0.0423546617915905,
            "IP.TMK.NRES": 1317.0,
            "IP.PAT.NRES": 280.0,
            "TX.VAL.TECH.CD": 3252578.0,
            "id": 780
        },
        {
            "IP.TMK.RESD": 984.0,
            "IP.JRN.ARTC.SC": 1022.4,
            "BX.GSR.ROYL.CD": 26424520.8187814,
            "IP.PAT.RESD": 56.0,
            "BM.GSR.ROYL.CD": 12075721.8795506,
            "SP.POP.SCIE.RD.P6": 1862.53485665771,
            "TX.VAL.TECH.MF.ZS": 4.8942275031461,
            "GB.XPD.RSDV.GD.ZS": 1.10434249931936,
            "SP.POP.TECH.RD.P6": 43.230794378045,
            "IP.TMK.NRES": 1900.0,
            "IP.PAT.NRES": 282.0,
            "TX.VAL.TECH.CD": 611161593.0,
            "id": 788
        },
        {
            "IP.TMK.RESD": 59819.0,
            "IP.JRN.ARTC.SC": 8300.9,
            "IP.PAT.RESD": 2555.0,
            "BM.GSR.ROYL.CD": 680000000.0,
            "SP.POP.SCIE.RD.P6": 803.919377127356,
            "TX.VAL.TECH.MF.ZS": 1.93410242946747,
            "GB.XPD.RSDV.GD.ZS": 0.849024215389113,
            "SP.POP.TECH.RD.P6": 122.115415075745,
            "IP.TMK.NRES": 3672.0,
            "IP.PAT.NRES": 177.0,
            "TX.VAL.TECH.CD": 1713837053.0,
            "id": 792
        },
        {
            "IP.TMK.RESD": 146.0,
            "IP.JRN.ARTC.SC": 0.5,
            "IP.PAT.RESD": 44.0,
            "TX.VAL.TECH.MF.ZS": 4.95214741080909,
            "IP.TMK.NRES": 380.0,
            "IP.PAT.NRES": 5.0,
            "TX.VAL.TECH.CD": 8537806.0,
            "id": 795
        },
        {
            "TX.VAL.TECH.CD": 88533.0,
            "TX.VAL.TECH.MF.ZS": 9.20731140918446,
            "id": 796
        },
        {
            "TX.VAL.TECH.CD": 3700.0,
            "IP.TMK.NRES": 54.0,
            "TX.VAL.TECH.MF.ZS": 14.9803635774728,
            "id": 798,
            "IP.JRN.ARTC.SC": 0.0
        },
        {
            "IP.TMK.RESD": 26.0,
            "IP.JRN.ARTC.SC": 143.2,
            "BX.GSR.ROYL.CD": 28638393.808456,
            "IP.PAT.RESD": 6.0,
            "BM.GSR.ROYL.CD": 8275720.30111908,
            "TX.VAL.TECH.MF.ZS": 2.37090443834005,
            "GB.XPD.RSDV.GD.ZS": 0.411578905705007,
            "IP.TMK.NRES": 223.0,
            "IP.PAT.NRES": 1.0,
            "TX.VAL.TECH.CD": 6238424.0,
            "id": 800
        },
        {
            "IP.TMK.RESD": 16711.0,
            "IP.JRN.ARTC.SC": 1638.9,
            "BX.GSR.ROYL.CD": 107000000.0,
            "IP.PAT.RESD": 2556.0,
            "BM.GSR.ROYL.CD": 746000000.0,
            "SP.POP.SCIE.RD.P6": 1353.12668639906,
            "TX.VAL.TECH.MF.ZS": 4.33627219137202,
            "GB.XPD.RSDV.GD.ZS": 0.856435388599051,
            "SP.POP.TECH.RD.P6": 287.918563290263,
            "IP.TMK.NRES": 3892.0,
            "IP.PAT.NRES": 2756.0,
            "TX.VAL.TECH.CD": 1441024225.0,
            "id": 804
        },
        {
            "TX.VAL.TECH.CD": 50474248.0,
            "TX.VAL.TECH.MF.ZS": 3.20278543864225,
            "id": 784,
            "IP.JRN.ARTC.SC": 264.8
        },
        {
            "IP.TMK.RESD": 26792.0,
            "IP.JRN.ARTC.SC": 45648.8,
            "BX.GSR.ROYL.CD": 14174437312.0651,
            "IP.PAT.RESD": 15490.0,
            "BM.GSR.ROYL.CD": 10651057674.913,
            "SP.POP.SCIE.RD.P6": 3794.15551432831,
            "TX.VAL.TECH.MF.ZS": 20.9003248781699,
            "GB.XPD.RSDV.GD.ZS": 1.82433985316617,
            "SP.POP.TECH.RD.P6": 837.045585298886,
            "IP.TMK.NRES": 5289.0,
            "IP.PAT.NRES": 6439.0,
            "TX.VAL.TECH.CD": 59446725551.0,
            "id": 826
        },
        {
            "IP.TMK.RESD": 236826.0,
            "IP.JRN.ARTC.SC": 208600.8,
            "BX.GSR.ROYL.CD": 120619000000.0,
            "IP.PAT.RESD": 241977.0,
            "BM.GSR.ROYL.CD": 36580000000.0,
            "SP.POP.SCIE.RD.P6": 4673.20848708636,
            "TX.VAL.TECH.MF.ZS": 19.9343859606027,
            "GB.XPD.RSDV.GD.ZS": 2.78517720624751,
            "IP.TMK.NRES": 30742.0,
            "IP.PAT.NRES": 248249.0,
            "TX.VAL.TECH.CD": 145497804512.0,
            "id": 840
        },
        {
            "IP.TMK.RESD": 2430.0,
            "IP.JRN.ARTC.SC": 246.2,
            "BX.GSR.ROYL.CD": 201000.0,
            "IP.PAT.RESD": 23.0,
            "BM.GSR.ROYL.CD": 26557142.3963474,
            "SP.POP.SCIE.RD.P6": 346.088290769156,
            "TX.VAL.TECH.MF.ZS": 5.79957251256142,
            "GB.XPD.RSDV.GD.ZS": 0.661363404513235,
            "IP.TMK.NRES": 3300.0,
            "IP.PAT.NRES": 761.0,
            "TX.VAL.TECH.CD": 78849669.0,
            "id": 858
        },
        {
            "IP.TMK.RESD": 1750.0,
            "IP.JRN.ARTC.SC": 139.2,
            "IP.PAT.RESD": 370.0,
            "IP.TMK.NRES": 627.0,
            "IP.PAT.NRES": 262.0,
            "id": 860
        },
        {
            "IP.JRN.ARTC.SC": 3.6,
            "BX.GSR.ROYL.CD": 179059.913804354,
            "BM.GSR.ROYL.CD": 248618.890024797,
            "TX.VAL.TECH.MF.ZS": 2.01735635730699,
            "TX.VAL.TECH.CD": 53871.0,
            "id": 548
        },
        {
            "IP.TMK.RESD": 13313.0,
            "IP.JRN.ARTC.SC": 353.5,
            "IP.PAT.RESD": 56.0,
            "BM.GSR.ROYL.CD": 364000000.0,
            "SP.POP.SCIE.RD.P6": 182.644315920599,
            "TX.VAL.TECH.MF.ZS": 5.05221964133165,
            "IP.TMK.NRES": 10390.0,
            "IP.PAT.NRES": 2292.0,
            "TX.VAL.TECH.CD": 145232232.0,
            "id": 862
        },
        {
            "IP.TMK.RESD": 21214.0,
            "IP.JRN.ARTC.SC": 326.2,
            "IP.PAT.RESD": 306.0,
            "SP.POP.SCIE.RD.P6": 115.874876747851,
            "TX.VAL.TECH.MF.ZS": 6.21247845995018,
            "GB.XPD.RSDV.GD.ZS": 0.192759912145866,
            "IP.TMK.NRES": 6720.0,
            "IP.PAT.NRES": 3276.0,
            "TX.VAL.TECH.CD": 2100571972.0,
            "id": 704
        },
        {
            "BM.GSR.ROYL.CD": 292307.758274208,
            "SP.POP.SCIE.RD.P6": 144.250143486915,
            "SP.POP.TECH.RD.P6": 26.9172250901988,
            "id": 275,
            "BX.GSR.ROYL.CD": 5515112.07289295
        },
        {
            "IP.TMK.RESD": 2080.0,
            "IP.JRN.ARTC.SC": 25.4,
            "BX.GSR.ROYL.CD": 33420000.0,
            "IP.PAT.RESD": 20.0,
            "BM.GSR.ROYL.CD": 4800000.0,
            "TX.VAL.TECH.MF.ZS": 0.374468144548375,
            "IP.TMK.NRES": 2085.0,
            "IP.PAT.NRES": 55.0,
            "TX.VAL.TECH.CD": 376375.0,
            "id": 887
        },
        {
            "IP.TMK.RESD": 213.0,
            "IP.JRN.ARTC.SC": 34.9,
            "IP.PAT.RESD": 6.0,
            "BM.GSR.ROYL.CD": 5300000.0,
            "SP.POP.SCIE.RD.P6": 43.2969950916071,
            "TX.VAL.TECH.MF.ZS": 0.955027105097219,
            "GB.XPD.RSDV.GD.ZS": 0.340333529841287,
            "SP.POP.TECH.RD.P6": 66.96494203534,
            "IP.TMK.NRES": 582.0,
            "IP.PAT.NRES": 25.0,
            "TX.VAL.TECH.CD": 4295755.0,
            "id": 894
        },
        {
            "IP.TMK.RESD": 1.0,
            "IP.JRN.ARTC.SC": 56.1,
            "BX.GSR.ROYL.CD": 603115.902336422,
            "IP.PAT.RESD": 28.0,
            "BM.GSR.ROYL.CD": 6029681.36741737,
            "TX.VAL.TECH.MF.ZS": 0.843400923569476,
            "IP.TMK.NRES": 1779.0,
            "IP.PAT.NRES": 122.0,
            "TX.VAL.TECH.CD": 8945808.0,
            "id": 716
        }
    ],
    "id": "science-and-tech",
    "metadata": [
        {
            "Data_Item": "id",
            "Item_Description": "ISO 3166-1 numeric country code"
        },
        {
            "Data_Item": "TX.VAL.TECH.MF.ZS",
            "Item_Description": "High-technology exports (% of manufactured exports)"
        },
        {
            "Data_Item": "TX.VAL.TECH.CD",
            "Item_Description": "High-technology exports (current US$)"
        },
        {
            "Data_Item": "IP.PAT.NRES",
            "Item_Description": "Patent applications, nonresidents"
        },
        {
            "Data_Item": "IP.PAT.RESD",
            "Item_Description": "Patent applications, residents"
        },
        {
            "Data_Item": "GB.XPD.RSDV.GD.ZS",
            "Item_Description": "Research and development expenditure (% of GDP)"
        },
        {
            "Data_Item": "SP.POP.SCIE.RD.P6",
            "Item_Description": "Researchers in R&D (per million people)"
        },
        {
            "Data_Item": "BM.GSR.ROYL.CD",
            "Item_Description": "Royalty and license fees, payments (BoP, current US$)"
        },
        {
            "Data_Item": "BX.GSR.ROYL.CD",
            "Item_Description": "Royalty and license fees, receipts (BoP, current US$)"
        },
        {
            "Data_Item": "IP.JRN.ARTC.SC",
            "Item_Description": "Scientific and technical journal articles"
        },
        {
            "Data_Item": "SP.POP.TECH.RD.P6",
            "Item_Description": "Technicians in R&D (per million people)"
        },
        {
            "Data_Item": "IP.TMK.NRES",
            "Item_Description": "Trademark applications, direct nonresident"
        },
        {
            "Data_Item": "IP.TMK.RESD",
            "Item_Description": "Trademark applications, direct resident"
        }
    ]
}